option_idx,order_id,route_id,prod_week,delivery_week,margin,value,reduced_cost
0,CMD-001,HDG_CRMA_LGA,1,1,1053974.403253089,0.0,1053974.4
1,CMD-001,HDG_CRMA_LGA,1,2,825554.4032530889,0.0,825554.4
2,CMD-001,HDG_CRMA_LGA,1,3,597134.4032530889,0.0,597134.4
3,CMD-001,HDG_CRMA_LGA,1,4,368714.40325308894,0.0,368714.4
4,CMD-001,HDG_CRMA_LGA,1,2,842474.4032530889,0.0,831283.93
5,CMD-001,HDG_CRMA_LGA,1,3,614054.4032530889,0.0,602863.93
6,CMD-001,HDG_CRMA_LGA,1,4,385634.40325308894,0.0,374443.93
7,CMD-001,HDG_CRMA_LGA,1,3,630974.4032530889,0.0,608593.45
8,CMD-001,HDG_CRMA_LGA,1,4,402554.40325308894,0.0,380173.45
9,CMD-001,HDG_CRMA_LGA,1,4,419474.40325308894,0.0,385902.97
10,CMD-001,HDG_CRMA_LGA,1,2,842474.4032530889,0.0,842474.4
11,CMD-001,HDG_CRMA_LGA,1,3,614054.4032530889,0.0,614054.4
12,CMD-001,HDG_CRMA_LGA,1,4,385634.40325308894,0.0,385634.4
13,CMD-001,HDG_CRMA_LGA,1,3,630974.4032530889,0.0,619783.93
14,CMD-001,HDG_CRMA_LGA,1,4,402554.40325308894,0.0,391363.93
15,CMD-001,HDG_CRMA_LGA,1,4,419474.40325308894,0.0,397093.45
16,CMD-001,HDG_CRMA_LGA,1,3,630974.4032530889,0.0,630974.4
17,CMD-001,HDG_CRMA_LGA,1,4,402554.40325308894,0.0,402554.4
18,CMD-001,HDG_CRMA_LGA,1,4,419474.40325308894,0.0,408283.93
19,CMD-001,HDG_CRMA_LGA,1,4,419474.40325308894,0.0,419474.4
20,CMD-001,HDG_CRMA_LGA,2,2,842474.4032530889,0.0,842474.4
21,CMD-001,HDG_CRMA_LGA,2,3,614054.4032530889,0.0,614054.4
22,CMD-001,HDG_CRMA_LGA,2,4,385634.40325308894,0.0,385634.4
23,CMD-001,HDG_CRMA_LGA,2,3,630974.4032530889,0.0,619783.93
24,CMD-001,HDG_CRMA_LGA,2,4,402554.40325308894,0.0,391363.93
25,CMD-001,HDG_CRMA_LGA,2,4,419474.40325308894,0.0,397093.45
26,CMD-001,HDG_CRMA_LGA,2,3,630974.4032530889,0.0,630974.4
27,CMD-001,HDG_CRMA_LGA,2,4,402554.40325308894,0.0,402554.4
28,CMD-001,HDG_CRMA_LGA,2,4,419474.40325308894,0.0,408283.93
29,CMD-001,HDG_CRMA_LGA,2,4,419474.40325308894,0.0,419474.4
30,CMD-001,HDG_CRMA_LGA,3,3,630974.4032530889,0.0,630974.4
31,CMD-001,HDG_CRMA_LGA,3,4,402554.40325308894,0.0,402554.4
32,CMD-001,HDG_CRMA_LGA,3,4,419474.40325308894,0.0,408283.93
33,CMD-001,HDG_CRMA_LGA,3,4,419474.40325308894,0.0,419474.4
34,CMD-001,HDG_CRMA_LGA,4,4,419474.40325308894,0.0,419474.4
35,CMD-001,HDG_CRMB_LGA,1,1,1075407.7261130998,0.0,1075407.7
36,CMD-001,HDG_CRMB_LGA,1,2,846987.7261130998,0.0,846987.73
37,CMD-001,HDG_CRMB_LGA,1,3,618567.7261130998,0.0,618567.73
38,CMD-001,HDG_CRMB_LGA,1,4,390147.72611309984,0.0,390147.73
39,CMD-001,HDG_CRMB_LGA,1,2,863907.7261130998,0.0,852717.25
40,CMD-001,HDG_CRMB_LGA,1,3,635487.7261130998,0.0,624297.25
41,CMD-001,HDG_CRMB_LGA,1,4,407067.72611309984,0.0,395877.25
42,CMD-001,HDG_CRMB_LGA,1,3,652407.7261130998,0.0,630026.77
43,CMD-001,HDG_CRMB_LGA,1,4,423987.72611309984,0.0,401606.77
44,CMD-001,HDG_CRMB_LGA,1,4,440907.72611309984,0.0,407336.3
45,CMD-001,HDG_CRMB_LGA,1,2,863907.7261130998,0.0,863907.73
46,CMD-001,HDG_CRMB_LGA,1,3,635487.7261130998,0.0,635487.73
47,CMD-001,HDG_CRMB_LGA,1,4,407067.72611309984,0.0,407067.73
48,CMD-001,HDG_CRMB_LGA,1,3,652407.7261130998,0.0,641217.25
49,CMD-001,HDG_CRMB_LGA,1,4,423987.72611309984,0.0,412797.25
50,CMD-001,HDG_CRMB_LGA,1,4,440907.72611309984,0.0,418526.77
51,CMD-001,HDG_CRMB_LGA,1,3,652407.7261130998,0.0,652407.73
52,CMD-001,HDG_CRMB_LGA,1,4,423987.72611309984,0.0,423987.73
53,CMD-001,HDG_CRMB_LGA,1,4,440907.72611309984,0.0,429717.25
54,CMD-001,HDG_CRMB_LGA,1,4,440907.72611309984,0.0,440907.73
55,CMD-001,HDG_CRMB_LGA,2,2,863907.7261130998,1.0,863907.73
56,CMD-001,HDG_CRMB_LGA,2,3,635487.7261130998,0.0,635487.73
57,CMD-001,HDG_CRMB_LGA,2,4,407067.72611309984,0.0,407067.73
58,CMD-001,HDG_CRMB_LGA,2,3,652407.7261130998,0.0,641217.25
59,CMD-001,HDG_CRMB_LGA,2,4,423987.72611309984,0.0,412797.25
60,CMD-001,HDG_CRMB_LGA,2,4,440907.72611309984,0.0,418526.77
61,CMD-001,HDG_CRMB_LGA,2,3,652407.7261130998,0.0,652407.73
62,CMD-001,HDG_CRMB_LGA,2,4,423987.72611309984,0.0,423987.73
63,CMD-001,HDG_CRMB_LGA,2,4,440907.72611309984,0.0,429717.25
64,CMD-001,HDG_CRMB_LGA,2,4,440907.72611309984,0.0,440907.73
65,CMD-001,HDG_CRMB_LGA,3,3,652407.7261130998,0.0,652407.73
66,CMD-001,HDG_CRMB_LGA,3,4,423987.72611309984,0.0,423987.73
67,CMD-001,HDG_CRMB_LGA,3,4,440907.72611309984,0.0,429717.25
68,CMD-001,HDG_CRMB_LGA,3,4,440907.72611309984,0.0,440907.73
69,CMD-001,HDG_CRMB_LGA,4,4,440907.72611309984,0.0,440907.73
70,CMD-003,HDG_CRMA_LGB,1,1,1109489.3642632393,0.0,1109489.4
71,CMD-003,HDG_CRMA_LGB,1,2,811409.3642632393,0.0,811409.36
72,CMD-003,HDG_CRMA_LGB,1,3,513329.3642632393,0.0,513329.36
73,CMD-003,HDG_CRMA_LGB,1,4,215249.36426323932,0.0,215249.36
74,CMD-003,HDG_CRMA_LGB,1,2,833489.3642632393,0.0,818963.05
75,CMD-003,HDG_CRMA_LGB,1,3,535409.3642632393,0.0,520883.05
76,CMD-003,HDG_CRMA_LGB,1,4,237329.36426323932,0.0,222803.05
77,CMD-003,HDG_CRMA_LGB,1,3,557489.3642632393,0.0,528436.73
78,CMD-003,HDG_CRMA_LGB,1,4,259409.36426323932,0.0,230356.73
79,CMD-003,HDG_CRMA_LGB,1,4,281489.3642632393,0.0,237910.42
80,CMD-003,HDG_CRMA_LGB,1,2,833489.3642632393,0.0,833489.36
81,CMD-003,HDG_CRMA_LGB,1,3,535409.3642632393,0.0,535409.36
82,CMD-003,HDG_CRMA_LGB,1,4,237329.36426323932,0.0,237329.36
83,CMD-003,HDG_CRMA_LGB,1,3,557489.3642632393,0.0,542963.05
84,CMD-003,HDG_CRMA_LGB,1,4,259409.36426323932,0.0,244883.05
85,CMD-003,HDG_CRMA_LGB,1,4,281489.3642632393,0.0,252436.73
86,CMD-003,HDG_CRMA_LGB,1,3,557489.3642632393,0.0,557489.36
87,CMD-003,HDG_CRMA_LGB,1,4,259409.36426323932,0.0,259409.36
88,CMD-003,HDG_CRMA_LGB,1,4,281489.3642632393,0.0,266963.05
89,CMD-003,HDG_CRMA_LGB,1,4,281489.3642632393,0.0,281489.36
90,CMD-003,HDG_CRMA_LGB,2,2,833489.3642632393,0.0,833489.36
91,CMD-003,HDG_CRMA_LGB,2,3,535409.3642632393,0.0,535409.36
92,CMD-003,HDG_CRMA_LGB,2,4,237329.36426323932,0.0,237329.36
93,CMD-003,HDG_CRMA_LGB,2,3,557489.3642632393,0.0,542963.05
94,CMD-003,HDG_CRMA_LGB,2,4,259409.36426323932,0.0,244883.05
95,CMD-003,HDG_CRMA_LGB,2,4,281489.3642632393,0.0,252436.73
96,CMD-003,HDG_CRMA_LGB,2,3,557489.3642632393,0.0,557489.36
97,CMD-003,HDG_CRMA_LGB,2,4,259409.36426323932,0.0,259409.36
98,CMD-003,HDG_CRMA_LGB,2,4,281489.3642632393,0.0,266963.05
99,CMD-003,HDG_CRMA_LGB,2,4,281489.3642632393,0.0,281489.36
100,CMD-003,HDG_CRMA_LGB,3,3,557489.3642632393,0.0,557489.36
101,CMD-003,HDG_CRMA_LGB,3,4,259409.36426323932,0.0,259409.36
102,CMD-003,HDG_CRMA_LGB,3,4,281489.3642632393,0.0,266963.05
103,CMD-003,HDG_CRMA_LGB,3,4,281489.3642632393,0.0,281489.36
104,CMD-003,HDG_CRMA_LGB,4,4,281489.3642632393,0.0,281489.36
105,CMD-003,HDG_CRMB_LGB,1,1,1133740.2629281878,1.0,1133740.3
106,CMD-003,HDG_CRMB_LGB,1,2,835660.2629281878,0.0,835660.26
107,CMD-003,HDG_CRMB_LGB,1,3,537580.2629281878,0.0,537580.26
108,CMD-003,HDG_CRMB_LGB,1,4,239500.26292818785,0.0,239500.26
109,CMD-003,HDG_CRMB_LGB,1,2,857740.2629281878,0.0,843213.95
110,CMD-003,HDG_CRMB_LGB,1,3,559660.2629281878,0.0,545133.95
111,CMD-003,HDG_CRMB_LGB,1,4,261580.26292818785,0.0,247053.95
112,CMD-003,HDG_CRMB_LGB,1,3,581740.2629281878,0.0,552687.63
113,CMD-003,HDG_CRMB_LGB,1,4,283660.26292818785,0.0,254607.63
114,CMD-003,HDG_CRMB_LGB,1,4,305740.26292818785,0.0,262161.32
115,CMD-003,HDG_CRMB_LGB,1,2,857740.2629281878,0.0,857740.26
116,CMD-003,HDG_CRMB_LGB,1,3,559660.2629281878,0.0,559660.26
117,CMD-003,HDG_CRMB_LGB,1,4,261580.26292818785,0.0,261580.26
118,CMD-003,HDG_CRMB_LGB,1,3,581740.2629281878,0.0,567213.95
119,CMD-003,HDG_CRMB_LGB,1,4,283660.26292818785,0.0,269133.95
120,CMD-003,HDG_CRMB_LGB,1,4,305740.26292818785,0.0,276687.63
121,CMD-003,HDG_CRMB_LGB,1,3,581740.2629281878,0.0,581740.26
122,CMD-003,HDG_CRMB_LGB,1,4,283660.26292818785,0.0,283660.26
123,CMD-003,HDG_CRMB_LGB,1,4,305740.26292818785,0.0,291213.95
124,CMD-003,HDG_CRMB_LGB,1,4,305740.26292818785,0.0,305740.26
125,CMD-003,HDG_CRMB_LGB,2,2,857740.2629281878,0.0,857740.26
126,CMD-003,HDG_CRMB_LGB,2,3,559660.2629281878,0.0,559660.26
127,CMD-003,HDG_CRMB_LGB,2,4,261580.26292818785,0.0,261580.26
128,CMD-003,HDG_CRMB_LGB,2,3,581740.2629281878,0.0,567213.95
129,CMD-003,HDG_CRMB_LGB,2,4,283660.26292818785,0.0,269133.95
130,CMD-003,HDG_CRMB_LGB,2,4,305740.26292818785,0.0,276687.63
131,CMD-003,HDG_CRMB_LGB,2,3,581740.2629281878,0.0,581740.26
132,CMD-003,HDG_CRMB_LGB,2,4,283660.26292818785,0.0,283660.26
133,CMD-003,HDG_CRMB_LGB,2,4,305740.26292818785,0.0,291213.95
134,CMD-003,HDG_CRMB_LGB,2,4,305740.26292818785,0.0,305740.26
135,CMD-003,HDG_CRMB_LGB,3,3,581740.2629281878,0.0,581740.26
136,CMD-003,HDG_CRMB_LGB,3,4,283660.26292818785,0.0,283660.26
137,CMD-003,HDG_CRMB_LGB,3,4,305740.26292818785,0.0,291213.95
138,CMD-003,HDG_CRMB_LGB,3,4,305740.26292818785,0.0,305740.26
139,CMD-003,HDG_CRMB_LGB,4,4,305740.26292818785,0.0,305740.26
140,CMD-004,CRC_CRMB_BAF_SKP,1,1,170636.15681807825,1.0,170636.16
141,CMD-004,CRC_CRMB_BAF_SKP,1,2,147836.15681807825,0.0,154961.16
142,CMD-004,CRC_CRMB_BAF_SKP,1,3,125036.15681807825,0.0,129786.16
143,CMD-004,CRC_CRMB_BAF_SKP,1,4,102236.15681807825,0.0,104611.16
144,CMD-004,CRC_CRMB_BAF_SKP,1,2,151636.15681807825,0.0,149249.22
145,CMD-004,CRC_CRMB_BAF_SKP,1,3,128836.15681807825,0.0,124074.22
146,CMD-004,CRC_CRMB_BAF_SKP,1,4,106036.15681807825,0.0,98899.222
147,CMD-004,CRC_CRMB_BAF_SKP,1,3,132636.15681807825,0.0,127862.29
148,CMD-004,CRC_CRMB_BAF_SKP,1,4,109836.15681807825,0.0,102687.29
149,CMD-004,CRC_CRMB_BAF_SKP,1,4,113636.15681807825,0.0,106475.35
150,CMD-004,CRC_CRMB_BAF_SKP,1,2,151636.15681807825,0.0,149225.11
151,CMD-004,CRC_CRMB_BAF_SKP,1,3,128836.15681807825,0.0,124050.11
152,CMD-004,CRC_CRMB_BAF_SKP,1,4,106036.15681807825,0.0,98875.112
153,CMD-004,CRC_CRMB_BAF_SKP,1,3,132636.15681807825,0.0,127838.18
154,CMD-004,CRC_CRMB_BAF_SKP,1,4,109836.15681807825,0.0,102663.18
155,CMD-004,CRC_CRMB_BAF_SKP,1,4,113636.15681807825,0.0,106451.24
156,CMD-004,CRC_CRMB_BAF_SKP,1,3,132636.15681807825,0.0,127814.07
157,CMD-004,CRC_CRMB_BAF_SKP,1,4,109836.15681807825,0.0,102639.07
158,CMD-004,CRC_CRMB_BAF_SKP,1,4,113636.15681807825,0.0,106427.13
159,CMD-004,CRC_CRMB_BAF_SKP,1,4,113636.15681807825,0.0,106403.02
160,CMD-004,CRC_CRMB_BAF_SKP,1,2,151636.15681807825,0.0,151636.16
161,CMD-004,CRC_CRMB_BAF_SKP,1,3,128836.15681807825,0.0,126461.16
162,CMD-004,CRC_CRMB_BAF_SKP,1,4,106036.15681807825,0.0,101286.16
163,CMD-004,CRC_CRMB_BAF_SKP,1,3,132636.15681807825,0.0,130249.22
164,CMD-004,CRC_CRMB_BAF_SKP,1,4,109836.15681807825,0.0,105074.22
165,CMD-004,CRC_CRMB_BAF_SKP,1,4,113636.15681807825,0.0,108862.29
166,CMD-004,CRC_CRMB_BAF_SKP,1,3,132636.15681807825,0.0,130225.11
167,CMD-004,CRC_CRMB_BAF_SKP,1,4,109836.15681807825,0.0,105050.11
168,CMD-004,CRC_CRMB_BAF_SKP,1,4,113636.15681807825,0.0,108838.18
169,CMD-004,CRC_CRMB_BAF_SKP,1,4,113636.15681807825,0.0,108814.07
170,CMD-004,CRC_CRMB_BAF_SKP,1,3,132636.15681807825,0.0,132636.16
171,CMD-004,CRC_CRMB_BAF_SKP,1,4,109836.15681807825,0.0,107461.16
172,CMD-004,CRC_CRMB_BAF_SKP,1,4,113636.15681807825,0.0,111249.22
173,CMD-004,CRC_CRMB_BAF_SKP,1,4,113636.15681807825,0.0,111225.11
174,CMD-004,CRC_CRMB_BAF_SKP,1,4,113636.15681807825,0.0,113636.16
175,CMD-004,CRC_CRMB_BAF_SKP,2,2,151636.15681807825,0.0,151636.16
176,CMD-004,CRC_CRMB_BAF_SKP,2,3,128836.15681807825,0.0,126461.16
177,CMD-004,CRC_CRMB_BAF_SKP,2,4,106036.15681807825,0.0,101286.16
178,CMD-004,CRC_CRMB_BAF_SKP,2,3,132636.15681807825,0.0,130249.22
179,CMD-004,CRC_CRMB_BAF_SKP,2,4,109836.15681807825,0.0,105074.22
180,CMD-004,CRC_CRMB_BAF_SKP,2,4,113636.15681807825,0.0,108862.29
181,CMD-004,CRC_CRMB_BAF_SKP,2,3,132636.15681807825,0.0,130225.11
182,CMD-004,CRC_CRMB_BAF_SKP,2,4,109836.15681807825,0.0,105050.11
183,CMD-004,CRC_CRMB_BAF_SKP,2,4,113636.15681807825,0.0,108838.18
184,CMD-004,CRC_CRMB_BAF_SKP,2,4,113636.15681807825,0.0,108814.07
185,CMD-004,CRC_CRMB_BAF_SKP,2,3,132636.15681807825,0.0,132636.16
186,CMD-004,CRC_CRMB_BAF_SKP,2,4,109836.15681807825,0.0,107461.16
187,CMD-004,CRC_CRMB_BAF_SKP,2,4,113636.15681807825,0.0,111249.22
188,CMD-004,CRC_CRMB_BAF_SKP,2,4,113636.15681807825,0.0,111225.11
189,CMD-004,CRC_CRMB_BAF_SKP,2,4,113636.15681807825,0.0,113636.16
190,CMD-004,CRC_CRMB_BAF_SKP,3,3,132636.15681807825,0.0,132636.16
191,CMD-004,CRC_CRMB_BAF_SKP,3,4,109836.15681807825,0.0,107461.16
192,CMD-004,CRC_CRMB_BAF_SKP,3,4,113636.15681807825,0.0,111249.22
193,CMD-004,CRC_CRMB_BAF_SKP,3,4,113636.15681807825,0.0,111225.11
194,CMD-004,CRC_CRMB_BAF_SKP,3,4,113636.15681807825,0.0,113636.16
195,CMD-004,CRC_CRMB_BAF_SKP,4,4,113636.15681807825,0.0,113636.16
196,CMD-006,PPGI_CRMA_LGA,1,1,663306.6635354534,0.0,663306.66
197,CMD-006,PPGI_CRMA_LGA,1,2,626346.6635354534,0.0,626346.66
198,CMD-006,PPGI_CRMA_LGA,1,3,589386.6635354534,0.0,589386.66
199,CMD-006,PPGI_CRMA_LGA,1,4,552426.6635354534,0.0,552426.66
200,CMD-006,PPGI_CRMA_LGA,1,2,632506.6635354534,0.0,628432.59
201,CMD-006,PPGI_CRMA_LGA,1,3,595546.6635354534,0.0,591472.59
202,CMD-006,PPGI_CRMA_LGA,1,4,558586.6635354534,0.0,554512.59
203,CMD-006,PPGI_CRMA_LGA,1,3,601706.6635354534,0.0,593558.52
204,CMD-006,PPGI_CRMA_LGA,1,4,564746.6635354534,0.0,556598.52
205,CMD-006,PPGI_CRMA_LGA,1,4,570906.6635354534,0.0,558684.44
206,CMD-006,PPGI_CRMA_LGA,1,2,632506.6635354534,0.0,632506.66
207,CMD-006,PPGI_CRMA_LGA,1,3,595546.6635354534,0.0,595546.66
208,CMD-006,PPGI_CRMA_LGA,1,4,558586.6635354534,0.0,558586.66
209,CMD-006,PPGI_CRMA_LGA,1,3,601706.6635354534,0.0,597632.59
210,CMD-006,PPGI_CRMA_LGA,1,4,564746.6635354534,0.0,560672.59
211,CMD-006,PPGI_CRMA_LGA,1,4,570906.6635354534,0.0,562758.52
212,CMD-006,PPGI_CRMA_LGA,1,3,601706.6635354534,0.0,601706.66
213,CMD-006,PPGI_CRMA_LGA,1,4,564746.6635354534,0.0,564746.66
214,CMD-006,PPGI_CRMA_LGA,1,4,570906.6635354534,0.0,566832.59
215,CMD-006,PPGI_CRMA_LGA,1,4,570906.6635354534,0.0,570906.66
216,CMD-006,PPGI_CRMA_LGA,2,2,632506.6635354534,0.0,632506.66
217,CMD-006,PPGI_CRMA_LGA,2,3,595546.6635354534,0.0,595546.66
218,CMD-006,PPGI_CRMA_LGA,2,4,558586.6635354534,0.0,558586.66
219,CMD-006,PPGI_CRMA_LGA,2,3,601706.6635354534,0.0,597632.59
220,CMD-006,PPGI_CRMA_LGA,2,4,564746.6635354534,0.0,560672.59
221,CMD-006,PPGI_CRMA_LGA,2,4,570906.6635354534,0.0,562758.52
222,CMD-006,PPGI_CRMA_LGA,2,3,601706.6635354534,0.0,601706.66
223,CMD-006,PPGI_CRMA_LGA,2,4,564746.6635354534,0.0,564746.66
224,CMD-006,PPGI_CRMA_LGA,2,4,570906.6635354534,0.0,566832.59
225,CMD-006,PPGI_CRMA_LGA,2,4,570906.6635354534,0.0,570906.66
226,CMD-006,PPGI_CRMA_LGA,3,3,601706.6635354534,0.0,601706.66
227,CMD-006,PPGI_CRMA_LGA,3,4,564746.6635354534,0.0,564746.66
228,CMD-006,PPGI_CRMA_LGA,3,4,570906.6635354534,0.0,566832.59
229,CMD-006,PPGI_CRMA_LGA,3,4,570906.6635354534,0.0,570906.66
230,CMD-006,PPGI_CRMA_LGA,4,4,570906.6635354534,0.0,570906.66
231,CMD-006,PPGI_CRMB_LGA,1,1,671069.7428948546,1.0,671069.74
232,CMD-006,PPGI_CRMB_LGA,1,2,634109.7428948546,0.0,634109.74
233,CMD-006,PPGI_CRMB_LGA,1,3,597149.7428948546,0.0,597149.74
234,CMD-006,PPGI_CRMB_LGA,1,4,560189.7428948546,0.0,560189.74
235,CMD-006,PPGI_CRMB_LGA,1,2,640269.7428948546,0.0,636195.67
236,CMD-006,PPGI_CRMB_LGA,1,3,603309.7428948546,0.0,599235.67
237,CMD-006,PPGI_CRMB_LGA,1,4,566349.7428948546,0.0,562275.67
238,CMD-006,PPGI_CRMB_LGA,1,3,609469.7428948546,0.0,601321.59
239,CMD-006,PPGI_CRMB_LGA,1,4,572509.7428948546,0.0,564361.59
240,CMD-006,PPGI_CRMB_LGA,1,4,578669.7428948546,0.0,566447.52
241,CMD-006,PPGI_CRMB_LGA,1,2,640269.7428948546,0.0,640269.74
242,CMD-006,PPGI_CRMB_LGA,1,3,603309.7428948546,0.0,603309.74
243,CMD-006,PPGI_CRMB_LGA,1,4,566349.7428948546,0.0,566349.74
244,CMD-006,PPGI_CRMB_LGA,1,3,609469.7428948546,0.0,605395.67
245,CMD-006,PPGI_CRMB_LGA,1,4,572509.7428948546,0.0,568435.67
246,CMD-006,PPGI_CRMB_LGA,1,4,578669.7428948546,0.0,570521.59
247,CMD-006,PPGI_CRMB_LGA,1,3,609469.7428948546,0.0,609469.74
248,CMD-006,PPGI_CRMB_LGA,1,4,572509.7428948546,0.0,572509.74
249,CMD-006,PPGI_CRMB_LGA,1,4,578669.7428948546,0.0,574595.67
250,CMD-006,PPGI_CRMB_LGA,1,4,578669.7428948546,0.0,578669.74
251,CMD-006,PPGI_CRMB_LGA,2,2,640269.7428948546,0.0,640269.74
252,CMD-006,PPGI_CRMB_LGA,2,3,603309.7428948546,0.0,603309.74
253,CMD-006,PPGI_CRMB_LGA,2,4,566349.7428948546,0.0,566349.74
254,CMD-006,PPGI_CRMB_LGA,2,3,609469.7428948546,0.0,605395.67
255,CMD-006,PPGI_CRMB_LGA,2,4,572509.7428948546,0.0,568435.67
256,CMD-006,PPGI_CRMB_LGA,2,4,578669.7428948546,0.0,570521.59
257,CMD-006,PPGI_CRMB_LGA,2,3,609469.7428948546,0.0,609469.74
258,CMD-006,PPGI_CRMB_LGA,2,4,572509.7428948546,0.0,572509.74
259,CMD-006,PPGI_CRMB_LGA,2,4,578669.7428948546,0.0,574595.67
260,CMD-006,PPGI_CRMB_LGA,2,4,578669.7428948546,0.0,578669.74
261,CMD-006,PPGI_CRMB_LGA,3,3,609469.7428948546,0.0,609469.74
262,CMD-006,PPGI_CRMB_LGA,3,4,572509.7428948546,0.0,572509.74
263,CMD-006,PPGI_CRMB_LGA,3,4,578669.7428948546,0.0,574595.67
264,CMD-006,PPGI_CRMB_LGA,3,4,578669.7428948546,0.0,578669.74
265,CMD-006,PPGI_CRMB_LGA,4,4,578669.7428948546,0.0,578669.74
266,CMD-007,CRC_CRMB_BAF_SKP,1,1,572360.5450511364,1.0,572360.55
267,CMD-007,CRC_CRMB_BAF_SKP,1,2,505880.5450511364,0.0,526655.55
268,CMD-007,CRC_CRMB_BAF_SKP,1,3,439400.5450511364,0.0,453250.55
269,CMD-007,CRC_CRMB_BAF_SKP,1,4,372920.5450511364,0.0,379845.55
270,CMD-007,CRC_CRMB_BAF_SKP,1,2,516960.5450511364,0.0,510000.75
271,CMD-007,CRC_CRMB_BAF_SKP,1,3,450480.5450511364,0.0,436595.75
272,CMD-007,CRC_CRMB_BAF_SKP,1,4,384000.5450511364,0.0,363190.75
273,CMD-007,CRC_CRMB_BAF_SKP,1,3,461560.5450511364,0.0,447640.95
274,CMD-007,CRC_CRMB_BAF_SKP,1,4,395080.5450511364,0.0,374235.95
275,CMD-007,CRC_CRMB_BAF_SKP,1,4,406160.5450511364,0.0,385281.15
276,CMD-007,CRC_CRMB_BAF_SKP,1,2,516960.5450511364,0.0,509930.45
277,CMD-007,CRC_CRMB_BAF_SKP,1,3,450480.5450511364,0.0,436525.45
278,CMD-007,CRC_CRMB_BAF_SKP,1,4,384000.5450511364,0.0,363120.45
279,CMD-007,CRC_CRMB_BAF_SKP,1,3,461560.5450511364,0.0,447570.65
280,CMD-007,CRC_CRMB_BAF_SKP,1,4,395080.5450511364,0.0,374165.65
281,CMD-007,CRC_CRMB_BAF_SKP,1,4,406160.5450511364,0.0,385210.85
282,CMD-007,CRC_CRMB_BAF_SKP,1,3,461560.5450511364,0.0,447500.35
283,CMD-007,CRC_CRMB_BAF_SKP,1,4,395080.5450511364,0.0,374095.35
284,CMD-007,CRC_CRMB_BAF_SKP,1,4,406160.5450511364,0.0,385140.55
285,CMD-007,CRC_CRMB_BAF_SKP,1,4,406160.5450511364,0.0,385070.25
286,CMD-007,CRC_CRMB_BAF_SKP,1,2,516960.5450511364,0.0,516960.55
287,CMD-007,CRC_CRMB_BAF_SKP,1,3,450480.5450511364,0.0,443555.55
288,CMD-007,CRC_CRMB_BAF_SKP,1,4,384000.5450511364,0.0,370150.55
289,CMD-007,CRC_CRMB_BAF_SKP,1,3,461560.5450511364,0.0,454600.75
290,CMD-007,CRC_CRMB_BAF_SKP,1,4,395080.5450511364,0.0,381195.75
291,CMD-007,CRC_CRMB_BAF_SKP,1,4,406160.5450511364,0.0,392240.95
292,CMD-007,CRC_CRMB_BAF_SKP,1,3,461560.5450511364,0.0,454530.45
293,CMD-007,CRC_CRMB_BAF_SKP,1,4,395080.5450511364,0.0,381125.45
294,CMD-007,CRC_CRMB_BAF_SKP,1,4,406160.5450511364,0.0,392170.65
295,CMD-007,CRC_CRMB_BAF_SKP,1,4,406160.5450511364,0.0,392100.35
296,CMD-007,CRC_CRMB_BAF_SKP,1,3,461560.5450511364,0.0,461560.55
297,CMD-007,CRC_CRMB_BAF_SKP,1,4,395080.5450511364,0.0,388155.55
298,CMD-007,CRC_CRMB_BAF_SKP,1,4,406160.5450511364,0.0,399200.75
299,CMD-007,CRC_CRMB_BAF_SKP,1,4,406160.5450511364,0.0,399130.45
300,CMD-007,CRC_CRMB_BAF_SKP,1,4,406160.5450511364,0.0,406160.55
301,CMD-007,CRC_CRMB_BAF_SKP,2,2,516960.5450511364,0.0,516960.55
302,CMD-007,CRC_CRMB_BAF_SKP,2,3,450480.5450511364,0.0,443555.55
303,CMD-007,CRC_CRMB_BAF_SKP,2,4,384000.5450511364,0.0,370150.55
304,CMD-007,CRC_CRMB_BAF_SKP,2,3,461560.5450511364,0.0,454600.75
305,CMD-007,CRC_CRMB_BAF_SKP,2,4,395080.5450511364,0.0,381195.75
306,CMD-007,CRC_CRMB_BAF_SKP,2,4,406160.5450511364,0.0,392240.95
307,CMD-007,CRC_CRMB_BAF_SKP,2,3,461560.5450511364,0.0,454530.45
308,CMD-007,CRC_CRMB_BAF_SKP,2,4,395080.5450511364,0.0,381125.45
309,CMD-007,CRC_CRMB_BAF_SKP,2,4,406160.5450511364,0.0,392170.65
310,CMD-007,CRC_CRMB_BAF_SKP,2,4,406160.5450511364,0.0,392100.35
311,CMD-007,CRC_CRMB_BAF_SKP,2,3,461560.5450511364,0.0,461560.55
312,CMD-007,CRC_CRMB_BAF_SKP,2,4,395080.5450511364,0.0,388155.55
313,CMD-007,CRC_CRMB_BAF_SKP,2,4,406160.5450511364,0.0,399200.75
314,CMD-007,CRC_CRMB_BAF_SKP,2,4,406160.5450511364,0.0,399130.45
315,CMD-007,CRC_CRMB_BAF_SKP,2,4,406160.5450511364,0.0,406160.55
316,CMD-007,CRC_CRMB_BAF_SKP,3,3,461560.5450511364,0.0,461560.55
317,CMD-007,CRC_CRMB_BAF_SKP,3,4,395080.5450511364,0.0,388155.55
318,CMD-007,CRC_CRMB_BAF_SKP,3,4,406160.5450511364,0.0,399200.75
319,CMD-007,CRC_CRMB_BAF_SKP,3,4,406160.5450511364,0.0,399130.45
320,CMD-007,CRC_CRMB_BAF_SKP,3,4,406160.5450511364,0.0,406160.55
321,CMD-007,CRC_CRMB_BAF_SKP,4,4,406160.5450511364,0.0,406160.55
322,CMD-008,BACR_B_CRMA_LGA,1,1,994690.556819268,0.0,994690.56
323,CMD-008,BACR_B_CRMA_LGA,1,2,901090.556819268,0.0,901090.56
324,CMD-008,BACR_B_CRMA_LGA,1,3,807490.556819268,0.0,807490.56
325,CMD-008,BACR_B_CRMA_LGA,1,4,713890.556819268,0.0,713890.56
326,CMD-008,BACR_B_CRMA_LGA,1,2,916690.556819268,0.0,906373.1
327,CMD-008,BACR_B_CRMA_LGA,1,3,823090.556819268,0.0,812773.1
328,CMD-008,BACR_B_CRMA_LGA,1,4,729490.556819268,0.0,719173.1
329,CMD-008,BACR_B_CRMA_LGA,1,3,838690.556819268,0.0,818055.64
330,CMD-008,BACR_B_CRMA_LGA,1,4,745090.556819268,0.0,724455.64
331,CMD-008,BACR_B_CRMA_LGA,1,4,760690.556819268,0.0,729738.18
332,CMD-008,BACR_B_CRMA_LGA,1,2,916690.556819268,0.0,916690.56
333,CMD-008,BACR_B_CRMA_LGA,1,3,823090.556819268,0.0,823090.56
334,CMD-008,BACR_B_CRMA_LGA,1,4,729490.556819268,0.0,729490.56
335,CMD-008,BACR_B_CRMA_LGA,1,3,838690.556819268,0.0,828373.1
336,CMD-008,BACR_B_CRMA_LGA,1,4,745090.556819268,0.0,734773.1
337,CMD-008,BACR_B_CRMA_LGA,1,4,760690.556819268,0.0,740055.64
338,CMD-008,BACR_B_CRMA_LGA,1,3,838690.556819268,0.0,838690.56
339,CMD-008,BACR_B_CRMA_LGA,1,4,745090.556819268,0.0,745090.56
340,CMD-008,BACR_B_CRMA_LGA,1,4,760690.556819268,0.0,750373.1
341,CMD-008,BACR_B_CRMA_LGA,1,4,760690.556819268,0.0,760690.56
342,CMD-008,BACR_B_CRMA_LGA,2,2,916690.556819268,0.0,916690.56
343,CMD-008,BACR_B_CRMA_LGA,2,3,823090.556819268,0.0,823090.56
344,CMD-008,BACR_B_CRMA_LGA,2,4,729490.556819268,0.0,729490.56
345,CMD-008,BACR_B_CRMA_LGA,2,3,838690.556819268,0.0,828373.1
346,CMD-008,BACR_B_CRMA_LGA,2,4,745090.556819268,0.0,734773.1
347,CMD-008,BACR_B_CRMA_LGA,2,4,760690.556819268,0.0,740055.64
348,CMD-008,BACR_B_CRMA_LGA,2,3,838690.556819268,0.0,838690.56
349,CMD-008,BACR_B_CRMA_LGA,2,4,745090.556819268,0.0,745090.56
350,CMD-008,BACR_B_CRMA_LGA,2,4,760690.556819268,0.0,750373.1
351,CMD-008,BACR_B_CRMA_LGA,2,4,760690.556819268,0.0,760690.56
352,CMD-008,BACR_B_CRMA_LGA,3,3,838690.556819268,0.0,838690.56
353,CMD-008,BACR_B_CRMA_LGA,3,4,745090.556819268,0.0,745090.56
354,CMD-008,BACR_B_CRMA_LGA,3,4,760690.556819268,0.0,750373.1
355,CMD-008,BACR_B_CRMA_LGA,3,4,760690.556819268,0.0,760690.56
356,CMD-008,BACR_B_CRMA_LGA,4,4,760690.556819268,0.0,760690.56
357,CMD-008,BACR_B_CRMB_LGA,1,1,1013758.5004390015,1.0,1013758.5
358,CMD-008,BACR_B_CRMB_LGA,1,2,920158.5004390015,0.0,920158.5
359,CMD-008,BACR_B_CRMB_LGA,1,3,826558.5004390015,0.0,826558.5
360,CMD-008,BACR_B_CRMB_LGA,1,4,732958.5004390015,0.0,732958.5
361,CMD-008,BACR_B_CRMB_LGA,1,2,935758.5004390015,0.0,925441.04
362,CMD-008,BACR_B_CRMB_LGA,1,3,842158.5004390015,0.0,831841.04
363,CMD-008,BACR_B_CRMB_LGA,1,4,748558.5004390015,0.0,738241.04
364,CMD-008,BACR_B_CRMB_LGA,1,3,857758.5004390015,0.0,837123.58
365,CMD-008,BACR_B_CRMB_LGA,1,4,764158.5004390015,0.0,743523.58
366,CMD-008,BACR_B_CRMB_LGA,1,4,779758.5004390015,0.0,748806.12
367,CMD-008,BACR_B_CRMB_LGA,1,2,935758.5004390015,0.0,935758.5
368,CMD-008,BACR_B_CRMB_LGA,1,3,842158.5004390015,0.0,842158.5
369,CMD-008,BACR_B_CRMB_LGA,1,4,748558.5004390015,0.0,748558.5
370,CMD-008,BACR_B_CRMB_LGA,1,3,857758.5004390015,0.0,847441.04
371,CMD-008,BACR_B_CRMB_LGA,1,4,764158.5004390015,0.0,753841.04
372,CMD-008,BACR_B_CRMB_LGA,1,4,779758.5004390015,0.0,759123.58
373,CMD-008,BACR_B_CRMB_LGA,1,3,857758.5004390015,0.0,857758.5
374,CMD-008,BACR_B_CRMB_LGA,1,4,764158.5004390015,0.0,764158.5
375,CMD-008,BACR_B_CRMB_LGA,1,4,779758.5004390015,0.0,769441.04
376,CMD-008,BACR_B_CRMB_LGA,1,4,779758.5004390015,0.0,779758.5
377,CMD-008,BACR_B_CRMB_LGA,2,2,935758.5004390015,0.0,935758.5
378,CMD-008,BACR_B_CRMB_LGA,2,3,842158.5004390015,0.0,842158.5
379,CMD-008,BACR_B_CRMB_LGA,2,4,748558.5004390015,0.0,748558.5
380,CMD-008,BACR_B_CRMB_LGA,2,3,857758.5004390015,0.0,847441.04
381,CMD-008,BACR_B_CRMB_LGA,2,4,764158.5004390015,0.0,753841.04
382,CMD-008,BACR_B_CRMB_LGA,2,4,779758.5004390015,0.0,759123.58
383,CMD-008,BACR_B_CRMB_LGA,2,3,857758.5004390015,0.0,857758.5
384,CMD-008,BACR_B_CRMB_LGA,2,4,764158.5004390015,0.0,764158.5
385,CMD-008,BACR_B_CRMB_LGA,2,4,779758.5004390015,0.0,769441.04
386,CMD-008,BACR_B_CRMB_LGA,2,4,779758.5004390015,0.0,779758.5
387,CMD-008,BACR_B_CRMB_LGA,3,3,857758.5004390015,0.0,857758.5
388,CMD-008,BACR_B_CRMB_LGA,3,4,764158.5004390015,0.0,764158.5
389,CMD-008,BACR_B_CRMB_LGA,3,4,779758.5004390015,0.0,769441.04
390,CMD-008,BACR_B_CRMB_LGA,3,4,779758.5004390015,0.0,779758.5
391,CMD-008,BACR_B_CRMB_LGA,4,4,779758.5004390015,0.0,779758.5
392,CMD-009,CRC_CRMB_BAF_SKP,1,1,412516.86756104714,0.0,412516.87
393,CMD-009,CRC_CRMB_BAF_SKP,1,2,354196.86756104714,0.0,372421.87
394,CMD-009,CRC_CRMB_BAF_SKP,1,3,295876.86756104714,0.0,308026.87
395,CMD-009,CRC_CRMB_BAF_SKP,1,4,237556.86756104714,0.0,243631.87
396,CMD-009,CRC_CRMB_BAF_SKP,1,2,363916.86756104714,0.0,357811.34
397,CMD-009,CRC_CRMB_BAF_SKP,1,3,305596.86756104714,0.0,293416.34
398,CMD-009,CRC_CRMB_BAF_SKP,1,4,247276.86756104714,0.0,229021.34
399,CMD-009,CRC_CRMB_BAF_SKP,1,3,315316.86756104714,0.0,303105.81
400,CMD-009,CRC_CRMB_BAF_SKP,1,4,256996.86756104714,0.0,238710.81
401,CMD-009,CRC_CRMB_BAF_SKP,1,4,266716.86756104714,0.0,248400.28
402,CMD-009,CRC_CRMB_BAF_SKP,1,2,363916.86756104714,0.0,357749.67
403,CMD-009,CRC_CRMB_BAF_SKP,1,3,305596.86756104714,0.0,293354.67
404,CMD-009,CRC_CRMB_BAF_SKP,1,4,247276.86756104714,0.0,228959.67
405,CMD-009,CRC_CRMB_BAF_SKP,1,3,315316.86756104714,0.0,303044.14
406,CMD-009,CRC_CRMB_BAF_SKP,1,4,256996.86756104714,0.0,238649.14
407,CMD-009,CRC_CRMB_BAF_SKP,1,4,266716.86756104714,0.0,248338.61
408,CMD-009,CRC_CRMB_BAF_SKP,1,3,315316.86756104714,0.0,302982.47
409,CMD-009,CRC_CRMB_BAF_SKP,1,4,256996.86756104714,0.0,238587.47
410,CMD-009,CRC_CRMB_BAF_SKP,1,4,266716.86756104714,0.0,248276.94
411,CMD-009,CRC_CRMB_BAF_SKP,1,4,266716.86756104714,0.0,248215.27
412,CMD-009,CRC_CRMB_BAF_SKP,1,2,363916.86756104714,0.0,363916.87
413,CMD-009,CRC_CRMB_BAF_SKP,1,3,305596.86756104714,0.0,299521.87
414,CMD-009,CRC_CRMB_BAF_SKP,1,4,247276.86756104714,0.0,235126.87
415,CMD-009,CRC_CRMB_BAF_SKP,1,3,315316.86756104714,0.0,309211.34
416,CMD-009,CRC_CRMB_BAF_SKP,1,4,256996.86756104714,0.0,244816.34
417,CMD-009,CRC_CRMB_BAF_SKP,1,4,266716.86756104714,0.0,254505.81
418,CMD-009,CRC_CRMB_BAF_SKP,1,3,315316.86756104714,0.0,309149.67
419,CMD-009,CRC_CRMB_BAF_SKP,1,4,256996.86756104714,0.0,244754.67
420,CMD-009,CRC_CRMB_BAF_SKP,1,4,266716.86756104714,0.0,254444.14
421,CMD-009,CRC_CRMB_BAF_SKP,1,4,266716.86756104714,0.0,254382.47
422,CMD-009,CRC_CRMB_BAF_SKP,1,3,315316.86756104714,0.0,315316.87
423,CMD-009,CRC_CRMB_BAF_SKP,1,4,256996.86756104714,0.0,250921.87
424,CMD-009,CRC_CRMB_BAF_SKP,1,4,266716.86756104714,0.0,260611.34
425,CMD-009,CRC_CRMB_BAF_SKP,1,4,266716.86756104714,0.0,260549.67
426,CMD-009,CRC_CRMB_BAF_SKP,1,4,266716.86756104714,0.0,266716.87
427,CMD-009,CRC_CRMB_BAF_SKP,2,2,363916.86756104714,0.0,363916.87
428,CMD-009,CRC_CRMB_BAF_SKP,2,3,305596.86756104714,0.0,299521.87
429,CMD-009,CRC_CRMB_BAF_SKP,2,4,247276.86756104714,0.0,235126.87
430,CMD-009,CRC_CRMB_BAF_SKP,2,3,315316.86756104714,0.0,309211.34
431,CMD-009,CRC_CRMB_BAF_SKP,2,4,256996.86756104714,0.0,244816.34
432,CMD-009,CRC_CRMB_BAF_SKP,2,4,266716.86756104714,0.0,254505.81
433,CMD-009,CRC_CRMB_BAF_SKP,2,3,315316.86756104714,0.0,309149.67
434,CMD-009,CRC_CRMB_BAF_SKP,2,4,256996.86756104714,0.0,244754.67
435,CMD-009,CRC_CRMB_BAF_SKP,2,4,266716.86756104714,0.0,254444.14
436,CMD-009,CRC_CRMB_BAF_SKP,2,4,266716.86756104714,0.0,254382.47
437,CMD-009,CRC_CRMB_BAF_SKP,2,3,315316.86756104714,0.0,315316.87
438,CMD-009,CRC_CRMB_BAF_SKP,2,4,256996.86756104714,0.0,250921.87
439,CMD-009,CRC_CRMB_BAF_SKP,2,4,266716.86756104714,0.0,260611.34
440,CMD-009,CRC_CRMB_BAF_SKP,2,4,266716.86756104714,0.0,260549.67
441,CMD-009,CRC_CRMB_BAF_SKP,2,4,266716.86756104714,0.0,266716.87
442,CMD-009,CRC_CRMB_BAF_SKP,3,3,315316.86756104714,0.0,315316.87
443,CMD-009,CRC_CRMB_BAF_SKP,3,4,256996.86756104714,0.0,250921.87
444,CMD-009,CRC_CRMB_BAF_SKP,3,4,266716.86756104714,0.0,260611.34
445,CMD-009,CRC_CRMB_BAF_SKP,3,4,266716.86756104714,0.0,260549.67
446,CMD-009,CRC_CRMB_BAF_SKP,3,4,266716.86756104714,0.0,266716.87
447,CMD-009,CRC_CRMB_BAF_SKP,4,4,266716.86756104714,0.0,266716.87
448,CMD-010,CRC_CRMB_BAF_SKP,1,1,389219.366146977,0.0,389219.37
449,CMD-010,CRC_CRMB_BAF_SKP,1,2,343139.366146977,0.0,357539.37
450,CMD-010,CRC_CRMB_BAF_SKP,1,3,297059.366146977,0.0,306659.37
451,CMD-010,CRC_CRMB_BAF_SKP,1,4,250979.366146977,0.0,255779.37
452,CMD-010,CRC_CRMB_BAF_SKP,1,2,350819.366146977,0.0,345995.25
453,CMD-010,CRC_CRMB_BAF_SKP,1,3,304739.366146977,0.0,295115.25
454,CMD-010,CRC_CRMB_BAF_SKP,1,4,258659.366146977,0.0,244235.25
455,CMD-010,CRC_CRMB_BAF_SKP,1,3,312419.366146977,0.0,302771.12
456,CMD-010,CRC_CRMB_BAF_SKP,1,4,266339.366146977,0.0,251891.12
457,CMD-010,CRC_CRMB_BAF_SKP,1,4,274019.366146977,0.0,259547.0
458,CMD-010,CRC_CRMB_BAF_SKP,1,2,350819.366146977,0.0,345946.52
459,CMD-010,CRC_CRMB_BAF_SKP,1,3,304739.366146977,0.0,295066.52
460,CMD-010,CRC_CRMB_BAF_SKP,1,4,258659.366146977,0.0,244186.52
461,CMD-010,CRC_CRMB_BAF_SKP,1,3,312419.366146977,0.0,302722.4
462,CMD-010,CRC_CRMB_BAF_SKP,1,4,266339.366146977,0.0,251842.4
463,CMD-010,CRC_CRMB_BAF_SKP,1,4,274019.366146977,0.0,259498.28
464,CMD-010,CRC_CRMB_BAF_SKP,1,3,312419.366146977,0.0,302673.67
465,CMD-010,CRC_CRMB_BAF_SKP,1,4,266339.366146977,0.0,251793.67
466,CMD-010,CRC_CRMB_BAF_SKP,1,4,274019.366146977,0.0,259449.55
467,CMD-010,CRC_CRMB_BAF_SKP,1,4,274019.366146977,0.0,259400.82
468,CMD-010,CRC_CRMB_BAF_SKP,1,2,350819.366146977,0.0,350819.37
469,CMD-010,CRC_CRMB_BAF_SKP,1,3,304739.366146977,0.0,299939.37
470,CMD-010,CRC_CRMB_BAF_SKP,1,4,258659.366146977,0.0,249059.37
471,CMD-010,CRC_CRMB_BAF_SKP,1,3,312419.366146977,0.0,307595.25
472,CMD-010,CRC_CRMB_BAF_SKP,1,4,266339.366146977,0.0,256715.25
473,CMD-010,CRC_CRMB_BAF_SKP,1,4,274019.366146977,0.0,264371.12
474,CMD-010,CRC_CRMB_BAF_SKP,1,3,312419.366146977,0.0,307546.52
475,CMD-010,CRC_CRMB_BAF_SKP,1,4,266339.366146977,0.0,256666.52
476,CMD-010,CRC_CRMB_BAF_SKP,1,4,274019.366146977,0.0,264322.4
477,CMD-010,CRC_CRMB_BAF_SKP,1,4,274019.366146977,0.0,264273.67
478,CMD-010,CRC_CRMB_BAF_SKP,1,3,312419.366146977,0.0,312419.37
479,CMD-010,CRC_CRMB_BAF_SKP,1,4,266339.366146977,0.0,261539.37
480,CMD-010,CRC_CRMB_BAF_SKP,1,4,274019.366146977,0.0,269195.25
481,CMD-010,CRC_CRMB_BAF_SKP,1,4,274019.366146977,0.0,269146.52
482,CMD-010,CRC_CRMB_BAF_SKP,1,4,274019.366146977,0.0,274019.37
483,CMD-010,CRC_CRMB_BAF_SKP,2,2,350819.366146977,0.0,350819.37
484,CMD-010,CRC_CRMB_BAF_SKP,2,3,304739.366146977,0.0,299939.37
485,CMD-010,CRC_CRMB_BAF_SKP,2,4,258659.366146977,0.0,249059.37
486,CMD-010,CRC_CRMB_BAF_SKP,2,3,312419.366146977,0.0,307595.25
487,CMD-010,CRC_CRMB_BAF_SKP,2,4,266339.366146977,0.0,256715.25
488,CMD-010,CRC_CRMB_BAF_SKP,2,4,274019.366146977,0.0,264371.12
489,CMD-010,CRC_CRMB_BAF_SKP,2,3,312419.366146977,0.0,307546.52
490,CMD-010,CRC_CRMB_BAF_SKP,2,4,266339.366146977,0.0,256666.52
491,CMD-010,CRC_CRMB_BAF_SKP,2,4,274019.366146977,0.0,264322.4
492,CMD-010,CRC_CRMB_BAF_SKP,2,4,274019.366146977,0.0,264273.67
493,CMD-010,CRC_CRMB_BAF_SKP,2,3,312419.366146977,0.0,312419.37
494,CMD-010,CRC_CRMB_BAF_SKP,2,4,266339.366146977,0.0,261539.37
495,CMD-010,CRC_CRMB_BAF_SKP,2,4,274019.366146977,0.0,269195.25
496,CMD-010,CRC_CRMB_BAF_SKP,2,4,274019.366146977,0.0,269146.52
497,CMD-010,CRC_CRMB_BAF_SKP,2,4,274019.366146977,0.0,274019.37
498,CMD-010,CRC_CRMB_BAF_SKP,3,3,312419.366146977,0.0,312419.37
499,CMD-010,CRC_CRMB_BAF_SKP,3,4,266339.366146977,0.0,261539.37
500,CMD-010,CRC_CRMB_BAF_SKP,3,4,274019.366146977,0.0,269195.25
501,CMD-010,CRC_CRMB_BAF_SKP,3,4,274019.366146977,0.0,269146.52
502,CMD-010,CRC_CRMB_BAF_SKP,3,4,274019.366146977,0.0,274019.37
503,CMD-010,CRC_CRMB_BAF_SKP,4,4,274019.366146977,0.0,274019.37
504,CMD-011,CRC_CRMB_BAF_SKP,1,1,102176.01595129573,0.0,102176.02
505,CMD-011,CRC_CRMB_BAF_SKP,1,2,100216.01595129573,0.0,103891.02
506,CMD-011,CRC_CRMB_BAF_SKP,1,3,98256.01595129573,0.0,100706.02
507,CMD-011,CRC_CRMB_BAF_SKP,1,4,96296.01595129573,0.0,97521.016
508,CMD-011,CRC_CRMB_BAF_SKP,1,2,102176.01595129573,0.0,100944.86
509,CMD-011,CRC_CRMB_BAF_SKP,1,3,100216.01595129573,0.0,97759.86
510,CMD-011,CRC_CRMB_BAF_SKP,1,4,98256.01595129573,0.0,94574.86
511,CMD-011,CRC_CRMB_BAF_SKP,1,3,102176.01595129573,0.0,99713.704
512,CMD-011,CRC_CRMB_BAF_SKP,1,4,100216.01595129573,0.0,96528.704
513,CMD-011,CRC_CRMB_BAF_SKP,1,4,102176.01595129573,0.0,98482.549
514,CMD-011,CRC_CRMB_BAF_SKP,1,2,102176.01595129573,0.0,100932.42
515,CMD-011,CRC_CRMB_BAF_SKP,1,3,100216.01595129573,0.0,97747.424
516,CMD-011,CRC_CRMB_BAF_SKP,1,4,98256.01595129573,0.0,94562.424
517,CMD-011,CRC_CRMB_BAF_SKP,1,3,102176.01595129573,0.0,99701.268
518,CMD-011,CRC_CRMB_BAF_SKP,1,4,100216.01595129573,0.0,96516.268
519,CMD-011,CRC_CRMB_BAF_SKP,1,4,102176.01595129573,0.0,98470.113
520,CMD-011,CRC_CRMB_BAF_SKP,1,3,102176.01595129573,0.0,99688.833
521,CMD-011,CRC_CRMB_BAF_SKP,1,4,100216.01595129573,0.0,96503.833
522,CMD-011,CRC_CRMB_BAF_SKP,1,4,102176.01595129573,0.0,98457.677
523,CMD-011,CRC_CRMB_BAF_SKP,1,4,102176.01595129573,0.0,98445.241
524,CMD-011,CRC_CRMB_BAF_SKP,1,2,102176.01595129573,0.0,102176.02
525,CMD-011,CRC_CRMB_BAF_SKP,1,3,100216.01595129573,0.0,98991.016
526,CMD-011,CRC_CRMB_BAF_SKP,1,4,98256.01595129573,0.0,95806.016
527,CMD-011,CRC_CRMB_BAF_SKP,1,3,102176.01595129573,0.0,100944.86
528,CMD-011,CRC_CRMB_BAF_SKP,1,4,100216.01595129573,0.0,97759.86
529,CMD-011,CRC_CRMB_BAF_SKP,1,4,102176.01595129573,0.0,99713.704
530,CMD-011,CRC_CRMB_BAF_SKP,1,3,102176.01595129573,0.0,100932.42
531,CMD-011,CRC_CRMB_BAF_SKP,1,4,100216.01595129573,0.0,97747.424
532,CMD-011,CRC_CRMB_BAF_SKP,1,4,102176.01595129573,0.0,99701.268
533,CMD-011,CRC_CRMB_BAF_SKP,1,4,102176.01595129573,0.0,99688.833
534,CMD-011,CRC_CRMB_BAF_SKP,1,3,102176.01595129573,0.0,102176.02
535,CMD-011,CRC_CRMB_BAF_SKP,1,4,100216.01595129573,0.0,98991.016
536,CMD-011,CRC_CRMB_BAF_SKP,1,4,102176.01595129573,0.0,100944.86
537,CMD-011,CRC_CRMB_BAF_SKP,1,4,102176.01595129573,0.0,100932.42
538,CMD-011,CRC_CRMB_BAF_SKP,1,4,102176.01595129573,0.0,102176.02
539,CMD-011,CRC_CRMB_BAF_SKP,2,2,102176.01595129573,0.0,102176.02
540,CMD-011,CRC_CRMB_BAF_SKP,2,3,100216.01595129573,0.0,98991.016
541,CMD-011,CRC_CRMB_BAF_SKP,2,4,98256.01595129573,0.0,95806.016
542,CMD-011,CRC_CRMB_BAF_SKP,2,3,102176.01595129573,0.0,100944.86
543,CMD-011,CRC_CRMB_BAF_SKP,2,4,100216.01595129573,0.0,97759.86
544,CMD-011,CRC_CRMB_BAF_SKP,2,4,102176.01595129573,0.0,99713.704
545,CMD-011,CRC_CRMB_BAF_SKP,2,3,102176.01595129573,0.0,100932.42
546,CMD-011,CRC_CRMB_BAF_SKP,2,4,100216.01595129573,0.0,97747.424
547,CMD-011,CRC_CRMB_BAF_SKP,2,4,102176.01595129573,0.0,99701.268
548,CMD-011,CRC_CRMB_BAF_SKP,2,4,102176.01595129573,0.0,99688.833
549,CMD-011,CRC_CRMB_BAF_SKP,2,3,102176.01595129573,0.0,102176.02
550,CMD-011,CRC_CRMB_BAF_SKP,2,4,100216.01595129573,0.0,98991.016
551,CMD-011,CRC_CRMB_BAF_SKP,2,4,102176.01595129573,0.0,100944.86
552,CMD-011,CRC_CRMB_BAF_SKP,2,4,102176.01595129573,0.0,100932.42
553,CMD-011,CRC_CRMB_BAF_SKP,2,4,102176.01595129573,0.0,102176.02
554,CMD-011,CRC_CRMB_BAF_SKP,3,3,102176.01595129573,0.0,102176.02
555,CMD-011,CRC_CRMB_BAF_SKP,3,4,100216.01595129573,0.0,98991.016
556,CMD-011,CRC_CRMB_BAF_SKP,3,4,102176.01595129573,0.0,100944.86
557,CMD-011,CRC_CRMB_BAF_SKP,3,4,102176.01595129573,0.0,100932.42
558,CMD-011,CRC_CRMB_BAF_SKP,3,4,102176.01595129573,0.0,102176.02
559,CMD-011,CRC_CRMB_BAF_SKP,4,4,102176.01595129573,1.0,102176.02
560,CMD-012,HDG_CRMA_LGB,1,1,1295743.0156713943,0.0,1295743.0
561,CMD-012,HDG_CRMA_LGB,1,2,1272743.0156713943,0.0,1272743.0
562,CMD-012,HDG_CRMA_LGB,1,3,962243.0156713943,0.0,962243.02
563,CMD-012,HDG_CRMA_LGB,1,4,651743.0156713943,0.0,651743.02
564,CMD-012,HDG_CRMA_LGB,1,2,1295743.0156713943,0.0,1280611.4
565,CMD-012,HDG_CRMA_LGB,1,3,985243.0156713943,0.0,970111.44
566,CMD-012,HDG_CRMA_LGB,1,4,674743.0156713943,0.0,659611.44
567,CMD-012,HDG_CRMA_LGB,1,3,1008243.0156713943,0.0,977979.86
568,CMD-012,HDG_CRMA_LGB,1,4,697743.0156713943,0.0,667479.86
569,CMD-012,HDG_CRMA_LGB,1,4,720743.0156713943,0.0,675348.28
570,CMD-012,HDG_CRMA_LGB,1,2,1295743.0156713943,0.0,1295743.0
571,CMD-012,HDG_CRMA_LGB,1,3,985243.0156713943,0.0,985243.02
572,CMD-012,HDG_CRMA_LGB,1,4,674743.0156713943,0.0,674743.02
573,CMD-012,HDG_CRMA_LGB,1,3,1008243.0156713943,0.0,993111.44
574,CMD-012,HDG_CRMA_LGB,1,4,697743.0156713943,0.0,682611.44
575,CMD-012,HDG_CRMA_LGB,1,4,720743.0156713943,0.0,690479.86
576,CMD-012,HDG_CRMA_LGB,1,3,1008243.0156713943,0.0,1008243.0
577,CMD-012,HDG_CRMA_LGB,1,4,697743.0156713943,0.0,697743.02
578,CMD-012,HDG_CRMA_LGB,1,4,720743.0156713943,0.0,705611.44
579,CMD-012,HDG_CRMA_LGB,1,4,720743.0156713943,0.0,720743.02
580,CMD-012,HDG_CRMA_LGB,2,2,1295743.0156713943,0.0,1295743.0
581,CMD-012,HDG_CRMA_LGB,2,3,985243.0156713943,0.0,985243.02
582,CMD-012,HDG_CRMA_LGB,2,4,674743.0156713943,0.0,674743.02
583,CMD-012,HDG_CRMA_LGB,2,3,1008243.0156713943,0.0,993111.44
584,CMD-012,HDG_CRMA_LGB,2,4,697743.0156713943,0.0,682611.44
585,CMD-012,HDG_CRMA_LGB,2,4,720743.0156713943,0.0,690479.86
586,CMD-012,HDG_CRMA_LGB,2,3,1008243.0156713943,0.0,1008243.0
587,CMD-012,HDG_CRMA_LGB,2,4,697743.0156713943,0.0,697743.02
588,CMD-012,HDG_CRMA_LGB,2,4,720743.0156713943,0.0,705611.44
589,CMD-012,HDG_CRMA_LGB,2,4,720743.0156713943,0.0,720743.02
590,CMD-012,HDG_CRMA_LGB,3,3,1008243.0156713943,0.0,1008243.0
591,CMD-012,HDG_CRMA_LGB,3,4,697743.0156713943,0.0,697743.02
592,CMD-012,HDG_CRMA_LGB,3,4,720743.0156713943,0.0,705611.44
593,CMD-012,HDG_CRMA_LGB,3,4,720743.0156713943,0.0,720743.02
594,CMD-012,HDG_CRMA_LGB,4,4,720743.0156713943,0.0,720743.02
595,CMD-012,HDG_CRMB_LGB,1,1,1325013.6018629964,0.0,1325013.6
596,CMD-012,HDG_CRMB_LGB,1,2,1302013.6018629964,0.0,1302013.6
597,CMD-012,HDG_CRMB_LGB,1,3,991513.6018629964,0.0,991513.6
598,CMD-012,HDG_CRMB_LGB,1,4,681013.6018629964,0.0,681013.6
599,CMD-012,HDG_CRMB_LGB,1,2,1325013.6018629964,0.0,1309882.0
600,CMD-012,HDG_CRMB_LGB,1,3,1014513.6018629964,0.0,999382.02
601,CMD-012,HDG_CRMB_LGB,1,4,704013.6018629964,0.0,688882.02
602,CMD-012,HDG_CRMB_LGB,1,3,1037513.6018629964,0.0,1007250.4
603,CMD-012,HDG_CRMB_LGB,1,4,727013.6018629964,0.0,696750.44
604,CMD-012,HDG_CRMB_LGB,1,4,750013.6018629964,0.0,704618.87
605,CMD-012,HDG_CRMB_LGB,1,2,1325013.6018629964,0.0,1325013.6
606,CMD-012,HDG_CRMB_LGB,1,3,1014513.6018629964,0.0,1014513.6
607,CMD-012,HDG_CRMB_LGB,1,4,704013.6018629964,0.0,704013.6
608,CMD-012,HDG_CRMB_LGB,1,3,1037513.6018629964,0.0,1022382.0
609,CMD-012,HDG_CRMB_LGB,1,4,727013.6018629964,0.0,711882.02
610,CMD-012,HDG_CRMB_LGB,1,4,750013.6018629964,0.0,719750.44
611,CMD-012,HDG_CRMB_LGB,1,3,1037513.6018629964,0.0,1037513.6
612,CMD-012,HDG_CRMB_LGB,1,4,727013.6018629964,0.0,727013.6
613,CMD-012,HDG_CRMB_LGB,1,4,750013.6018629964,0.0,734882.02
614,CMD-012,HDG_CRMB_LGB,1,4,750013.6018629964,0.0,750013.6
615,CMD-012,HDG_CRMB_LGB,2,2,1325013.6018629964,1.0,1325013.6
616,CMD-012,HDG_CRMB_LGB,2,3,1014513.6018629964,0.0,1014513.6
617,CMD-012,HDG_CRMB_LGB,2,4,704013.6018629964,0.0,704013.6
618,CMD-012,HDG_CRMB_LGB,2,3,1037513.6018629964,0.0,1022382.0
619,CMD-012,HDG_CRMB_LGB,2,4,727013.6018629964,0.0,711882.02
620,CMD-012,HDG_CRMB_LGB,2,4,750013.6018629964,0.0,719750.44
621,CMD-012,HDG_CRMB_LGB,2,3,1037513.6018629964,0.0,1037513.6
622,CMD-012,HDG_CRMB_LGB,2,4,727013.6018629964,0.0,727013.6
623,CMD-012,HDG_CRMB_LGB,2,4,750013.6018629964,0.0,734882.02
624,CMD-012,HDG_CRMB_LGB,2,4,750013.6018629964,0.0,750013.6
625,CMD-012,HDG_CRMB_LGB,3,3,1037513.6018629964,0.0,1037513.6
626,CMD-012,HDG_CRMB_LGB,3,4,727013.6018629964,0.0,727013.6
627,CMD-012,HDG_CRMB_LGB,3,4,750013.6018629964,0.0,734882.02
628,CMD-012,HDG_CRMB_LGB,3,4,750013.6018629964,0.0,750013.6
629,CMD-012,HDG_CRMB_LGB,4,4,750013.6018629964,0.0,750013.6
630,CMD-013,PPGI_CRMA_LGA,1,1,1753450.734218864,0.0,1753450.7
631,CMD-013,PPGI_CRMA_LGA,1,2,1734650.734218864,0.0,1734650.7
632,CMD-013,PPGI_CRMA_LGA,1,3,1480850.734218864,0.0,1480850.7
633,CMD-013,PPGI_CRMA_LGA,1,4,1227050.734218864,0.0,1227050.7
634,CMD-013,PPGI_CRMA_LGA,1,2,1753450.734218864,0.0,1741016.9
635,CMD-013,PPGI_CRMA_LGA,1,3,1499650.734218864,0.0,1487216.9
636,CMD-013,PPGI_CRMA_LGA,1,4,1245850.734218864,0.0,1233416.9
637,CMD-013,PPGI_CRMA_LGA,1,3,1518450.734218864,0.0,1493583.0
638,CMD-013,PPGI_CRMA_LGA,1,4,1264650.734218864,0.0,1239783.0
639,CMD-013,PPGI_CRMA_LGA,1,4,1283450.734218864,0.0,1246149.1
640,CMD-013,PPGI_CRMA_LGA,1,2,1753450.734218864,0.0,1753450.7
641,CMD-013,PPGI_CRMA_LGA,1,3,1499650.734218864,0.0,1499650.7
642,CMD-013,PPGI_CRMA_LGA,1,4,1245850.734218864,0.0,1245850.7
643,CMD-013,PPGI_CRMA_LGA,1,3,1518450.734218864,0.0,1506016.9
644,CMD-013,PPGI_CRMA_LGA,1,4,1264650.734218864,0.0,1252216.9
645,CMD-013,PPGI_CRMA_LGA,1,4,1283450.734218864,0.0,1258583.0
646,CMD-013,PPGI_CRMA_LGA,1,3,1518450.734218864,0.0,1518450.7
647,CMD-013,PPGI_CRMA_LGA,1,4,1264650.734218864,0.0,1264650.7
648,CMD-013,PPGI_CRMA_LGA,1,4,1283450.734218864,0.0,1271016.9
649,CMD-013,PPGI_CRMA_LGA,1,4,1283450.734218864,0.0,1283450.7
650,CMD-013,PPGI_CRMA_LGA,2,2,1753450.734218864,0.0,1753450.7
651,CMD-013,PPGI_CRMA_LGA,2,3,1499650.734218864,0.0,1499650.7
652,CMD-013,PPGI_CRMA_LGA,2,4,1245850.734218864,0.0,1245850.7
653,CMD-013,PPGI_CRMA_LGA,2,3,1518450.734218864,0.0,1506016.9
654,CMD-013,PPGI_CRMA_LGA,2,4,1264650.734218864,0.0,1252216.9
655,CMD-013,PPGI_CRMA_LGA,2,4,1283450.734218864,0.0,1258583.0
656,CMD-013,PPGI_CRMA_LGA,2,3,1518450.734218864,0.0,1518450.7
657,CMD-013,PPGI_CRMA_LGA,2,4,1264650.734218864,0.0,1264650.7
658,CMD-013,PPGI_CRMA_LGA,2,4,1283450.734218864,0.0,1271016.9
659,CMD-013,PPGI_CRMA_LGA,2,4,1283450.734218864,0.0,1283450.7
660,CMD-013,PPGI_CRMA_LGA,3,3,1518450.734218864,0.0,1518450.7
661,CMD-013,PPGI_CRMA_LGA,3,4,1264650.734218864,0.0,1264650.7
662,CMD-013,PPGI_CRMA_LGA,3,4,1283450.734218864,0.0,1271016.9
663,CMD-013,PPGI_CRMA_LGA,3,4,1283450.734218864,0.0,1283450.7
664,CMD-013,PPGI_CRMA_LGA,4,4,1283450.734218864,0.0,1283450.7
665,CMD-013,PPGI_CRMB_LGA,1,1,1779173.5263214286,1.0,1779173.5
666,CMD-013,PPGI_CRMB_LGA,1,2,1760373.5263214286,0.0,1760373.5
667,CMD-013,PPGI_CRMB_LGA,1,3,1506573.5263214286,0.0,1506573.5
668,CMD-013,PPGI_CRMB_LGA,1,4,1252773.5263214286,0.0,1252773.5
669,CMD-013,PPGI_CRMB_LGA,1,2,1779173.5263214286,0.0,1766739.7
670,CMD-013,PPGI_CRMB_LGA,1,3,1525373.5263214286,0.0,1512939.7
671,CMD-013,PPGI_CRMB_LGA,1,4,1271573.5263214286,0.0,1259139.7
672,CMD-013,PPGI_CRMB_LGA,1,3,1544173.5263214286,0.0,1519305.8
673,CMD-013,PPGI_CRMB_LGA,1,4,1290373.5263214286,0.0,1265505.8
674,CMD-013,PPGI_CRMB_LGA,1,4,1309173.5263214286,0.0,1271871.9
675,CMD-013,PPGI_CRMB_LGA,1,2,1779173.5263214286,0.0,1779173.5
676,CMD-013,PPGI_CRMB_LGA,1,3,1525373.5263214286,0.0,1525373.5
677,CMD-013,PPGI_CRMB_LGA,1,4,1271573.5263214286,0.0,1271573.5
678,CMD-013,PPGI_CRMB_LGA,1,3,1544173.5263214286,0.0,1531739.7
679,CMD-013,PPGI_CRMB_LGA,1,4,1290373.5263214286,0.0,1277939.7
680,CMD-013,PPGI_CRMB_LGA,1,4,1309173.5263214286,0.0,1284305.8
681,CMD-013,PPGI_CRMB_LGA,1,3,1544173.5263214286,0.0,1544173.5
682,CMD-013,PPGI_CRMB_LGA,1,4,1290373.5263214286,0.0,1290373.5
683,CMD-013,PPGI_CRMB_LGA,1,4,1309173.5263214286,0.0,1296739.7
684,CMD-013,PPGI_CRMB_LGA,1,4,1309173.5263214286,0.0,1309173.5
685,CMD-013,PPGI_CRMB_LGA,2,2,1779173.5263214286,0.0,1779173.5
686,CMD-013,PPGI_CRMB_LGA,2,3,1525373.5263214286,0.0,1525373.5
687,CMD-013,PPGI_CRMB_LGA,2,4,1271573.5263214286,0.0,1271573.5
688,CMD-013,PPGI_CRMB_LGA,2,3,1544173.5263214286,0.0,1531739.7
689,CMD-013,PPGI_CRMB_LGA,2,4,1290373.5263214286,0.0,1277939.7
690,CMD-013,PPGI_CRMB_LGA,2,4,1309173.5263214286,0.0,1284305.8
691,CMD-013,PPGI_CRMB_LGA,2,3,1544173.5263214286,0.0,1544173.5
692,CMD-013,PPGI_CRMB_LGA,2,4,1290373.5263214286,0.0,1290373.5
693,CMD-013,PPGI_CRMB_LGA,2,4,1309173.5263214286,0.0,1296739.7
694,CMD-013,PPGI_CRMB_LGA,2,4,1309173.5263214286,0.0,1309173.5
695,CMD-013,PPGI_CRMB_LGA,3,3,1544173.5263214286,0.0,1544173.5
696,CMD-013,PPGI_CRMB_LGA,3,4,1290373.5263214286,0.0,1290373.5
697,CMD-013,PPGI_CRMB_LGA,3,4,1309173.5263214286,0.0,1296739.7
698,CMD-013,PPGI_CRMB_LGA,3,4,1309173.5263214286,0.0,1309173.5
699,CMD-013,PPGI_CRMB_LGA,4,4,1309173.5263214286,0.0,1309173.5
700,CMD-015,HDG_CRMA_LGB,1,1,271140.00663987617,0.0,271140.01
701,CMD-015,HDG_CRMA_LGB,1,2,266180.00663987617,0.0,266180.01
702,CMD-015,HDG_CRMA_LGB,1,3,236420.00663987617,0.0,236420.01
703,CMD-015,HDG_CRMA_LGB,1,4,206660.00663987617,0.0,206660.01
704,CMD-015,HDG_CRMA_LGB,1,2,271140.00663987617,0.0,267876.85
705,CMD-015,HDG_CRMA_LGB,1,3,241380.00663987617,0.0,238116.85
706,CMD-015,HDG_CRMA_LGB,1,4,211620.00663987617,0.0,208356.85
707,CMD-015,HDG_CRMA_LGB,1,3,246340.00663987617,0.0,239813.69
708,CMD-015,HDG_CRMA_LGB,1,4,216580.00663987617,0.0,210053.69
709,CMD-015,HDG_CRMA_LGB,1,4,221540.00663987617,0.0,211750.53
710,CMD-015,HDG_CRMA_LGB,1,2,271140.00663987617,0.0,271140.01
711,CMD-015,HDG_CRMA_LGB,1,3,241380.00663987617,0.0,241380.01
712,CMD-015,HDG_CRMA_LGB,1,4,211620.00663987617,0.0,211620.01
713,CMD-015,HDG_CRMA_LGB,1,3,246340.00663987617,0.0,243076.85
714,CMD-015,HDG_CRMA_LGB,1,4,216580.00663987617,0.0,213316.85
715,CMD-015,HDG_CRMA_LGB,1,4,221540.00663987617,0.0,215013.69
716,CMD-015,HDG_CRMA_LGB,1,3,246340.00663987617,0.0,246340.01
717,CMD-015,HDG_CRMA_LGB,1,4,216580.00663987617,0.0,216580.01
718,CMD-015,HDG_CRMA_LGB,1,4,221540.00663987617,0.0,218276.85
719,CMD-015,HDG_CRMA_LGB,1,4,221540.00663987617,0.0,221540.01
720,CMD-015,HDG_CRMA_LGB,2,2,271140.00663987617,0.0,271140.01
721,CMD-015,HDG_CRMA_LGB,2,3,241380.00663987617,0.0,241380.01
722,CMD-015,HDG_CRMA_LGB,2,4,211620.00663987617,0.0,211620.01
723,CMD-015,HDG_CRMA_LGB,2,3,246340.00663987617,0.0,243076.85
724,CMD-015,HDG_CRMA_LGB,2,4,216580.00663987617,0.0,213316.85
725,CMD-015,HDG_CRMA_LGB,2,4,221540.00663987617,0.0,215013.69
726,CMD-015,HDG_CRMA_LGB,2,3,246340.00663987617,0.0,246340.01
727,CMD-015,HDG_CRMA_LGB,2,4,216580.00663987617,0.0,216580.01
728,CMD-015,HDG_CRMA_LGB,2,4,221540.00663987617,0.0,218276.85
729,CMD-015,HDG_CRMA_LGB,2,4,221540.00663987617,0.0,221540.01
730,CMD-015,HDG_CRMA_LGB,3,3,246340.00663987617,0.0,246340.01
731,CMD-015,HDG_CRMA_LGB,3,4,216580.00663987617,0.0,216580.01
732,CMD-015,HDG_CRMA_LGB,3,4,221540.00663987617,0.0,218276.85
733,CMD-015,HDG_CRMA_LGB,3,4,221540.00663987617,0.0,221540.01
734,CMD-015,HDG_CRMA_LGB,4,4,221540.00663987617,0.0,221540.01
735,CMD-015,HDG_CRMB_LGB,1,1,277241.57747922564,1.0,277241.58
736,CMD-015,HDG_CRMB_LGB,1,2,272281.57747922564,0.0,272281.58
737,CMD-015,HDG_CRMB_LGB,1,3,242521.57747922564,0.0,242521.58
738,CMD-015,HDG_CRMB_LGB,1,4,212761.57747922564,0.0,212761.58
739,CMD-015,HDG_CRMB_LGB,1,2,277241.57747922564,0.0,273978.42
740,CMD-015,HDG_CRMB_LGB,1,3,247481.57747922564,0.0,244218.42
741,CMD-015,HDG_CRMB_LGB,1,4,217721.57747922564,0.0,214458.42
742,CMD-015,HDG_CRMB_LGB,1,3,252441.57747922564,0.0,245915.26
743,CMD-015,HDG_CRMB_LGB,1,4,222681.57747922564,0.0,216155.26
744,CMD-015,HDG_CRMB_LGB,1,4,227641.57747922564,0.0,217852.1
745,CMD-015,HDG_CRMB_LGB,1,2,277241.57747922564,0.0,277241.58
746,CMD-015,HDG_CRMB_LGB,1,3,247481.57747922564,0.0,247481.58
747,CMD-015,HDG_CRMB_LGB,1,4,217721.57747922564,0.0,217721.58
748,CMD-015,HDG_CRMB_LGB,1,3,252441.57747922564,0.0,249178.42
749,CMD-015,HDG_CRMB_LGB,1,4,222681.57747922564,0.0,219418.42
750,CMD-015,HDG_CRMB_LGB,1,4,227641.57747922564,0.0,221115.26
751,CMD-015,HDG_CRMB_LGB,1,3,252441.57747922564,0.0,252441.58
752,CMD-015,HDG_CRMB_LGB,1,4,222681.57747922564,0.0,222681.58
753,CMD-015,HDG_CRMB_LGB,1,4,227641.57747922564,0.0,224378.42
754,CMD-015,HDG_CRMB_LGB,1,4,227641.57747922564,0.0,227641.58
755,CMD-015,HDG_CRMB_LGB,2,2,277241.57747922564,0.0,277241.58
756,CMD-015,HDG_CRMB_LGB,2,3,247481.57747922564,0.0,247481.58
757,CMD-015,HDG_CRMB_LGB,2,4,217721.57747922564,0.0,217721.58
758,CMD-015,HDG_CRMB_LGB,2,3,252441.57747922564,0.0,249178.42
759,CMD-015,HDG_CRMB_LGB,2,4,222681.57747922564,0.0,219418.42
760,CMD-015,HDG_CRMB_LGB,2,4,227641.57747922564,0.0,221115.26
761,CMD-015,HDG_CRMB_LGB,2,3,252441.57747922564,0.0,252441.58
762,CMD-015,HDG_CRMB_LGB,2,4,222681.57747922564,0.0,222681.58
763,CMD-015,HDG_CRMB_LGB,2,4,227641.57747922564,0.0,224378.42
764,CMD-015,HDG_CRMB_LGB,2,4,227641.57747922564,0.0,227641.58
765,CMD-015,HDG_CRMB_LGB,3,3,252441.57747922564,0.0,252441.58
766,CMD-015,HDG_CRMB_LGB,3,4,222681.57747922564,0.0,222681.58
767,CMD-015,HDG_CRMB_LGB,3,4,227641.57747922564,0.0,224378.42
768,CMD-015,HDG_CRMB_LGB,3,4,227641.57747922564,0.0,227641.58
769,CMD-015,HDG_CRMB_LGB,4,4,227641.57747922564,0.0,227641.58
770,CMD-016,BACR_A_CRMB_BAF_LGB,1,1,269346.0336108496,0.0,269346.03
771,CMD-016,BACR_A_CRMB_BAF_LGB,1,2,264466.0336108496,0.0,264466.03
772,CMD-016,BACR_A_CRMB_BAF_LGB,1,3,235186.03361084958,0.0,235186.03
773,CMD-016,BACR_A_CRMB_BAF_LGB,1,4,205906.03361084958,0.0,205906.03
774,CMD-016,BACR_A_CRMB_BAF_LGB,1,2,269346.0336108496,0.0,266135.51
775,CMD-016,BACR_A_CRMB_BAF_LGB,1,3,240066.03361084958,0.0,236855.51
776,CMD-016,BACR_A_CRMB_BAF_LGB,1,4,210786.03361084958,0.0,207575.51
777,CMD-016,BACR_A_CRMB_BAF_LGB,1,3,244946.03361084958,0.0,238524.98
778,CMD-016,BACR_A_CRMB_BAF_LGB,1,4,215666.03361084958,0.0,209244.98
779,CMD-016,BACR_A_CRMB_BAF_LGB,1,4,220546.03361084958,0.0,210914.45
780,CMD-016,BACR_A_CRMB_BAF_LGB,1,2,269346.0336108496,0.0,266103.08
781,CMD-016,BACR_A_CRMB_BAF_LGB,1,3,240066.03361084958,0.0,236823.08
782,CMD-016,BACR_A_CRMB_BAF_LGB,1,4,210786.03361084958,0.0,207543.08
783,CMD-016,BACR_A_CRMB_BAF_LGB,1,3,244946.03361084958,0.0,238492.55
784,CMD-016,BACR_A_CRMB_BAF_LGB,1,4,215666.03361084958,0.0,209212.55
785,CMD-016,BACR_A_CRMB_BAF_LGB,1,4,220546.03361084958,0.0,210882.03
786,CMD-016,BACR_A_CRMB_BAF_LGB,1,3,244946.03361084958,0.0,238460.12
787,CMD-016,BACR_A_CRMB_BAF_LGB,1,4,215666.03361084958,0.0,209180.12
788,CMD-016,BACR_A_CRMB_BAF_LGB,1,4,220546.03361084958,0.0,210849.6
789,CMD-016,BACR_A_CRMB_BAF_LGB,1,4,220546.03361084958,0.0,210817.17
790,CMD-016,BACR_A_CRMB_BAF_LGB,1,2,269346.0336108496,0.0,269346.03
791,CMD-016,BACR_A_CRMB_BAF_LGB,1,3,240066.03361084958,0.0,240066.03
792,CMD-016,BACR_A_CRMB_BAF_LGB,1,4,210786.03361084958,0.0,210786.03
793,CMD-016,BACR_A_CRMB_BAF_LGB,1,3,244946.03361084958,0.0,241735.51
794,CMD-016,BACR_A_CRMB_BAF_LGB,1,4,215666.03361084958,0.0,212455.51
795,CMD-016,BACR_A_CRMB_BAF_LGB,1,4,220546.03361084958,0.0,214124.98
796,CMD-016,BACR_A_CRMB_BAF_LGB,1,3,244946.03361084958,0.0,241703.08
797,CMD-016,BACR_A_CRMB_BAF_LGB,1,4,215666.03361084958,0.0,212423.08
798,CMD-016,BACR_A_CRMB_BAF_LGB,1,4,220546.03361084958,0.0,214092.55
799,CMD-016,BACR_A_CRMB_BAF_LGB,1,4,220546.03361084958,0.0,214060.12
800,CMD-016,BACR_A_CRMB_BAF_LGB,1,3,244946.03361084958,0.0,244946.03
801,CMD-016,BACR_A_CRMB_BAF_LGB,1,4,215666.03361084958,0.0,215666.03
802,CMD-016,BACR_A_CRMB_BAF_LGB,1,4,220546.03361084958,0.0,217335.51
803,CMD-016,BACR_A_CRMB_BAF_LGB,1,4,220546.03361084958,0.0,217303.08
804,CMD-016,BACR_A_CRMB_BAF_LGB,1,4,220546.03361084958,0.0,220546.03
805,CMD-016,BACR_A_CRMB_BAF_LGB,2,2,269346.0336108496,0.0,269346.03
806,CMD-016,BACR_A_CRMB_BAF_LGB,2,3,240066.03361084958,0.0,240066.03
807,CMD-016,BACR_A_CRMB_BAF_LGB,2,4,210786.03361084958,0.0,210786.03
808,CMD-016,BACR_A_CRMB_BAF_LGB,2,3,244946.03361084958,0.0,241735.51
809,CMD-016,BACR_A_CRMB_BAF_LGB,2,4,215666.03361084958,0.0,212455.51
810,CMD-016,BACR_A_CRMB_BAF_LGB,2,4,220546.03361084958,0.0,214124.98
811,CMD-016,BACR_A_CRMB_BAF_LGB,2,3,244946.03361084958,0.0,241703.08
812,CMD-016,BACR_A_CRMB_BAF_LGB,2,4,215666.03361084958,0.0,212423.08
813,CMD-016,BACR_A_CRMB_BAF_LGB,2,4,220546.03361084958,0.0,214092.55
814,CMD-016,BACR_A_CRMB_BAF_LGB,2,4,220546.03361084958,0.0,214060.12
815,CMD-016,BACR_A_CRMB_BAF_LGB,2,3,244946.03361084958,0.0,244946.03
816,CMD-016,BACR_A_CRMB_BAF_LGB,2,4,215666.03361084958,0.0,215666.03
817,CMD-016,BACR_A_CRMB_BAF_LGB,2,4,220546.03361084958,0.0,217335.51
818,CMD-016,BACR_A_CRMB_BAF_LGB,2,4,220546.03361084958,0.0,217303.08
819,CMD-016,BACR_A_CRMB_BAF_LGB,2,4,220546.03361084958,0.0,220546.03
820,CMD-016,BACR_A_CRMB_BAF_LGB,3,3,244946.03361084958,0.0,244946.03
821,CMD-016,BACR_A_CRMB_BAF_LGB,3,4,215666.03361084958,0.0,215666.03
822,CMD-016,BACR_A_CRMB_BAF_LGB,3,4,220546.03361084958,0.0,217335.51
823,CMD-016,BACR_A_CRMB_BAF_LGB,3,4,220546.03361084958,0.0,217303.08
824,CMD-016,BACR_A_CRMB_BAF_LGB,3,4,220546.03361084958,0.0,220546.03
825,CMD-016,BACR_A_CRMB_BAF_LGB,4,4,220546.03361084958,0.0,220546.03
826,CMD-016,BACR_B_CRMA_LGB,1,1,300981.4116588755,0.0,300981.41
827,CMD-016,BACR_B_CRMA_LGB,1,2,296101.4116588755,0.0,296101.41
828,CMD-016,BACR_B_CRMA_LGB,1,3,266821.4116588755,0.0,266821.41
829,CMD-016,BACR_B_CRMA_LGB,1,4,237541.41165887553,0.0,237541.41
830,CMD-016,BACR_B_CRMA_LGB,1,2,300981.4116588755,0.0,297770.89
831,CMD-016,BACR_B_CRMA_LGB,1,3,271701.4116588755,0.0,268490.89
832,CMD-016,BACR_B_CRMA_LGB,1,4,242421.41165887553,0.0,239210.89
833,CMD-016,BACR_B_CRMA_LGB,1,3,276581.4116588755,0.0,270160.36
834,CMD-016,BACR_B_CRMA_LGB,1,4,247301.41165887553,0.0,240880.36
835,CMD-016,BACR_B_CRMA_LGB,1,4,252181.41165887553,0.0,242549.83
836,CMD-016,BACR_B_CRMA_LGB,1,2,300981.4116588755,0.0,300981.41
837,CMD-016,BACR_B_CRMA_LGB,1,3,271701.4116588755,0.0,271701.41
838,CMD-016,BACR_B_CRMA_LGB,1,4,242421.41165887553,0.0,242421.41
839,CMD-016,BACR_B_CRMA_LGB,1,3,276581.4116588755,0.0,273370.89
840,CMD-016,BACR_B_CRMA_LGB,1,4,247301.41165887553,0.0,244090.89
841,CMD-016,BACR_B_CRMA_LGB,1,4,252181.41165887553,0.0,245760.36
842,CMD-016,BACR_B_CRMA_LGB,1,3,276581.4116588755,0.0,276581.41
843,CMD-016,BACR_B_CRMA_LGB,1,4,247301.41165887553,0.0,247301.41
844,CMD-016,BACR_B_CRMA_LGB,1,4,252181.41165887553,0.0,248970.89
845,CMD-016,BACR_B_CRMA_LGB,1,4,252181.41165887553,0.0,252181.41
846,CMD-016,BACR_B_CRMA_LGB,2,2,300981.4116588755,0.0,300981.41
847,CMD-016,BACR_B_CRMA_LGB,2,3,271701.4116588755,0.0,271701.41
848,CMD-016,BACR_B_CRMA_LGB,2,4,242421.41165887553,0.0,242421.41
849,CMD-016,BACR_B_CRMA_LGB,2,3,276581.4116588755,0.0,273370.89
850,CMD-016,BACR_B_CRMA_LGB,2,4,247301.41165887553,0.0,244090.89
851,CMD-016,BACR_B_CRMA_LGB,2,4,252181.41165887553,0.0,245760.36
852,CMD-016,BACR_B_CRMA_LGB,2,3,276581.4116588755,0.0,276581.41
853,CMD-016,BACR_B_CRMA_LGB,2,4,247301.41165887553,0.0,247301.41
854,CMD-016,BACR_B_CRMA_LGB,2,4,252181.41165887553,0.0,248970.89
855,CMD-016,BACR_B_CRMA_LGB,2,4,252181.41165887553,0.0,252181.41
856,CMD-016,BACR_B_CRMA_LGB,3,3,276581.4116588755,0.0,276581.41
857,CMD-016,BACR_B_CRMA_LGB,3,4,247301.41165887553,0.0,247301.41
858,CMD-016,BACR_B_CRMA_LGB,3,4,252181.41165887553,0.0,248970.89
859,CMD-016,BACR_B_CRMA_LGB,3,4,252181.41165887553,0.0,252181.41
860,CMD-016,BACR_B_CRMA_LGB,4,4,252181.41165887553,0.0,252181.41
861,CMD-016,BACR_B_CRMB_LGB,1,1,307034.03904316237,1.0,307034.04
862,CMD-016,BACR_B_CRMB_LGB,1,2,302154.03904316237,0.0,302154.04
863,CMD-016,BACR_B_CRMB_LGB,1,3,272874.03904316237,0.0,272874.04
864,CMD-016,BACR_B_CRMB_LGB,1,4,243594.03904316237,0.0,243594.04
865,CMD-016,BACR_B_CRMB_LGB,1,2,307034.03904316237,0.0,303823.51
866,CMD-016,BACR_B_CRMB_LGB,1,3,277754.03904316237,0.0,274543.51
867,CMD-016,BACR_B_CRMB_LGB,1,4,248474.03904316237,0.0,245263.51
868,CMD-016,BACR_B_CRMB_LGB,1,3,282634.03904316237,0.0,276212.99
869,CMD-016,BACR_B_CRMB_LGB,1,4,253354.03904316237,0.0,246932.99
870,CMD-016,BACR_B_CRMB_LGB,1,4,258234.03904316237,0.0,248602.46
871,CMD-016,BACR_B_CRMB_LGB,1,2,307034.03904316237,0.0,307034.04
872,CMD-016,BACR_B_CRMB_LGB,1,3,277754.03904316237,0.0,277754.04
873,CMD-016,BACR_B_CRMB_LGB,1,4,248474.03904316237,0.0,248474.04
874,CMD-016,BACR_B_CRMB_LGB,1,3,282634.03904316237,0.0,279423.51
875,CMD-016,BACR_B_CRMB_LGB,1,4,253354.03904316237,0.0,250143.51
876,CMD-016,BACR_B_CRMB_LGB,1,4,258234.03904316237,0.0,251812.99
877,CMD-016,BACR_B_CRMB_LGB,1,3,282634.03904316237,0.0,282634.04
878,CMD-016,BACR_B_CRMB_LGB,1,4,253354.03904316237,0.0,253354.04
879,CMD-016,BACR_B_CRMB_LGB,1,4,258234.03904316237,0.0,255023.51
880,CMD-016,BACR_B_CRMB_LGB,1,4,258234.03904316237,0.0,258234.04
881,CMD-016,BACR_B_CRMB_LGB,2,2,307034.03904316237,0.0,307034.04
882,CMD-016,BACR_B_CRMB_LGB,2,3,277754.03904316237,0.0,277754.04
883,CMD-016,BACR_B_CRMB_LGB,2,4,248474.03904316237,0.0,248474.04
884,CMD-016,BACR_B_CRMB_LGB,2,3,282634.03904316237,0.0,279423.51
885,CMD-016,BACR_B_CRMB_LGB,2,4,253354.03904316237,0.0,250143.51
886,CMD-016,BACR_B_CRMB_LGB,2,4,258234.03904316237,0.0,251812.99
887,CMD-016,BACR_B_CRMB_LGB,2,3,282634.03904316237,0.0,282634.04
888,CMD-016,BACR_B_CRMB_LGB,2,4,253354.03904316237,0.0,253354.04
889,CMD-016,BACR_B_CRMB_LGB,2,4,258234.03904316237,0.0,255023.51
890,CMD-016,BACR_B_CRMB_LGB,2,4,258234.03904316237,0.0,258234.04
891,CMD-016,BACR_B_CRMB_LGB,3,3,282634.03904316237,0.0,282634.04
892,CMD-016,BACR_B_CRMB_LGB,3,4,253354.03904316237,0.0,253354.04
893,CMD-016,BACR_B_CRMB_LGB,3,4,258234.03904316237,0.0,255023.51
894,CMD-016,BACR_B_CRMB_LGB,3,4,258234.03904316237,0.0,258234.04
895,CMD-016,BACR_B_CRMB_LGB,4,4,258234.03904316237,0.0,258234.04
896,CMD-017,HDG_CRMA_LGB,1,1,288472.13657294656,0.0,288472.14
897,CMD-017,HDG_CRMA_LGB,1,2,283032.13657294656,0.0,283032.14
898,CMD-017,HDG_CRMA_LGB,1,3,250392.13657294656,0.0,250392.14
899,CMD-017,HDG_CRMA_LGB,1,4,217752.13657294656,0.0,217752.14
900,CMD-017,HDG_CRMA_LGB,1,2,288472.13657294656,0.0,284893.19
901,CMD-017,HDG_CRMA_LGB,1,3,255832.13657294656,0.0,252253.19
902,CMD-017,HDG_CRMA_LGB,1,4,223192.13657294656,0.0,219613.19
903,CMD-017,HDG_CRMA_LGB,1,3,261272.13657294656,0.0,254114.24
904,CMD-017,HDG_CRMA_LGB,1,4,228632.13657294656,0.0,221474.24
905,CMD-017,HDG_CRMA_LGB,1,4,234072.13657294656,0.0,223335.29
906,CMD-017,HDG_CRMA_LGB,1,2,288472.13657294656,0.0,288472.14
907,CMD-017,HDG_CRMA_LGB,1,3,255832.13657294656,0.0,255832.14
908,CMD-017,HDG_CRMA_LGB,1,4,223192.13657294656,0.0,223192.14
909,CMD-017,HDG_CRMA_LGB,1,3,261272.13657294656,0.0,257693.19
910,CMD-017,HDG_CRMA_LGB,1,4,228632.13657294656,0.0,225053.19
911,CMD-017,HDG_CRMA_LGB,1,4,234072.13657294656,0.0,226914.24
912,CMD-017,HDG_CRMA_LGB,1,3,261272.13657294656,0.0,261272.14
913,CMD-017,HDG_CRMA_LGB,1,4,228632.13657294656,0.0,228632.14
914,CMD-017,HDG_CRMA_LGB,1,4,234072.13657294656,0.0,230493.19
915,CMD-017,HDG_CRMA_LGB,1,4,234072.13657294656,0.0,234072.14
916,CMD-017,HDG_CRMA_LGB,2,2,288472.13657294656,0.0,288472.14
917,CMD-017,HDG_CRMA_LGB,2,3,255832.13657294656,0.0,255832.14
918,CMD-017,HDG_CRMA_LGB,2,4,223192.13657294656,0.0,223192.14
919,CMD-017,HDG_CRMA_LGB,2,3,261272.13657294656,0.0,257693.19
920,CMD-017,HDG_CRMA_LGB,2,4,228632.13657294656,0.0,225053.19
921,CMD-017,HDG_CRMA_LGB,2,4,234072.13657294656,0.0,226914.24
922,CMD-017,HDG_CRMA_LGB,2,3,261272.13657294656,0.0,261272.14
923,CMD-017,HDG_CRMA_LGB,2,4,228632.13657294656,0.0,228632.14
924,CMD-017,HDG_CRMA_LGB,2,4,234072.13657294656,0.0,230493.19
925,CMD-017,HDG_CRMA_LGB,2,4,234072.13657294656,0.0,234072.14
926,CMD-017,HDG_CRMA_LGB,3,3,261272.13657294656,0.0,261272.14
927,CMD-017,HDG_CRMA_LGB,3,4,228632.13657294656,0.0,228632.14
928,CMD-017,HDG_CRMA_LGB,3,4,234072.13657294656,0.0,230493.19
929,CMD-017,HDG_CRMA_LGB,3,4,234072.13657294656,0.0,234072.14
930,CMD-017,HDG_CRMA_LGB,4,4,234072.13657294656,0.0,234072.14
931,CMD-017,HDG_CRMB_LGB,1,1,295781.51692159363,0.0,295781.52
932,CMD-017,HDG_CRMB_LGB,1,2,290341.51692159363,0.0,290341.52
933,CMD-017,HDG_CRMB_LGB,1,3,257701.51692159363,0.0,257701.52
934,CMD-017,HDG_CRMB_LGB,1,4,225061.51692159363,0.0,225061.52
935,CMD-017,HDG_CRMB_LGB,1,2,295781.51692159363,0.0,292202.57
936,CMD-017,HDG_CRMB_LGB,1,3,263141.51692159363,0.0,259562.57
937,CMD-017,HDG_CRMB_LGB,1,4,230501.51692159363,0.0,226922.57
938,CMD-017,HDG_CRMB_LGB,1,3,268581.51692159363,0.0,261423.62
939,CMD-017,HDG_CRMB_LGB,1,4,235941.51692159363,0.0,228783.62
940,CMD-017,HDG_CRMB_LGB,1,4,241381.51692159363,0.0,230644.67
941,CMD-017,HDG_CRMB_LGB,1,2,295781.51692159363,0.0,295781.52
942,CMD-017,HDG_CRMB_LGB,1,3,263141.51692159363,0.0,263141.52
943,CMD-017,HDG_CRMB_LGB,1,4,230501.51692159363,0.0,230501.52
944,CMD-017,HDG_CRMB_LGB,1,3,268581.51692159363,0.0,265002.57
945,CMD-017,HDG_CRMB_LGB,1,4,235941.51692159363,0.0,232362.57
946,CMD-017,HDG_CRMB_LGB,1,4,241381.51692159363,0.0,234223.62
947,CMD-017,HDG_CRMB_LGB,1,3,268581.51692159363,0.0,268581.52
948,CMD-017,HDG_CRMB_LGB,1,4,235941.51692159363,0.0,235941.52
949,CMD-017,HDG_CRMB_LGB,1,4,241381.51692159363,0.0,237802.57
950,CMD-017,HDG_CRMB_LGB,1,4,241381.51692159363,0.0,241381.52
951,CMD-017,HDG_CRMB_LGB,2,2,295781.51692159363,0.0,295781.52
952,CMD-017,HDG_CRMB_LGB,2,3,263141.51692159363,0.0,263141.52
953,CMD-017,HDG_CRMB_LGB,2,4,230501.51692159363,0.0,230501.52
954,CMD-017,HDG_CRMB_LGB,2,3,268581.51692159363,0.0,265002.57
955,CMD-017,HDG_CRMB_LGB,2,4,235941.51692159363,0.0,232362.57
956,CMD-017,HDG_CRMB_LGB,2,4,241381.51692159363,0.0,234223.62
957,CMD-017,HDG_CRMB_LGB,2,3,268581.51692159363,0.0,268581.52
958,CMD-017,HDG_CRMB_LGB,2,4,235941.51692159363,0.0,235941.52
959,CMD-017,HDG_CRMB_LGB,2,4,241381.51692159363,0.0,237802.57
960,CMD-017,HDG_CRMB_LGB,2,4,241381.51692159363,0.0,241381.52
961,CMD-017,HDG_CRMB_LGB,3,3,268581.51692159363,0.0,268581.52
962,CMD-017,HDG_CRMB_LGB,3,4,235941.51692159363,0.0,235941.52
963,CMD-017,HDG_CRMB_LGB,3,4,241381.51692159363,0.0,237802.57
964,CMD-017,HDG_CRMB_LGB,3,4,241381.51692159363,0.0,241381.52
965,CMD-017,HDG_CRMB_LGB,4,4,241381.51692159363,0.0,241381.52
966,CMD-018,HDG_CRMA_LGB,1,1,332929.1391655857,0.0,332929.14
967,CMD-018,HDG_CRMA_LGB,1,2,326169.1391655857,0.0,326169.14
968,CMD-018,HDG_CRMA_LGB,1,3,285609.1391655857,0.0,285609.14
969,CMD-018,HDG_CRMA_LGB,1,4,245049.1391655857,0.0,245049.14
970,CMD-018,HDG_CRMA_LGB,1,2,332929.1391655857,0.0,328481.77
971,CMD-018,HDG_CRMA_LGB,1,3,292369.1391655857,0.0,287921.77
972,CMD-018,HDG_CRMA_LGB,1,4,251809.1391655857,0.0,247361.77
973,CMD-018,HDG_CRMA_LGB,1,3,299129.1391655857,0.0,290234.4
974,CMD-018,HDG_CRMA_LGB,1,4,258569.1391655857,0.0,249674.4
975,CMD-018,HDG_CRMA_LGB,1,4,265329.1391655857,0.0,251987.03
976,CMD-018,HDG_CRMA_LGB,1,2,332929.1391655857,0.0,332929.14
977,CMD-018,HDG_CRMA_LGB,1,3,292369.1391655857,0.0,292369.14
978,CMD-018,HDG_CRMA_LGB,1,4,251809.1391655857,0.0,251809.14
979,CMD-018,HDG_CRMA_LGB,1,3,299129.1391655857,0.0,294681.77
980,CMD-018,HDG_CRMA_LGB,1,4,258569.1391655857,0.0,254121.77
981,CMD-018,HDG_CRMA_LGB,1,4,265329.1391655857,0.0,256434.4
982,CMD-018,HDG_CRMA_LGB,1,3,299129.1391655857,0.0,299129.14
983,CMD-018,HDG_CRMA_LGB,1,4,258569.1391655857,0.0,258569.14
984,CMD-018,HDG_CRMA_LGB,1,4,265329.1391655857,0.0,260881.77
985,CMD-018,HDG_CRMA_LGB,1,4,265329.1391655857,0.0,265329.14
986,CMD-018,HDG_CRMA_LGB,2,2,332929.1391655857,0.0,332929.14
987,CMD-018,HDG_CRMA_LGB,2,3,292369.1391655857,0.0,292369.14
988,CMD-018,HDG_CRMA_LGB,2,4,251809.1391655857,0.0,251809.14
989,CMD-018,HDG_CRMA_LGB,2,3,299129.1391655857,0.0,294681.77
990,CMD-018,HDG_CRMA_LGB,2,4,258569.1391655857,0.0,254121.77
991,CMD-018,HDG_CRMA_LGB,2,4,265329.1391655857,0.0,256434.4
992,CMD-018,HDG_CRMA_LGB,2,3,299129.1391655857,0.0,299129.14
993,CMD-018,HDG_CRMA_LGB,2,4,258569.1391655857,0.0,258569.14
994,CMD-018,HDG_CRMA_LGB,2,4,265329.1391655857,0.0,260881.77
995,CMD-018,HDG_CRMA_LGB,2,4,265329.1391655857,0.0,265329.14
996,CMD-018,HDG_CRMA_LGB,3,3,299129.1391655857,0.0,299129.14
997,CMD-018,HDG_CRMA_LGB,3,4,258569.1391655857,0.0,258569.14
998,CMD-018,HDG_CRMA_LGB,3,4,265329.1391655857,0.0,260881.77
999,CMD-018,HDG_CRMA_LGB,3,4,265329.1391655857,0.0,265329.14
1000,CMD-018,HDG_CRMA_LGB,4,4,265329.1391655857,0.0,265329.14
1001,CMD-018,HDG_CRMB_LGB,1,1,341984.2204558338,0.0,341984.22
1002,CMD-018,HDG_CRMB_LGB,1,2,335224.2204558338,0.0,335224.22
1003,CMD-018,HDG_CRMB_LGB,1,3,294664.2204558338,0.0,294664.22
1004,CMD-018,HDG_CRMB_LGB,1,4,254104.22045583383,0.0,254104.22
1005,CMD-018,HDG_CRMB_LGB,1,2,341984.2204558338,0.0,337536.85
1006,CMD-018,HDG_CRMB_LGB,1,3,301424.2204558338,0.0,296976.85
1007,CMD-018,HDG_CRMB_LGB,1,4,260864.22045583383,0.0,256416.85
1008,CMD-018,HDG_CRMB_LGB,1,3,308184.2204558338,0.0,299289.48
1009,CMD-018,HDG_CRMB_LGB,1,4,267624.2204558338,0.0,258729.48
1010,CMD-018,HDG_CRMB_LGB,1,4,274384.2204558338,0.0,261042.12
1011,CMD-018,HDG_CRMB_LGB,1,2,341984.2204558338,0.0,341984.22
1012,CMD-018,HDG_CRMB_LGB,1,3,301424.2204558338,0.0,301424.22
1013,CMD-018,HDG_CRMB_LGB,1,4,260864.22045583383,0.0,260864.22
1014,CMD-018,HDG_CRMB_LGB,1,3,308184.2204558338,0.0,303736.85
1015,CMD-018,HDG_CRMB_LGB,1,4,267624.2204558338,0.0,263176.85
1016,CMD-018,HDG_CRMB_LGB,1,4,274384.2204558338,0.0,265489.48
1017,CMD-018,HDG_CRMB_LGB,1,3,308184.2204558338,0.0,308184.22
1018,CMD-018,HDG_CRMB_LGB,1,4,267624.2204558338,0.0,267624.22
1019,CMD-018,HDG_CRMB_LGB,1,4,274384.2204558338,0.0,269936.85
1020,CMD-018,HDG_CRMB_LGB,1,4,274384.2204558338,0.0,274384.22
1021,CMD-018,HDG_CRMB_LGB,2,2,341984.2204558338,0.0,341984.22
1022,CMD-018,HDG_CRMB_LGB,2,3,301424.2204558338,0.0,301424.22
1023,CMD-018,HDG_CRMB_LGB,2,4,260864.22045583383,0.0,260864.22
1024,CMD-018,HDG_CRMB_LGB,2,3,308184.2204558338,0.0,303736.85
1025,CMD-018,HDG_CRMB_LGB,2,4,267624.2204558338,0.0,263176.85
1026,CMD-018,HDG_CRMB_LGB,2,4,274384.2204558338,0.0,265489.48
1027,CMD-018,HDG_CRMB_LGB,2,3,308184.2204558338,0.0,308184.22
1028,CMD-018,HDG_CRMB_LGB,2,4,267624.2204558338,0.0,267624.22
1029,CMD-018,HDG_CRMB_LGB,2,4,274384.2204558338,0.0,269936.85
1030,CMD-018,HDG_CRMB_LGB,2,4,274384.2204558338,0.0,274384.22
1031,CMD-018,HDG_CRMB_LGB,3,3,308184.2204558338,0.0,308184.22
1032,CMD-018,HDG_CRMB_LGB,3,4,267624.2204558338,0.0,267624.22
1033,CMD-018,HDG_CRMB_LGB,3,4,274384.2204558338,0.0,269936.85
1034,CMD-018,HDG_CRMB_LGB,3,4,274384.2204558338,0.0,274384.22
1035,CMD-018,HDG_CRMB_LGB,4,4,274384.2204558338,0.0,274384.22
1036,CMD-019,HDG_CRMA_LGB,1,1,333894.45598756376,0.0,333894.46
1037,CMD-019,HDG_CRMA_LGB,1,2,327934.45598756376,0.0,327934.46
1038,CMD-019,HDG_CRMA_LGB,1,3,292174.45598756376,0.0,292174.46
1039,CMD-019,HDG_CRMA_LGB,1,4,256414.45598756376,0.0,256414.46
1040,CMD-019,HDG_CRMA_LGB,1,2,333894.45598756376,0.0,329973.4
1041,CMD-019,HDG_CRMA_LGB,1,3,298134.45598756376,0.0,294213.4
1042,CMD-019,HDG_CRMA_LGB,1,4,262374.45598756376,0.0,258453.4
1043,CMD-019,HDG_CRMA_LGB,1,3,304094.45598756376,0.0,296252.35
1044,CMD-019,HDG_CRMA_LGB,1,4,268334.45598756376,0.0,260492.35
1045,CMD-019,HDG_CRMA_LGB,1,4,274294.45598756376,0.0,262531.3
1046,CMD-019,HDG_CRMA_LGB,1,2,333894.45598756376,0.0,333894.46
1047,CMD-019,HDG_CRMA_LGB,1,3,298134.45598756376,0.0,298134.46
1048,CMD-019,HDG_CRMA_LGB,1,4,262374.45598756376,0.0,262374.46
1049,CMD-019,HDG_CRMA_LGB,1,3,304094.45598756376,0.0,300173.4
1050,CMD-019,HDG_CRMA_LGB,1,4,268334.45598756376,0.0,264413.4
1051,CMD-019,HDG_CRMA_LGB,1,4,274294.45598756376,0.0,266452.35
1052,CMD-019,HDG_CRMA_LGB,1,3,304094.45598756376,0.0,304094.46
1053,CMD-019,HDG_CRMA_LGB,1,4,268334.45598756376,0.0,268334.46
1054,CMD-019,HDG_CRMA_LGB,1,4,274294.45598756376,0.0,270373.4
1055,CMD-019,HDG_CRMA_LGB,1,4,274294.45598756376,0.0,274294.46
1056,CMD-019,HDG_CRMA_LGB,2,2,333894.45598756376,0.0,333894.46
1057,CMD-019,HDG_CRMA_LGB,2,3,298134.45598756376,0.0,298134.46
1058,CMD-019,HDG_CRMA_LGB,2,4,262374.45598756376,0.0,262374.46
1059,CMD-019,HDG_CRMA_LGB,2,3,304094.45598756376,0.0,300173.4
1060,CMD-019,HDG_CRMA_LGB,2,4,268334.45598756376,0.0,264413.4
1061,CMD-019,HDG_CRMA_LGB,2,4,274294.45598756376,0.0,266452.35
1062,CMD-019,HDG_CRMA_LGB,2,3,304094.45598756376,0.0,304094.46
1063,CMD-019,HDG_CRMA_LGB,2,4,268334.45598756376,0.0,268334.46
1064,CMD-019,HDG_CRMA_LGB,2,4,274294.45598756376,0.0,270373.4
1065,CMD-019,HDG_CRMA_LGB,2,4,274294.45598756376,0.0,274294.46
1066,CMD-019,HDG_CRMA_LGB,3,3,304094.45598756376,0.0,304094.46
1067,CMD-019,HDG_CRMA_LGB,3,4,268334.45598756376,0.0,268334.46
1068,CMD-019,HDG_CRMA_LGB,3,4,274294.45598756376,0.0,270373.4
1069,CMD-019,HDG_CRMA_LGB,3,4,274294.45598756376,0.0,274294.46
1070,CMD-019,HDG_CRMA_LGB,4,4,274294.45598756376,0.0,274294.46
1071,CMD-019,HDG_CRMB_LGB,1,1,341048.4567190439,0.0,341048.46
1072,CMD-019,HDG_CRMB_LGB,1,2,335088.4567190439,0.0,335088.46
1073,CMD-019,HDG_CRMB_LGB,1,3,299328.4567190439,0.0,299328.46
1074,CMD-019,HDG_CRMB_LGB,1,4,263568.4567190439,0.0,263568.46
1075,CMD-019,HDG_CRMB_LGB,1,2,341048.4567190439,0.0,337127.4
1076,CMD-019,HDG_CRMB_LGB,1,3,305288.4567190439,0.0,301367.4
1077,CMD-019,HDG_CRMB_LGB,1,4,269528.4567190439,0.0,265607.4
1078,CMD-019,HDG_CRMB_LGB,1,3,311248.4567190439,0.0,303406.35
1079,CMD-019,HDG_CRMB_LGB,1,4,275488.4567190439,0.0,267646.35
1080,CMD-019,HDG_CRMB_LGB,1,4,281448.4567190439,0.0,269685.3
1081,CMD-019,HDG_CRMB_LGB,1,2,341048.4567190439,0.0,341048.46
1082,CMD-019,HDG_CRMB_LGB,1,3,305288.4567190439,0.0,305288.46
1083,CMD-019,HDG_CRMB_LGB,1,4,269528.4567190439,0.0,269528.46
1084,CMD-019,HDG_CRMB_LGB,1,3,311248.4567190439,0.0,307327.4
1085,CMD-019,HDG_CRMB_LGB,1,4,275488.4567190439,0.0,271567.4
1086,CMD-019,HDG_CRMB_LGB,1,4,281448.4567190439,0.0,273606.35
1087,CMD-019,HDG_CRMB_LGB,1,3,311248.4567190439,0.0,311248.46
1088,CMD-019,HDG_CRMB_LGB,1,4,275488.4567190439,0.0,275488.46
1089,CMD-019,HDG_CRMB_LGB,1,4,281448.4567190439,0.0,277527.4
1090,CMD-019,HDG_CRMB_LGB,1,4,281448.4567190439,0.0,281448.46
1091,CMD-019,HDG_CRMB_LGB,2,2,341048.4567190439,1.0,341048.46
1092,CMD-019,HDG_CRMB_LGB,2,3,305288.4567190439,0.0,305288.46
1093,CMD-019,HDG_CRMB_LGB,2,4,269528.4567190439,0.0,269528.46
1094,CMD-019,HDG_CRMB_LGB,2,3,311248.4567190439,0.0,307327.4
1095,CMD-019,HDG_CRMB_LGB,2,4,275488.4567190439,0.0,271567.4
1096,CMD-019,HDG_CRMB_LGB,2,4,281448.4567190439,0.0,273606.35
1097,CMD-019,HDG_CRMB_LGB,2,3,311248.4567190439,0.0,311248.46
1098,CMD-019,HDG_CRMB_LGB,2,4,275488.4567190439,0.0,275488.46
1099,CMD-019,HDG_CRMB_LGB,2,4,281448.4567190439,0.0,277527.4
1100,CMD-019,HDG_CRMB_LGB,2,4,281448.4567190439,0.0,281448.46
1101,CMD-019,HDG_CRMB_LGB,3,3,311248.4567190439,0.0,311248.46
1102,CMD-019,HDG_CRMB_LGB,3,4,275488.4567190439,0.0,275488.46
1103,CMD-019,HDG_CRMB_LGB,3,4,281448.4567190439,0.0,277527.4
1104,CMD-019,HDG_CRMB_LGB,3,4,281448.4567190439,0.0,281448.46
1105,CMD-019,HDG_CRMB_LGB,4,4,281448.4567190439,0.0,281448.46
1106,CMD-020,PPGI_CRMA_LGA,1,1,812520.6751483897,0.0,812520.68
1107,CMD-020,PPGI_CRMA_LGA,1,2,804800.6751483897,0.0,804800.68
1108,CMD-020,PPGI_CRMA_LGA,1,3,758480.6751483897,0.0,758480.68
1109,CMD-020,PPGI_CRMA_LGA,1,4,712160.6751483897,0.0,712160.68
1110,CMD-020,PPGI_CRMA_LGA,1,2,812520.6751483897,0.0,807414.86
1111,CMD-020,PPGI_CRMA_LGA,1,3,766200.6751483897,0.0,761094.86
1112,CMD-020,PPGI_CRMA_LGA,1,4,719880.6751483897,0.0,714774.86
1113,CMD-020,PPGI_CRMA_LGA,1,3,773920.6751483897,0.0,763709.03
1114,CMD-020,PPGI_CRMA_LGA,1,4,727600.6751483897,0.0,717389.03
1115,CMD-020,PPGI_CRMA_LGA,1,4,735320.6751483897,0.0,720003.21
1116,CMD-020,PPGI_CRMA_LGA,1,2,812520.6751483897,0.0,812520.68
1117,CMD-020,PPGI_CRMA_LGA,1,3,766200.6751483897,0.0,766200.68
1118,CMD-020,PPGI_CRMA_LGA,1,4,719880.6751483897,0.0,719880.68
1119,CMD-020,PPGI_CRMA_LGA,1,3,773920.6751483897,0.0,768814.86
1120,CMD-020,PPGI_CRMA_LGA,1,4,727600.6751483897,0.0,722494.86
1121,CMD-020,PPGI_CRMA_LGA,1,4,735320.6751483897,0.0,725109.03
1122,CMD-020,PPGI_CRMA_LGA,1,3,773920.6751483897,0.0,773920.68
1123,CMD-020,PPGI_CRMA_LGA,1,4,727600.6751483897,0.0,727600.68
1124,CMD-020,PPGI_CRMA_LGA,1,4,735320.6751483897,0.0,730214.86
1125,CMD-020,PPGI_CRMA_LGA,1,4,735320.6751483897,0.0,735320.68
1126,CMD-020,PPGI_CRMA_LGA,2,2,812520.6751483897,0.0,812520.68
1127,CMD-020,PPGI_CRMA_LGA,2,3,766200.6751483897,0.0,766200.68
1128,CMD-020,PPGI_CRMA_LGA,2,4,719880.6751483897,0.0,719880.68
1129,CMD-020,PPGI_CRMA_LGA,2,3,773920.6751483897,0.0,768814.86
1130,CMD-020,PPGI_CRMA_LGA,2,4,727600.6751483897,0.0,722494.86
1131,CMD-020,PPGI_CRMA_LGA,2,4,735320.6751483897,0.0,725109.03
1132,CMD-020,PPGI_CRMA_LGA,2,3,773920.6751483897,0.0,773920.68
1133,CMD-020,PPGI_CRMA_LGA,2,4,727600.6751483897,0.0,727600.68
1134,CMD-020,PPGI_CRMA_LGA,2,4,735320.6751483897,0.0,730214.86
1135,CMD-020,PPGI_CRMA_LGA,2,4,735320.6751483897,0.0,735320.68
1136,CMD-020,PPGI_CRMA_LGA,3,3,773920.6751483897,0.0,773920.68
1137,CMD-020,PPGI_CRMA_LGA,3,4,727600.6751483897,0.0,727600.68
1138,CMD-020,PPGI_CRMA_LGA,3,4,735320.6751483897,0.0,730214.86
1139,CMD-020,PPGI_CRMA_LGA,3,4,735320.6751483897,0.0,735320.68
1140,CMD-020,PPGI_CRMA_LGA,4,4,735320.6751483897,0.0,735320.68
1141,CMD-020,PPGI_CRMB_LGA,1,1,822261.3636280973,0.0,822261.36
1142,CMD-020,PPGI_CRMB_LGA,1,2,814541.3636280973,0.0,814541.36
1143,CMD-020,PPGI_CRMB_LGA,1,3,768221.3636280973,0.0,768221.36
1144,CMD-020,PPGI_CRMB_LGA,1,4,721901.3636280973,0.0,721901.36
1145,CMD-020,PPGI_CRMB_LGA,1,2,822261.3636280973,0.0,817155.54
1146,CMD-020,PPGI_CRMB_LGA,1,3,775941.3636280973,0.0,770835.54
1147,CMD-020,PPGI_CRMB_LGA,1,4,729621.3636280973,0.0,724515.54
1148,CMD-020,PPGI_CRMB_LGA,1,3,783661.3636280973,0.0,773449.72
1149,CMD-020,PPGI_CRMB_LGA,1,4,737341.3636280973,0.0,727129.72
1150,CMD-020,PPGI_CRMB_LGA,1,4,745061.3636280973,0.0,729743.9
1151,CMD-020,PPGI_CRMB_LGA,1,2,822261.3636280973,0.0,822261.36
1152,CMD-020,PPGI_CRMB_LGA,1,3,775941.3636280973,0.0,775941.36
1153,CMD-020,PPGI_CRMB_LGA,1,4,729621.3636280973,0.0,729621.36
1154,CMD-020,PPGI_CRMB_LGA,1,3,783661.3636280973,0.0,778555.54
1155,CMD-020,PPGI_CRMB_LGA,1,4,737341.3636280973,0.0,732235.54
1156,CMD-020,PPGI_CRMB_LGA,1,4,745061.3636280973,0.0,734849.72
1157,CMD-020,PPGI_CRMB_LGA,1,3,783661.3636280973,0.0,783661.36
1158,CMD-020,PPGI_CRMB_LGA,1,4,737341.3636280973,0.0,737341.36
1159,CMD-020,PPGI_CRMB_LGA,1,4,745061.3636280973,0.0,739955.54
1160,CMD-020,PPGI_CRMB_LGA,1,4,745061.3636280973,0.0,745061.36
1161,CMD-020,PPGI_CRMB_LGA,2,2,822261.3636280973,1.0,822261.36
1162,CMD-020,PPGI_CRMB_LGA,2,3,775941.3636280973,0.0,775941.36
1163,CMD-020,PPGI_CRMB_LGA,2,4,729621.3636280973,0.0,729621.36
1164,CMD-020,PPGI_CRMB_LGA,2,3,783661.3636280973,0.0,778555.54
1165,CMD-020,PPGI_CRMB_LGA,2,4,737341.3636280973,0.0,732235.54
1166,CMD-020,PPGI_CRMB_LGA,2,4,745061.3636280973,0.0,734849.72
1167,CMD-020,PPGI_CRMB_LGA,2,3,783661.3636280973,0.0,783661.36
1168,CMD-020,PPGI_CRMB_LGA,2,4,737341.3636280973,0.0,737341.36
1169,CMD-020,PPGI_CRMB_LGA,2,4,745061.3636280973,0.0,739955.54
1170,CMD-020,PPGI_CRMB_LGA,2,4,745061.3636280973,0.0,745061.36
1171,CMD-020,PPGI_CRMB_LGA,3,3,783661.3636280973,0.0,783661.36
1172,CMD-020,PPGI_CRMB_LGA,3,4,737341.3636280973,0.0,737341.36
1173,CMD-020,PPGI_CRMB_LGA,3,4,745061.3636280973,0.0,739955.54
1174,CMD-020,PPGI_CRMB_LGA,3,4,745061.3636280973,0.0,745061.36
1175,CMD-020,PPGI_CRMB_LGA,4,4,745061.3636280973,0.0,745061.36
1176,CMD-021,CRC_CRMB_BAF_SKP,1,1,336255.53290903865,0.0,336255.53
1177,CMD-021,CRC_CRMB_BAF_SKP,1,2,330135.53290903865,0.0,341610.53
1178,CMD-021,CRC_CRMB_BAF_SKP,1,3,293415.53290903865,0.0,301065.53
1179,CMD-021,CRC_CRMB_BAF_SKP,1,4,256695.53290903865,0.0,260520.53
1180,CMD-021,CRC_CRMB_BAF_SKP,1,2,336255.53290903865,0.0,332411.31
1181,CMD-021,CRC_CRMB_BAF_SKP,1,3,299535.53290903865,0.0,291866.31
1182,CMD-021,CRC_CRMB_BAF_SKP,1,4,262815.53290903865,0.0,251321.31
1183,CMD-021,CRC_CRMB_BAF_SKP,1,3,305655.53290903865,0.0,297967.09
1184,CMD-021,CRC_CRMB_BAF_SKP,1,4,268935.53290903865,0.0,257422.09
1185,CMD-021,CRC_CRMB_BAF_SKP,1,4,275055.53290903865,0.0,263522.87
1186,CMD-021,CRC_CRMB_BAF_SKP,1,2,336255.53290903865,0.0,332372.48
1187,CMD-021,CRC_CRMB_BAF_SKP,1,3,299535.53290903865,0.0,291827.48
1188,CMD-021,CRC_CRMB_BAF_SKP,1,4,262815.53290903865,0.0,251282.48
1189,CMD-021,CRC_CRMB_BAF_SKP,1,3,305655.53290903865,0.0,297928.26
1190,CMD-021,CRC_CRMB_BAF_SKP,1,4,268935.53290903865,0.0,257383.26
1191,CMD-021,CRC_CRMB_BAF_SKP,1,4,275055.53290903865,0.0,263484.04
1192,CMD-021,CRC_CRMB_BAF_SKP,1,3,305655.53290903865,0.0,297889.43
1193,CMD-021,CRC_CRMB_BAF_SKP,1,4,268935.53290903865,0.0,257344.43
1194,CMD-021,CRC_CRMB_BAF_SKP,1,4,275055.53290903865,0.0,263445.21
1195,CMD-021,CRC_CRMB_BAF_SKP,1,4,275055.53290903865,0.0,263406.38
1196,CMD-021,CRC_CRMB_BAF_SKP,1,2,336255.53290903865,0.0,336255.53
1197,CMD-021,CRC_CRMB_BAF_SKP,1,3,299535.53290903865,0.0,295710.53
1198,CMD-021,CRC_CRMB_BAF_SKP,1,4,262815.53290903865,0.0,255165.53
1199,CMD-021,CRC_CRMB_BAF_SKP,1,3,305655.53290903865,0.0,301811.31
1200,CMD-021,CRC_CRMB_BAF_SKP,1,4,268935.53290903865,0.0,261266.31
1201,CMD-021,CRC_CRMB_BAF_SKP,1,4,275055.53290903865,0.0,267367.09
1202,CMD-021,CRC_CRMB_BAF_SKP,1,3,305655.53290903865,0.0,301772.48
1203,CMD-021,CRC_CRMB_BAF_SKP,1,4,268935.53290903865,0.0,261227.48
1204,CMD-021,CRC_CRMB_BAF_SKP,1,4,275055.53290903865,0.0,267328.26
1205,CMD-021,CRC_CRMB_BAF_SKP,1,4,275055.53290903865,0.0,267289.43
1206,CMD-021,CRC_CRMB_BAF_SKP,1,3,305655.53290903865,0.0,305655.53
1207,CMD-021,CRC_CRMB_BAF_SKP,1,4,268935.53290903865,0.0,265110.53
1208,CMD-021,CRC_CRMB_BAF_SKP,1,4,275055.53290903865,0.0,271211.31
1209,CMD-021,CRC_CRMB_BAF_SKP,1,4,275055.53290903865,0.0,271172.48
1210,CMD-021,CRC_CRMB_BAF_SKP,1,4,275055.53290903865,0.0,275055.53
1211,CMD-021,CRC_CRMB_BAF_SKP,2,2,336255.53290903865,1.0,336255.53
1212,CMD-021,CRC_CRMB_BAF_SKP,2,3,299535.53290903865,0.0,295710.53
1213,CMD-021,CRC_CRMB_BAF_SKP,2,4,262815.53290903865,0.0,255165.53
1214,CMD-021,CRC_CRMB_BAF_SKP,2,3,305655.53290903865,0.0,301811.31
1215,CMD-021,CRC_CRMB_BAF_SKP,2,4,268935.53290903865,0.0,261266.31
1216,CMD-021,CRC_CRMB_BAF_SKP,2,4,275055.53290903865,0.0,267367.09
1217,CMD-021,CRC_CRMB_BAF_SKP,2,3,305655.53290903865,0.0,301772.48
1218,CMD-021,CRC_CRMB_BAF_SKP,2,4,268935.53290903865,0.0,261227.48
1219,CMD-021,CRC_CRMB_BAF_SKP,2,4,275055.53290903865,0.0,267328.26
1220,CMD-021,CRC_CRMB_BAF_SKP,2,4,275055.53290903865,0.0,267289.43
1221,CMD-021,CRC_CRMB_BAF_SKP,2,3,305655.53290903865,0.0,305655.53
1222,CMD-021,CRC_CRMB_BAF_SKP,2,4,268935.53290903865,0.0,265110.53
1223,CMD-021,CRC_CRMB_BAF_SKP,2,4,275055.53290903865,0.0,271211.31
1224,CMD-021,CRC_CRMB_BAF_SKP,2,4,275055.53290903865,0.0,271172.48
1225,CMD-021,CRC_CRMB_BAF_SKP,2,4,275055.53290903865,0.0,275055.53
1226,CMD-021,CRC_CRMB_BAF_SKP,3,3,305655.53290903865,0.0,305655.53
1227,CMD-021,CRC_CRMB_BAF_SKP,3,4,268935.53290903865,0.0,265110.53
1228,CMD-021,CRC_CRMB_BAF_SKP,3,4,275055.53290903865,0.0,271211.31
1229,CMD-021,CRC_CRMB_BAF_SKP,3,4,275055.53290903865,0.0,271172.48
1230,CMD-021,CRC_CRMB_BAF_SKP,3,4,275055.53290903865,0.0,275055.53
1231,CMD-021,CRC_CRMB_BAF_SKP,4,4,275055.53290903865,0.0,275055.53
1232,CMD-022,HDG_CRMA_LGA,1,1,698404.1665715507,0.0,698404.17
1233,CMD-022,HDG_CRMA_LGA,1,2,686804.1665715507,0.0,686804.17
1234,CMD-022,HDG_CRMA_LGA,1,3,617204.1665715507,0.0,617204.17
1235,CMD-022,HDG_CRMA_LGA,1,4,547604.1665715507,0.0,547604.17
1236,CMD-022,HDG_CRMA_LGA,1,2,698404.1665715507,0.0,690732.21
1237,CMD-022,HDG_CRMA_LGA,1,3,628804.1665715507,0.0,621132.21
1238,CMD-022,HDG_CRMA_LGA,1,4,559204.1665715507,0.0,551532.21
1239,CMD-022,HDG_CRMA_LGA,1,3,640404.1665715507,0.0,625060.25
1240,CMD-022,HDG_CRMA_LGA,1,4,570804.1665715507,0.0,555460.25
1241,CMD-022,HDG_CRMA_LGA,1,4,582404.1665715507,0.0,559388.29
1242,CMD-022,HDG_CRMA_LGA,1,2,698404.1665715507,0.0,698404.17
1243,CMD-022,HDG_CRMA_LGA,1,3,628804.1665715507,0.0,628804.17
1244,CMD-022,HDG_CRMA_LGA,1,4,559204.1665715507,0.0,559204.17
1245,CMD-022,HDG_CRMA_LGA,1,3,640404.1665715507,0.0,632732.21
1246,CMD-022,HDG_CRMA_LGA,1,4,570804.1665715507,0.0,563132.21
1247,CMD-022,HDG_CRMA_LGA,1,4,582404.1665715507,0.0,567060.25
1248,CMD-022,HDG_CRMA_LGA,1,3,640404.1665715507,0.0,640404.17
1249,CMD-022,HDG_CRMA_LGA,1,4,570804.1665715507,0.0,570804.17
1250,CMD-022,HDG_CRMA_LGA,1,4,582404.1665715507,0.0,574732.21
1251,CMD-022,HDG_CRMA_LGA,1,4,582404.1665715507,0.0,582404.17
1252,CMD-022,HDG_CRMA_LGA,2,2,698404.1665715507,0.0,698404.17
1253,CMD-022,HDG_CRMA_LGA,2,3,628804.1665715507,0.0,628804.17
1254,CMD-022,HDG_CRMA_LGA,2,4,559204.1665715507,0.0,559204.17
1255,CMD-022,HDG_CRMA_LGA,2,3,640404.1665715507,0.0,632732.21
1256,CMD-022,HDG_CRMA_LGA,2,4,570804.1665715507,0.0,563132.21
1257,CMD-022,HDG_CRMA_LGA,2,4,582404.1665715507,0.0,567060.25
1258,CMD-022,HDG_CRMA_LGA,2,3,640404.1665715507,0.0,640404.17
1259,CMD-022,HDG_CRMA_LGA,2,4,570804.1665715507,0.0,570804.17
1260,CMD-022,HDG_CRMA_LGA,2,4,582404.1665715507,0.0,574732.21
1261,CMD-022,HDG_CRMA_LGA,2,4,582404.1665715507,0.0,582404.17
1262,CMD-022,HDG_CRMA_LGA,3,3,640404.1665715507,0.0,640404.17
1263,CMD-022,HDG_CRMA_LGA,3,4,570804.1665715507,0.0,570804.17
1264,CMD-022,HDG_CRMA_LGA,3,4,582404.1665715507,0.0,574732.21
1265,CMD-022,HDG_CRMA_LGA,3,4,582404.1665715507,0.0,582404.17
1266,CMD-022,HDG_CRMA_LGA,4,4,582404.1665715507,0.0,582404.17
1267,CMD-022,HDG_CRMB_LGA,1,1,712570.1575855138,0.0,712570.16
1268,CMD-022,HDG_CRMB_LGA,1,2,700970.1575855138,0.0,700970.16
1269,CMD-022,HDG_CRMB_LGA,1,3,631370.1575855138,0.0,631370.16
1270,CMD-022,HDG_CRMB_LGA,1,4,561770.1575855138,0.0,561770.16
1271,CMD-022,HDG_CRMB_LGA,1,2,712570.1575855138,0.0,704898.2
1272,CMD-022,HDG_CRMB_LGA,1,3,642970.1575855138,0.0,635298.2
1273,CMD-022,HDG_CRMB_LGA,1,4,573370.1575855138,0.0,565698.2
1274,CMD-022,HDG_CRMB_LGA,1,3,654570.1575855138,0.0,639226.24
1275,CMD-022,HDG_CRMB_LGA,1,4,584970.1575855138,0.0,569626.24
1276,CMD-022,HDG_CRMB_LGA,1,4,596570.1575855138,0.0,573554.28
1277,CMD-022,HDG_CRMB_LGA,1,2,712570.1575855138,0.0,712570.16
1278,CMD-022,HDG_CRMB_LGA,1,3,642970.1575855138,0.0,642970.16
1279,CMD-022,HDG_CRMB_LGA,1,4,573370.1575855138,0.0,573370.16
1280,CMD-022,HDG_CRMB_LGA,1,3,654570.1575855138,0.0,646898.2
1281,CMD-022,HDG_CRMB_LGA,1,4,584970.1575855138,0.0,577298.2
1282,CMD-022,HDG_CRMB_LGA,1,4,596570.1575855138,0.0,581226.24
1283,CMD-022,HDG_CRMB_LGA,1,3,654570.1575855138,0.0,654570.16
1284,CMD-022,HDG_CRMB_LGA,1,4,584970.1575855138,0.0,584970.16
1285,CMD-022,HDG_CRMB_LGA,1,4,596570.1575855138,0.0,588898.2
1286,CMD-022,HDG_CRMB_LGA,1,4,596570.1575855138,0.0,596570.16
1287,CMD-022,HDG_CRMB_LGA,2,2,712570.1575855138,1.0,712570.16
1288,CMD-022,HDG_CRMB_LGA,2,3,642970.1575855138,0.0,642970.16
1289,CMD-022,HDG_CRMB_LGA,2,4,573370.1575855138,0.0,573370.16
1290,CMD-022,HDG_CRMB_LGA,2,3,654570.1575855138,0.0,646898.2
1291,CMD-022,HDG_CRMB_LGA,2,4,584970.1575855138,0.0,577298.2
1292,CMD-022,HDG_CRMB_LGA,2,4,596570.1575855138,0.0,581226.24
1293,CMD-022,HDG_CRMB_LGA,2,3,654570.1575855138,0.0,654570.16
1294,CMD-022,HDG_CRMB_LGA,2,4,584970.1575855138,0.0,584970.16
1295,CMD-022,HDG_CRMB_LGA,2,4,596570.1575855138,0.0,588898.2
1296,CMD-022,HDG_CRMB_LGA,2,4,596570.1575855138,0.0,596570.16
1297,CMD-022,HDG_CRMB_LGA,3,3,654570.1575855138,0.0,654570.16
1298,CMD-022,HDG_CRMB_LGA,3,4,584970.1575855138,0.0,584970.16
1299,CMD-022,HDG_CRMB_LGA,3,4,596570.1575855138,0.0,588898.2
1300,CMD-022,HDG_CRMB_LGA,3,4,596570.1575855138,0.0,596570.16
1301,CMD-022,HDG_CRMB_LGA,4,4,596570.1575855138,0.0,596570.16
1302,CMD-023,CRC_CRMB_BAF_SKP,1,1,396708.09756700747,0.0,396708.1
1303,CMD-023,CRC_CRMB_BAF_SKP,1,2,387708.09756700747,0.0,404583.1
1304,CMD-023,CRC_CRMB_BAF_SKP,1,3,333708.09756700747,0.0,344958.1
1305,CMD-023,CRC_CRMB_BAF_SKP,1,4,279708.09756700747,0.0,285333.1
1306,CMD-023,CRC_CRMB_BAF_SKP,1,2,396708.09756700747,0.0,391054.83
1307,CMD-023,CRC_CRMB_BAF_SKP,1,3,342708.09756700747,0.0,331429.83
1308,CMD-023,CRC_CRMB_BAF_SKP,1,4,288708.09756700747,0.0,271804.83
1309,CMD-023,CRC_CRMB_BAF_SKP,1,3,351708.09756700747,0.0,340401.56
1310,CMD-023,CRC_CRMB_BAF_SKP,1,4,297708.09756700747,0.0,280776.56
1311,CMD-023,CRC_CRMB_BAF_SKP,1,4,306708.09756700747,0.0,289748.3
1312,CMD-023,CRC_CRMB_BAF_SKP,1,2,396708.09756700747,0.0,390997.73
1313,CMD-023,CRC_CRMB_BAF_SKP,1,3,342708.09756700747,0.0,331372.73
1314,CMD-023,CRC_CRMB_BAF_SKP,1,4,288708.09756700747,0.0,271747.73
1315,CMD-023,CRC_CRMB_BAF_SKP,1,3,351708.09756700747,0.0,340344.46
1316,CMD-023,CRC_CRMB_BAF_SKP,1,4,297708.09756700747,0.0,280719.46
1317,CMD-023,CRC_CRMB_BAF_SKP,1,4,306708.09756700747,0.0,289691.19
1318,CMD-023,CRC_CRMB_BAF_SKP,1,3,351708.09756700747,0.0,340287.36
1319,CMD-023,CRC_CRMB_BAF_SKP,1,4,297708.09756700747,0.0,280662.36
1320,CMD-023,CRC_CRMB_BAF_SKP,1,4,306708.09756700747,0.0,289634.09
1321,CMD-023,CRC_CRMB_BAF_SKP,1,4,306708.09756700747,0.0,289576.99
1322,CMD-023,CRC_CRMB_BAF_SKP,1,2,396708.09756700747,0.0,396708.1
1323,CMD-023,CRC_CRMB_BAF_SKP,1,3,342708.09756700747,0.0,337083.1
1324,CMD-023,CRC_CRMB_BAF_SKP,1,4,288708.09756700747,0.0,277458.1
1325,CMD-023,CRC_CRMB_BAF_SKP,1,3,351708.09756700747,0.0,346054.83
1326,CMD-023,CRC_CRMB_BAF_SKP,1,4,297708.09756700747,0.0,286429.83
1327,CMD-023,CRC_CRMB_BAF_SKP,1,4,306708.09756700747,0.0,295401.56
1328,CMD-023,CRC_CRMB_BAF_SKP,1,3,351708.09756700747,0.0,345997.73
1329,CMD-023,CRC_CRMB_BAF_SKP,1,4,297708.09756700747,0.0,286372.73
1330,CMD-023,CRC_CRMB_BAF_SKP,1,4,306708.09756700747,0.0,295344.46
1331,CMD-023,CRC_CRMB_BAF_SKP,1,4,306708.09756700747,0.0,295287.36
1332,CMD-023,CRC_CRMB_BAF_SKP,1,3,351708.09756700747,0.0,351708.1
1333,CMD-023,CRC_CRMB_BAF_SKP,1,4,297708.09756700747,0.0,292083.1
1334,CMD-023,CRC_CRMB_BAF_SKP,1,4,306708.09756700747,0.0,301054.83
1335,CMD-023,CRC_CRMB_BAF_SKP,1,4,306708.09756700747,0.0,300997.73
1336,CMD-023,CRC_CRMB_BAF_SKP,1,4,306708.09756700747,0.0,306708.1
1337,CMD-023,CRC_CRMB_BAF_SKP,2,2,396708.09756700747,0.0,396708.1
1338,CMD-023,CRC_CRMB_BAF_SKP,2,3,342708.09756700747,0.0,337083.1
1339,CMD-023,CRC_CRMB_BAF_SKP,2,4,288708.09756700747,0.0,277458.1
1340,CMD-023,CRC_CRMB_BAF_SKP,2,3,351708.09756700747,0.0,346054.83
1341,CMD-023,CRC_CRMB_BAF_SKP,2,4,297708.09756700747,0.0,286429.83
1342,CMD-023,CRC_CRMB_BAF_SKP,2,4,306708.09756700747,0.0,295401.56
1343,CMD-023,CRC_CRMB_BAF_SKP,2,3,351708.09756700747,0.0,345997.73
1344,CMD-023,CRC_CRMB_BAF_SKP,2,4,297708.09756700747,0.0,286372.73
1345,CMD-023,CRC_CRMB_BAF_SKP,2,4,306708.09756700747,0.0,295344.46
1346,CMD-023,CRC_CRMB_BAF_SKP,2,4,306708.09756700747,0.0,295287.36
1347,CMD-023,CRC_CRMB_BAF_SKP,2,3,351708.09756700747,0.0,351708.1
1348,CMD-023,CRC_CRMB_BAF_SKP,2,4,297708.09756700747,0.0,292083.1
1349,CMD-023,CRC_CRMB_BAF_SKP,2,4,306708.09756700747,0.0,301054.83
1350,CMD-023,CRC_CRMB_BAF_SKP,2,4,306708.09756700747,0.0,300997.73
1351,CMD-023,CRC_CRMB_BAF_SKP,2,4,306708.09756700747,0.0,306708.1
1352,CMD-023,CRC_CRMB_BAF_SKP,3,3,351708.09756700747,0.0,351708.1
1353,CMD-023,CRC_CRMB_BAF_SKP,3,4,297708.09756700747,0.0,292083.1
1354,CMD-023,CRC_CRMB_BAF_SKP,3,4,306708.09756700747,0.0,301054.83
1355,CMD-023,CRC_CRMB_BAF_SKP,3,4,306708.09756700747,0.0,300997.73
1356,CMD-023,CRC_CRMB_BAF_SKP,3,4,306708.09756700747,0.0,306708.1
1357,CMD-023,CRC_CRMB_BAF_SKP,4,4,306708.09756700747,0.0,306708.1
1358,CMD-024,HDG_CRMA_LGB,1,1,275429.78615020233,0.0,275429.79
1359,CMD-024,HDG_CRMA_LGB,1,2,269669.78615020233,0.0,269669.79
1360,CMD-024,HDG_CRMA_LGB,1,3,235109.78615020233,0.0,235109.79
1361,CMD-024,HDG_CRMA_LGB,1,4,200549.78615020233,0.0,200549.79
1362,CMD-024,HDG_CRMA_LGB,1,2,275429.78615020233,0.0,271640.31
1363,CMD-024,HDG_CRMA_LGB,1,3,240869.78615020233,0.0,237080.31
1364,CMD-024,HDG_CRMA_LGB,1,4,206309.78615020233,0.0,202520.31
1365,CMD-024,HDG_CRMA_LGB,1,3,246629.78615020233,0.0,239050.84
1366,CMD-024,HDG_CRMA_LGB,1,4,212069.78615020233,0.0,204490.84
1367,CMD-024,HDG_CRMA_LGB,1,4,217829.78615020233,0.0,206461.37
1368,CMD-024,HDG_CRMA_LGB,1,2,275429.78615020233,0.0,275429.79
1369,CMD-024,HDG_CRMA_LGB,1,3,240869.78615020233,0.0,240869.79
1370,CMD-024,HDG_CRMA_LGB,1,4,206309.78615020233,0.0,206309.79
1371,CMD-024,HDG_CRMA_LGB,1,3,246629.78615020233,0.0,242840.31
1372,CMD-024,HDG_CRMA_LGB,1,4,212069.78615020233,0.0,208280.31
1373,CMD-024,HDG_CRMA_LGB,1,4,217829.78615020233,0.0,210250.84
1374,CMD-024,HDG_CRMA_LGB,1,3,246629.78615020233,0.0,246629.79
1375,CMD-024,HDG_CRMA_LGB,1,4,212069.78615020233,0.0,212069.79
1376,CMD-024,HDG_CRMA_LGB,1,4,217829.78615020233,0.0,214040.31
1377,CMD-024,HDG_CRMA_LGB,1,4,217829.78615020233,0.0,217829.79
1378,CMD-024,HDG_CRMA_LGB,2,2,275429.78615020233,0.0,275429.79
1379,CMD-024,HDG_CRMA_LGB,2,3,240869.78615020233,0.0,240869.79
1380,CMD-024,HDG_CRMA_LGB,2,4,206309.78615020233,0.0,206309.79
1381,CMD-024,HDG_CRMA_LGB,2,3,246629.78615020233,0.0,242840.31
1382,CMD-024,HDG_CRMA_LGB,2,4,212069.78615020233,0.0,208280.31
1383,CMD-024,HDG_CRMA_LGB,2,4,217829.78615020233,0.0,210250.84
1384,CMD-024,HDG_CRMA_LGB,2,3,246629.78615020233,0.0,246629.79
1385,CMD-024,HDG_CRMA_LGB,2,4,212069.78615020233,0.0,212069.79
1386,CMD-024,HDG_CRMA_LGB,2,4,217829.78615020233,0.0,214040.31
1387,CMD-024,HDG_CRMA_LGB,2,4,217829.78615020233,0.0,217829.79
1388,CMD-024,HDG_CRMA_LGB,3,3,246629.78615020233,0.0,246629.79
1389,CMD-024,HDG_CRMA_LGB,3,4,212069.78615020233,0.0,212069.79
1390,CMD-024,HDG_CRMA_LGB,3,4,217829.78615020233,0.0,214040.31
1391,CMD-024,HDG_CRMA_LGB,3,4,217829.78615020233,0.0,217829.79
1392,CMD-024,HDG_CRMA_LGB,4,4,217829.78615020233,0.0,217829.79
1393,CMD-024,HDG_CRMB_LGB,1,1,281756.5761619076,1.0,281756.58
1394,CMD-024,HDG_CRMB_LGB,1,2,275996.5761619076,0.0,275996.58
1395,CMD-024,HDG_CRMB_LGB,1,3,241436.57616190758,0.0,241436.58
1396,CMD-024,HDG_CRMB_LGB,1,4,206876.57616190758,0.0,206876.58
1397,CMD-024,HDG_CRMB_LGB,1,2,281756.5761619076,0.0,277967.1
1398,CMD-024,HDG_CRMB_LGB,1,3,247196.57616190758,0.0,243407.1
1399,CMD-024,HDG_CRMB_LGB,1,4,212636.57616190758,0.0,208847.1
1400,CMD-024,HDG_CRMB_LGB,1,3,252956.57616190758,0.0,245377.63
1401,CMD-024,HDG_CRMB_LGB,1,4,218396.57616190758,0.0,210817.63
1402,CMD-024,HDG_CRMB_LGB,1,4,224156.57616190758,0.0,212788.16
1403,CMD-024,HDG_CRMB_LGB,1,2,281756.5761619076,0.0,281756.58
1404,CMD-024,HDG_CRMB_LGB,1,3,247196.57616190758,0.0,247196.58
1405,CMD-024,HDG_CRMB_LGB,1,4,212636.57616190758,0.0,212636.58
1406,CMD-024,HDG_CRMB_LGB,1,3,252956.57616190758,0.0,249167.1
1407,CMD-024,HDG_CRMB_LGB,1,4,218396.57616190758,0.0,214607.1
1408,CMD-024,HDG_CRMB_LGB,1,4,224156.57616190758,0.0,216577.63
1409,CMD-024,HDG_CRMB_LGB,1,3,252956.57616190758,0.0,252956.58
1410,CMD-024,HDG_CRMB_LGB,1,4,218396.57616190758,0.0,218396.58
1411,CMD-024,HDG_CRMB_LGB,1,4,224156.57616190758,0.0,220367.1
1412,CMD-024,HDG_CRMB_LGB,1,4,224156.57616190758,0.0,224156.58
1413,CMD-024,HDG_CRMB_LGB,2,2,281756.5761619076,0.0,281756.58
1414,CMD-024,HDG_CRMB_LGB,2,3,247196.57616190758,0.0,247196.58
1415,CMD-024,HDG_CRMB_LGB,2,4,212636.57616190758,0.0,212636.58
1416,CMD-024,HDG_CRMB_LGB,2,3,252956.57616190758,0.0,249167.1
1417,CMD-024,HDG_CRMB_LGB,2,4,218396.57616190758,0.0,214607.1
1418,CMD-024,HDG_CRMB_LGB,2,4,224156.57616190758,0.0,216577.63
1419,CMD-024,HDG_CRMB_LGB,2,3,252956.57616190758,0.0,252956.58
1420,CMD-024,HDG_CRMB_LGB,2,4,218396.57616190758,0.0,218396.58
1421,CMD-024,HDG_CRMB_LGB,2,4,224156.57616190758,0.0,220367.1
1422,CMD-024,HDG_CRMB_LGB,2,4,224156.57616190758,0.0,224156.58
1423,CMD-024,HDG_CRMB_LGB,3,3,252956.57616190758,0.0,252956.58
1424,CMD-024,HDG_CRMB_LGB,3,4,218396.57616190758,0.0,218396.58
1425,CMD-024,HDG_CRMB_LGB,3,4,224156.57616190758,0.0,220367.1
1426,CMD-024,HDG_CRMB_LGB,3,4,224156.57616190758,0.0,224156.58
1427,CMD-024,HDG_CRMB_LGB,4,4,224156.57616190758,0.0,224156.58
1428,CMD-025,HDG_CRMA_LGA,1,1,159645.85115911288,0.0,159645.85
1429,CMD-025,HDG_CRMA_LGA,1,2,156445.85115911288,0.0,156445.85
1430,CMD-025,HDG_CRMA_LGA,1,3,137245.85115911288,0.0,137245.85
1431,CMD-025,HDG_CRMA_LGA,1,4,118045.85115911288,0.0,118045.85
1432,CMD-025,HDG_CRMA_LGA,1,2,159645.85115911288,0.0,157529.45
1433,CMD-025,HDG_CRMA_LGA,1,3,140445.85115911288,0.0,138329.45
1434,CMD-025,HDG_CRMA_LGA,1,4,121245.85115911288,0.0,119129.45
1435,CMD-025,HDG_CRMA_LGA,1,3,143645.85115911288,0.0,139413.05
1436,CMD-025,HDG_CRMA_LGA,1,4,124445.85115911288,0.0,120213.05
1437,CMD-025,HDG_CRMA_LGA,1,4,127645.85115911288,0.0,121296.64
1438,CMD-025,HDG_CRMA_LGA,1,2,159645.85115911288,0.0,159645.85
1439,CMD-025,HDG_CRMA_LGA,1,3,140445.85115911288,0.0,140445.85
1440,CMD-025,HDG_CRMA_LGA,1,4,121245.85115911288,0.0,121245.85
1441,CMD-025,HDG_CRMA_LGA,1,3,143645.85115911288,0.0,141529.45
1442,CMD-025,HDG_CRMA_LGA,1,4,124445.85115911288,0.0,122329.45
1443,CMD-025,HDG_CRMA_LGA,1,4,127645.85115911288,0.0,123413.05
1444,CMD-025,HDG_CRMA_LGA,1,3,143645.85115911288,0.0,143645.85
1445,CMD-025,HDG_CRMA_LGA,1,4,124445.85115911288,0.0,124445.85
1446,CMD-025,HDG_CRMA_LGA,1,4,127645.85115911288,0.0,125529.45
1447,CMD-025,HDG_CRMA_LGA,1,4,127645.85115911288,0.0,127645.85
1448,CMD-025,HDG_CRMA_LGA,2,2,159645.85115911288,0.0,159645.85
1449,CMD-025,HDG_CRMA_LGA,2,3,140445.85115911288,0.0,140445.85
1450,CMD-025,HDG_CRMA_LGA,2,4,121245.85115911288,0.0,121245.85
1451,CMD-025,HDG_CRMA_LGA,2,3,143645.85115911288,0.0,141529.45
1452,CMD-025,HDG_CRMA_LGA,2,4,124445.85115911288,0.0,122329.45
1453,CMD-025,HDG_CRMA_LGA,2,4,127645.85115911288,0.0,123413.05
1454,CMD-025,HDG_CRMA_LGA,2,3,143645.85115911288,0.0,143645.85
1455,CMD-025,HDG_CRMA_LGA,2,4,124445.85115911288,0.0,124445.85
1456,CMD-025,HDG_CRMA_LGA,2,4,127645.85115911288,0.0,125529.45
1457,CMD-025,HDG_CRMA_LGA,2,4,127645.85115911288,0.0,127645.85
1458,CMD-025,HDG_CRMA_LGA,3,3,143645.85115911288,0.0,143645.85
1459,CMD-025,HDG_CRMA_LGA,3,4,124445.85115911288,0.0,124445.85
1460,CMD-025,HDG_CRMA_LGA,3,4,127645.85115911288,0.0,125529.45
1461,CMD-025,HDG_CRMA_LGA,3,4,127645.85115911288,0.0,127645.85
1462,CMD-025,HDG_CRMA_LGA,4,4,127645.85115911288,0.0,127645.85
1463,CMD-025,HDG_CRMB_LGA,1,1,163623.94154614516,0.0,163623.94
1464,CMD-025,HDG_CRMB_LGA,1,2,160423.94154614516,0.0,160423.94
1465,CMD-025,HDG_CRMB_LGA,1,3,141223.94154614516,0.0,141223.94
1466,CMD-025,HDG_CRMB_LGA,1,4,122023.94154614516,0.0,122023.94
1467,CMD-025,HDG_CRMB_LGA,1,2,163623.94154614516,0.0,161507.54
1468,CMD-025,HDG_CRMB_LGA,1,3,144423.94154614516,0.0,142307.54
1469,CMD-025,HDG_CRMB_LGA,1,4,125223.94154614516,0.0,123107.54
1470,CMD-025,HDG_CRMB_LGA,1,3,147623.94154614516,0.0,143391.14
1471,CMD-025,HDG_CRMB_LGA,1,4,128423.94154614516,0.0,124191.14
1472,CMD-025,HDG_CRMB_LGA,1,4,131623.94154614516,0.0,125274.74
1473,CMD-025,HDG_CRMB_LGA,1,2,163623.94154614516,0.0,163623.94
1474,CMD-025,HDG_CRMB_LGA,1,3,144423.94154614516,0.0,144423.94
1475,CMD-025,HDG_CRMB_LGA,1,4,125223.94154614516,0.0,125223.94
1476,CMD-025,HDG_CRMB_LGA,1,3,147623.94154614516,0.0,145507.54
1477,CMD-025,HDG_CRMB_LGA,1,4,128423.94154614516,0.0,126307.54
1478,CMD-025,HDG_CRMB_LGA,1,4,131623.94154614516,0.0,127391.14
1479,CMD-025,HDG_CRMB_LGA,1,3,147623.94154614516,0.0,147623.94
1480,CMD-025,HDG_CRMB_LGA,1,4,128423.94154614516,0.0,128423.94
1481,CMD-025,HDG_CRMB_LGA,1,4,131623.94154614516,0.0,129507.54
1482,CMD-025,HDG_CRMB_LGA,1,4,131623.94154614516,0.0,131623.94
1483,CMD-025,HDG_CRMB_LGA,2,2,163623.94154614516,1.0,163623.94
1484,CMD-025,HDG_CRMB_LGA,2,3,144423.94154614516,0.0,144423.94
1485,CMD-025,HDG_CRMB_LGA,2,4,125223.94154614516,0.0,125223.94
1486,CMD-025,HDG_CRMB_LGA,2,3,147623.94154614516,0.0,145507.54
1487,CMD-025,HDG_CRMB_LGA,2,4,128423.94154614516,0.0,126307.54
1488,CMD-025,HDG_CRMB_LGA,2,4,131623.94154614516,0.0,127391.14
1489,CMD-025,HDG_CRMB_LGA,2,3,147623.94154614516,0.0,147623.94
1490,CMD-025,HDG_CRMB_LGA,2,4,128423.94154614516,0.0,128423.94
1491,CMD-025,HDG_CRMB_LGA,2,4,131623.94154614516,0.0,129507.54
1492,CMD-025,HDG_CRMB_LGA,2,4,131623.94154614516,0.0,131623.94
1493,CMD-025,HDG_CRMB_LGA,3,3,147623.94154614516,0.0,147623.94
1494,CMD-025,HDG_CRMB_LGA,3,4,128423.94154614516,0.0,128423.94
1495,CMD-025,HDG_CRMB_LGA,3,4,131623.94154614516,0.0,129507.54
1496,CMD-025,HDG_CRMB_LGA,3,4,131623.94154614516,0.0,131623.94
1497,CMD-025,HDG_CRMB_LGA,4,4,131623.94154614516,0.0,131623.94
1498,CMD-026,HDG_CRMA_LGB,1,1,176622.53710871696,0.0,176622.54
1499,CMD-026,HDG_CRMA_LGB,1,2,173022.53710871696,0.0,173022.54
1500,CMD-026,HDG_CRMA_LGB,1,3,169422.53710871696,0.0,169422.54
1501,CMD-026,HDG_CRMA_LGB,1,4,165822.53710871696,0.0,165822.54
1502,CMD-026,HDG_CRMA_LGB,1,2,176622.53710871696,0.0,174254.12
1503,CMD-026,HDG_CRMA_LGB,1,3,173022.53710871696,0.0,170654.12
1504,CMD-026,HDG_CRMA_LGB,1,4,169422.53710871696,0.0,167054.12
1505,CMD-026,HDG_CRMA_LGB,1,3,176622.53710871696,0.0,171885.7
1506,CMD-026,HDG_CRMA_LGB,1,4,173022.53710871696,0.0,168285.7
1507,CMD-026,HDG_CRMA_LGB,1,4,176622.53710871696,0.0,169517.27
1508,CMD-026,HDG_CRMA_LGB,1,2,176622.53710871696,0.0,176622.54
1509,CMD-026,HDG_CRMA_LGB,1,3,173022.53710871696,0.0,173022.54
1510,CMD-026,HDG_CRMA_LGB,1,4,169422.53710871696,0.0,169422.54
1511,CMD-026,HDG_CRMA_LGB,1,3,176622.53710871696,0.0,174254.12
1512,CMD-026,HDG_CRMA_LGB,1,4,173022.53710871696,0.0,170654.12
1513,CMD-026,HDG_CRMA_LGB,1,4,176622.53710871696,0.0,171885.7
1514,CMD-026,HDG_CRMA_LGB,1,3,176622.53710871696,0.0,176622.54
1515,CMD-026,HDG_CRMA_LGB,1,4,173022.53710871696,0.0,173022.54
1516,CMD-026,HDG_CRMA_LGB,1,4,176622.53710871696,0.0,174254.12
1517,CMD-026,HDG_CRMA_LGB,1,4,176622.53710871696,0.0,176622.54
1518,CMD-026,HDG_CRMA_LGB,2,2,176622.53710871696,0.0,176622.54
1519,CMD-026,HDG_CRMA_LGB,2,3,173022.53710871696,0.0,173022.54
1520,CMD-026,HDG_CRMA_LGB,2,4,169422.53710871696,0.0,169422.54
1521,CMD-026,HDG_CRMA_LGB,2,3,176622.53710871696,0.0,174254.12
1522,CMD-026,HDG_CRMA_LGB,2,4,173022.53710871696,0.0,170654.12
1523,CMD-026,HDG_CRMA_LGB,2,4,176622.53710871696,0.0,171885.7
1524,CMD-026,HDG_CRMA_LGB,2,3,176622.53710871696,0.0,176622.54
1525,CMD-026,HDG_CRMA_LGB,2,4,173022.53710871696,0.0,173022.54
1526,CMD-026,HDG_CRMA_LGB,2,4,176622.53710871696,0.0,174254.12
1527,CMD-026,HDG_CRMA_LGB,2,4,176622.53710871696,0.0,176622.54
1528,CMD-026,HDG_CRMA_LGB,3,3,176622.53710871696,0.0,176622.54
1529,CMD-026,HDG_CRMA_LGB,3,4,173022.53710871696,0.0,173022.54
1530,CMD-026,HDG_CRMA_LGB,3,4,176622.53710871696,0.0,174254.12
1531,CMD-026,HDG_CRMA_LGB,3,4,176622.53710871696,0.0,176622.54
1532,CMD-026,HDG_CRMA_LGB,4,4,176622.53710871696,0.0,176622.54
1533,CMD-026,HDG_CRMB_LGB,1,1,180510.27682519396,0.0,180510.28
1534,CMD-026,HDG_CRMB_LGB,1,2,176910.27682519396,0.0,176910.28
1535,CMD-026,HDG_CRMB_LGB,1,3,173310.27682519396,0.0,173310.28
1536,CMD-026,HDG_CRMB_LGB,1,4,169710.27682519396,0.0,169710.28
1537,CMD-026,HDG_CRMB_LGB,1,2,180510.27682519396,0.0,178141.86
1538,CMD-026,HDG_CRMB_LGB,1,3,176910.27682519396,0.0,174541.86
1539,CMD-026,HDG_CRMB_LGB,1,4,173310.27682519396,0.0,170941.86
1540,CMD-026,HDG_CRMB_LGB,1,3,180510.27682519396,0.0,175773.43
1541,CMD-026,HDG_CRMB_LGB,1,4,176910.27682519396,0.0,172173.43
1542,CMD-026,HDG_CRMB_LGB,1,4,180510.27682519396,0.0,173405.01
1543,CMD-026,HDG_CRMB_LGB,1,2,180510.27682519396,0.0,180510.28
1544,CMD-026,HDG_CRMB_LGB,1,3,176910.27682519396,0.0,176910.28
1545,CMD-026,HDG_CRMB_LGB,1,4,173310.27682519396,0.0,173310.28
1546,CMD-026,HDG_CRMB_LGB,1,3,180510.27682519396,0.0,178141.86
1547,CMD-026,HDG_CRMB_LGB,1,4,176910.27682519396,0.0,174541.86
1548,CMD-026,HDG_CRMB_LGB,1,4,180510.27682519396,0.0,175773.43
1549,CMD-026,HDG_CRMB_LGB,1,3,180510.27682519396,0.0,180510.28
1550,CMD-026,HDG_CRMB_LGB,1,4,176910.27682519396,0.0,176910.28
1551,CMD-026,HDG_CRMB_LGB,1,4,180510.27682519396,0.0,178141.86
1552,CMD-026,HDG_CRMB_LGB,1,4,180510.27682519396,1.0,180510.28
1553,CMD-026,HDG_CRMB_LGB,2,2,180510.27682519396,0.0,180510.28
1554,CMD-026,HDG_CRMB_LGB,2,3,176910.27682519396,0.0,176910.28
1555,CMD-026,HDG_CRMB_LGB,2,4,173310.27682519396,0.0,173310.28
1556,CMD-026,HDG_CRMB_LGB,2,3,180510.27682519396,0.0,178141.86
1557,CMD-026,HDG_CRMB_LGB,2,4,176910.27682519396,0.0,174541.86
1558,CMD-026,HDG_CRMB_LGB,2,4,180510.27682519396,0.0,175773.43
1559,CMD-026,HDG_CRMB_LGB,2,3,180510.27682519396,0.0,180510.28
1560,CMD-026,HDG_CRMB_LGB,2,4,176910.27682519396,0.0,176910.28
1561,CMD-026,HDG_CRMB_LGB,2,4,180510.27682519396,0.0,178141.86
1562,CMD-026,HDG_CRMB_LGB,2,4,180510.27682519396,0.0,180510.28
1563,CMD-026,HDG_CRMB_LGB,3,3,180510.27682519396,0.0,180510.28
1564,CMD-026,HDG_CRMB_LGB,3,4,176910.27682519396,0.0,176910.28
1565,CMD-026,HDG_CRMB_LGB,3,4,180510.27682519396,0.0,178141.86
1566,CMD-026,HDG_CRMB_LGB,3,4,180510.27682519396,0.0,180510.28
1567,CMD-026,HDG_CRMB_LGB,4,4,180510.27682519396,0.0,180510.28
1568,CMD-027,BACR_A_CRMB_BAF_LGB,1,1,68203.72493594298,0.0,68203.725
1569,CMD-027,BACR_A_CRMB_BAF_LGB,1,2,66563.72493594298,0.0,66563.725
1570,CMD-027,BACR_A_CRMB_BAF_LGB,1,3,64923.724935942984,0.0,64923.725
1571,CMD-027,BACR_A_CRMB_BAF_LGB,1,4,63283.724935942984,0.0,63283.725
1572,CMD-027,BACR_A_CRMB_BAF_LGB,1,2,68203.72493594298,0.0,67124.778
1573,CMD-027,BACR_A_CRMB_BAF_LGB,1,3,66563.72493594298,0.0,65484.778
1574,CMD-027,BACR_A_CRMB_BAF_LGB,1,4,64923.724935942984,0.0,63844.778
1575,CMD-027,BACR_A_CRMB_BAF_LGB,1,3,68203.72493594298,0.0,66045.83
1576,CMD-027,BACR_A_CRMB_BAF_LGB,1,4,66563.72493594298,0.0,64405.83
1577,CMD-027,BACR_A_CRMB_BAF_LGB,1,4,68203.72493594298,0.0,64966.883
1578,CMD-027,BACR_A_CRMB_BAF_LGB,1,2,68203.72493594298,0.0,67113.879
1579,CMD-027,BACR_A_CRMB_BAF_LGB,1,3,66563.72493594298,0.0,65473.879
1580,CMD-027,BACR_A_CRMB_BAF_LGB,1,4,64923.724935942984,0.0,63833.879
1581,CMD-027,BACR_A_CRMB_BAF_LGB,1,3,68203.72493594298,0.0,66034.932
1582,CMD-027,BACR_A_CRMB_BAF_LGB,1,4,66563.72493594298,0.0,64394.932
1583,CMD-027,BACR_A_CRMB_BAF_LGB,1,4,68203.72493594298,0.0,64955.984
1584,CMD-027,BACR_A_CRMB_BAF_LGB,1,3,68203.72493594298,0.0,66024.033
1585,CMD-027,BACR_A_CRMB_BAF_LGB,1,4,66563.72493594298,0.0,64384.033
1586,CMD-027,BACR_A_CRMB_BAF_LGB,1,4,68203.72493594298,0.0,64945.086
1587,CMD-027,BACR_A_CRMB_BAF_LGB,1,4,68203.72493594298,0.0,64934.187
1588,CMD-027,BACR_A_CRMB_BAF_LGB,1,2,68203.72493594298,0.0,68203.725
1589,CMD-027,BACR_A_CRMB_BAF_LGB,1,3,66563.72493594298,0.0,66563.725
1590,CMD-027,BACR_A_CRMB_BAF_LGB,1,4,64923.724935942984,0.0,64923.725
1591,CMD-027,BACR_A_CRMB_BAF_LGB,1,3,68203.72493594298,0.0,67124.778
1592,CMD-027,BACR_A_CRMB_BAF_LGB,1,4,66563.72493594298,0.0,65484.778
1593,CMD-027,BACR_A_CRMB_BAF_LGB,1,4,68203.72493594298,0.0,66045.83
1594,CMD-027,BACR_A_CRMB_BAF_LGB,1,3,68203.72493594298,0.0,67113.879
1595,CMD-027,BACR_A_CRMB_BAF_LGB,1,4,66563.72493594298,0.0,65473.879
1596,CMD-027,BACR_A_CRMB_BAF_LGB,1,4,68203.72493594298,0.0,66034.932
1597,CMD-027,BACR_A_CRMB_BAF_LGB,1,4,68203.72493594298,0.0,66024.033
1598,CMD-027,BACR_A_CRMB_BAF_LGB,1,3,68203.72493594298,0.0,68203.725
1599,CMD-027,BACR_A_CRMB_BAF_LGB,1,4,66563.72493594298,0.0,66563.725
1600,CMD-027,BACR_A_CRMB_BAF_LGB,1,4,68203.72493594298,0.0,67124.778
1601,CMD-027,BACR_A_CRMB_BAF_LGB,1,4,68203.72493594298,0.0,67113.879
1602,CMD-027,BACR_A_CRMB_BAF_LGB,1,4,68203.72493594298,0.0,68203.725
1603,CMD-027,BACR_A_CRMB_BAF_LGB,2,2,68203.72493594298,0.0,68203.725
1604,CMD-027,BACR_A_CRMB_BAF_LGB,2,3,66563.72493594298,0.0,66563.725
1605,CMD-027,BACR_A_CRMB_BAF_LGB,2,4,64923.724935942984,0.0,64923.725
1606,CMD-027,BACR_A_CRMB_BAF_LGB,2,3,68203.72493594298,0.0,67124.778
1607,CMD-027,BACR_A_CRMB_BAF_LGB,2,4,66563.72493594298,0.0,65484.778
1608,CMD-027,BACR_A_CRMB_BAF_LGB,2,4,68203.72493594298,0.0,66045.83
1609,CMD-027,BACR_A_CRMB_BAF_LGB,2,3,68203.72493594298,0.0,67113.879
1610,CMD-027,BACR_A_CRMB_BAF_LGB,2,4,66563.72493594298,0.0,65473.879
1611,CMD-027,BACR_A_CRMB_BAF_LGB,2,4,68203.72493594298,0.0,66034.932
1612,CMD-027,BACR_A_CRMB_BAF_LGB,2,4,68203.72493594298,0.0,66024.033
1613,CMD-027,BACR_A_CRMB_BAF_LGB,2,3,68203.72493594298,0.0,68203.725
1614,CMD-027,BACR_A_CRMB_BAF_LGB,2,4,66563.72493594298,0.0,66563.725
1615,CMD-027,BACR_A_CRMB_BAF_LGB,2,4,68203.72493594298,0.0,67124.778
1616,CMD-027,BACR_A_CRMB_BAF_LGB,2,4,68203.72493594298,0.0,67113.879
1617,CMD-027,BACR_A_CRMB_BAF_LGB,2,4,68203.72493594298,0.0,68203.725
1618,CMD-027,BACR_A_CRMB_BAF_LGB,3,3,68203.72493594298,0.0,68203.725
1619,CMD-027,BACR_A_CRMB_BAF_LGB,3,4,66563.72493594298,0.0,66563.725
1620,CMD-027,BACR_A_CRMB_BAF_LGB,3,4,68203.72493594298,0.0,67124.778
1621,CMD-027,BACR_A_CRMB_BAF_LGB,3,4,68203.72493594298,0.0,67113.879
1622,CMD-027,BACR_A_CRMB_BAF_LGB,3,4,68203.72493594298,0.0,68203.725
1623,CMD-027,BACR_A_CRMB_BAF_LGB,4,4,68203.72493594298,0.0,68203.725
1624,CMD-027,BACR_B_CRMA_LGB,1,1,78981.77660843938,0.0,78981.777
1625,CMD-027,BACR_B_CRMA_LGB,1,2,77341.77660843938,0.0,77341.777
1626,CMD-027,BACR_B_CRMA_LGB,1,3,75701.77660843938,0.0,75701.777
1627,CMD-027,BACR_B_CRMA_LGB,1,4,74061.77660843938,0.0,74061.777
1628,CMD-027,BACR_B_CRMA_LGB,1,2,78981.77660843938,0.0,77902.829
1629,CMD-027,BACR_B_CRMA_LGB,1,3,77341.77660843938,0.0,76262.829
1630,CMD-027,BACR_B_CRMA_LGB,1,4,75701.77660843938,0.0,74622.829
1631,CMD-027,BACR_B_CRMA_LGB,1,3,78981.77660843938,0.0,76823.882
1632,CMD-027,BACR_B_CRMA_LGB,1,4,77341.77660843938,0.0,75183.882
1633,CMD-027,BACR_B_CRMA_LGB,1,4,78981.77660843938,0.0,75744.935
1634,CMD-027,BACR_B_CRMA_LGB,1,2,78981.77660843938,0.0,78981.777
1635,CMD-027,BACR_B_CRMA_LGB,1,3,77341.77660843938,0.0,77341.777
1636,CMD-027,BACR_B_CRMA_LGB,1,4,75701.77660843938,0.0,75701.777
1637,CMD-027,BACR_B_CRMA_LGB,1,3,78981.77660843938,0.0,77902.829
1638,CMD-027,BACR_B_CRMA_LGB,1,4,77341.77660843938,0.0,76262.829
1639,CMD-027,BACR_B_CRMA_LGB,1,4,78981.77660843938,0.0,76823.882
1640,CMD-027,BACR_B_CRMA_LGB,1,3,78981.77660843938,0.0,78981.777
1641,CMD-027,BACR_B_CRMA_LGB,1,4,77341.77660843938,0.0,77341.777
1642,CMD-027,BACR_B_CRMA_LGB,1,4,78981.77660843938,0.0,77902.829
1643,CMD-027,BACR_B_CRMA_LGB,1,4,78981.77660843938,0.0,78981.777
1644,CMD-027,BACR_B_CRMA_LGB,2,2,78981.77660843938,0.0,78981.777
1645,CMD-027,BACR_B_CRMA_LGB,2,3,77341.77660843938,0.0,77341.777
1646,CMD-027,BACR_B_CRMA_LGB,2,4,75701.77660843938,0.0,75701.777
1647,CMD-027,BACR_B_CRMA_LGB,2,3,78981.77660843938,0.0,77902.829
1648,CMD-027,BACR_B_CRMA_LGB,2,4,77341.77660843938,0.0,76262.829
1649,CMD-027,BACR_B_CRMA_LGB,2,4,78981.77660843938,0.0,76823.882
1650,CMD-027,BACR_B_CRMA_LGB,2,3,78981.77660843938,0.0,78981.777
1651,CMD-027,BACR_B_CRMA_LGB,2,4,77341.77660843938,0.0,77341.777
1652,CMD-027,BACR_B_CRMA_LGB,2,4,78981.77660843938,0.0,77902.829
1653,CMD-027,BACR_B_CRMA_LGB,2,4,78981.77660843938,0.0,78981.777
1654,CMD-027,BACR_B_CRMA_LGB,3,3,78981.77660843938,0.0,78981.777
1655,CMD-027,BACR_B_CRMA_LGB,3,4,77341.77660843938,0.0,77341.777
1656,CMD-027,BACR_B_CRMA_LGB,3,4,78981.77660843938,0.0,77902.829
1657,CMD-027,BACR_B_CRMA_LGB,3,4,78981.77660843938,0.0,78981.777
1658,CMD-027,BACR_B_CRMA_LGB,4,4,78981.77660843938,0.0,78981.777
1659,CMD-027,BACR_B_CRMB_LGB,1,1,81197.96619184675,0.0,81197.966
1660,CMD-027,BACR_B_CRMB_LGB,1,2,79557.96619184675,0.0,79557.966
1661,CMD-027,BACR_B_CRMB_LGB,1,3,77917.96619184675,0.0,77917.966
1662,CMD-027,BACR_B_CRMB_LGB,1,4,76277.96619184675,0.0,76277.966
1663,CMD-027,BACR_B_CRMB_LGB,1,2,81197.96619184675,0.0,80119.019
1664,CMD-027,BACR_B_CRMB_LGB,1,3,79557.96619184675,0.0,78479.019
1665,CMD-027,BACR_B_CRMB_LGB,1,4,77917.96619184675,0.0,76839.019
1666,CMD-027,BACR_B_CRMB_LGB,1,3,81197.96619184675,0.0,79040.071
1667,CMD-027,BACR_B_CRMB_LGB,1,4,79557.96619184675,0.0,77400.071
1668,CMD-027,BACR_B_CRMB_LGB,1,4,81197.96619184675,0.0,77961.124
1669,CMD-027,BACR_B_CRMB_LGB,1,2,81197.96619184675,0.0,81197.966
1670,CMD-027,BACR_B_CRMB_LGB,1,3,79557.96619184675,0.0,79557.966
1671,CMD-027,BACR_B_CRMB_LGB,1,4,77917.96619184675,0.0,77917.966
1672,CMD-027,BACR_B_CRMB_LGB,1,3,81197.96619184675,0.0,80119.019
1673,CMD-027,BACR_B_CRMB_LGB,1,4,79557.96619184675,0.0,78479.019
1674,CMD-027,BACR_B_CRMB_LGB,1,4,81197.96619184675,0.0,79040.071
1675,CMD-027,BACR_B_CRMB_LGB,1,3,81197.96619184675,1.0,81197.966
1676,CMD-027,BACR_B_CRMB_LGB,1,4,79557.96619184675,0.0,79557.966
1677,CMD-027,BACR_B_CRMB_LGB,1,4,81197.96619184675,0.0,80119.019
1678,CMD-027,BACR_B_CRMB_LGB,1,4,81197.96619184675,0.0,81197.966
1679,CMD-027,BACR_B_CRMB_LGB,2,2,81197.96619184675,0.0,81197.966
1680,CMD-027,BACR_B_CRMB_LGB,2,3,79557.96619184675,0.0,79557.966
1681,CMD-027,BACR_B_CRMB_LGB,2,4,77917.96619184675,0.0,77917.966
1682,CMD-027,BACR_B_CRMB_LGB,2,3,81197.96619184675,0.0,80119.019
1683,CMD-027,BACR_B_CRMB_LGB,2,4,79557.96619184675,0.0,78479.019
1684,CMD-027,BACR_B_CRMB_LGB,2,4,81197.96619184675,0.0,79040.071
1685,CMD-027,BACR_B_CRMB_LGB,2,3,81197.96619184675,0.0,81197.966
1686,CMD-027,BACR_B_CRMB_LGB,2,4,79557.96619184675,0.0,79557.966
1687,CMD-027,BACR_B_CRMB_LGB,2,4,81197.96619184675,0.0,80119.019
1688,CMD-027,BACR_B_CRMB_LGB,2,4,81197.96619184675,0.0,81197.966
1689,CMD-027,BACR_B_CRMB_LGB,3,3,81197.96619184675,0.0,81197.966
1690,CMD-027,BACR_B_CRMB_LGB,3,4,79557.96619184675,0.0,79557.966
1691,CMD-027,BACR_B_CRMB_LGB,3,4,81197.96619184675,0.0,80119.019
1692,CMD-027,BACR_B_CRMB_LGB,3,4,81197.96619184675,0.0,81197.966
1693,CMD-027,BACR_B_CRMB_LGB,4,4,81197.96619184675,0.0,81197.966
1694,CMD-028,PPGI_CRMA_LGA,1,1,529385.063246223,0.0,529385.06
1695,CMD-028,PPGI_CRMA_LGA,1,2,524025.063246223,0.0,524025.06
1696,CMD-028,PPGI_CRMA_LGA,1,3,518665.063246223,0.0,518665.06
1697,CMD-028,PPGI_CRMA_LGA,1,4,513305.063246223,0.0,513305.06
1698,CMD-028,PPGI_CRMA_LGA,1,2,529385.063246223,0.0,525840.09
1699,CMD-028,PPGI_CRMA_LGA,1,3,524025.063246223,0.0,520480.09
1700,CMD-028,PPGI_CRMA_LGA,1,4,518665.063246223,0.0,515120.09
1701,CMD-028,PPGI_CRMA_LGA,1,3,529385.063246223,0.0,522295.12
1702,CMD-028,PPGI_CRMA_LGA,1,4,524025.063246223,0.0,516935.12
1703,CMD-028,PPGI_CRMA_LGA,1,4,529385.063246223,0.0,518750.14
1704,CMD-028,PPGI_CRMA_LGA,1,2,529385.063246223,0.0,529385.06
1705,CMD-028,PPGI_CRMA_LGA,1,3,524025.063246223,0.0,524025.06
1706,CMD-028,PPGI_CRMA_LGA,1,4,518665.063246223,0.0,518665.06
1707,CMD-028,PPGI_CRMA_LGA,1,3,529385.063246223,0.0,525840.09
1708,CMD-028,PPGI_CRMA_LGA,1,4,524025.063246223,0.0,520480.09
1709,CMD-028,PPGI_CRMA_LGA,1,4,529385.063246223,0.0,522295.12
1710,CMD-028,PPGI_CRMA_LGA,1,3,529385.063246223,0.0,529385.06
1711,CMD-028,PPGI_CRMA_LGA,1,4,524025.063246223,0.0,524025.06
1712,CMD-028,PPGI_CRMA_LGA,1,4,529385.063246223,0.0,525840.09
1713,CMD-028,PPGI_CRMA_LGA,1,4,529385.063246223,0.0,529385.06
1714,CMD-028,PPGI_CRMA_LGA,2,2,529385.063246223,0.0,529385.06
1715,CMD-028,PPGI_CRMA_LGA,2,3,524025.063246223,0.0,524025.06
1716,CMD-028,PPGI_CRMA_LGA,2,4,518665.063246223,0.0,518665.06
1717,CMD-028,PPGI_CRMA_LGA,2,3,529385.063246223,0.0,525840.09
1718,CMD-028,PPGI_CRMA_LGA,2,4,524025.063246223,0.0,520480.09
1719,CMD-028,PPGI_CRMA_LGA,2,4,529385.063246223,0.0,522295.12
1720,CMD-028,PPGI_CRMA_LGA,2,3,529385.063246223,0.0,529385.06
1721,CMD-028,PPGI_CRMA_LGA,2,4,524025.063246223,0.0,524025.06
1722,CMD-028,PPGI_CRMA_LGA,2,4,529385.063246223,0.0,525840.09
1723,CMD-028,PPGI_CRMA_LGA,2,4,529385.063246223,0.0,529385.06
1724,CMD-028,PPGI_CRMA_LGA,3,3,529385.063246223,0.0,529385.06
1725,CMD-028,PPGI_CRMA_LGA,3,4,524025.063246223,0.0,524025.06
1726,CMD-028,PPGI_CRMA_LGA,3,4,529385.063246223,0.0,525840.09
1727,CMD-028,PPGI_CRMA_LGA,3,4,529385.063246223,0.0,529385.06
1728,CMD-028,PPGI_CRMA_LGA,4,4,529385.063246223,0.0,529385.06
1729,CMD-028,PPGI_CRMB_LGA,1,1,535984.4138556833,0.0,535984.41
1730,CMD-028,PPGI_CRMB_LGA,1,2,530624.4138556833,0.0,530624.41
1731,CMD-028,PPGI_CRMB_LGA,1,3,525264.4138556833,0.0,525264.41
1732,CMD-028,PPGI_CRMB_LGA,1,4,519904.4138556833,0.0,519904.41
1733,CMD-028,PPGI_CRMB_LGA,1,2,535984.4138556833,0.0,532439.44
1734,CMD-028,PPGI_CRMB_LGA,1,3,530624.4138556833,0.0,527079.44
1735,CMD-028,PPGI_CRMB_LGA,1,4,525264.4138556833,0.0,521719.44
1736,CMD-028,PPGI_CRMB_LGA,1,3,535984.4138556833,0.0,528894.47
1737,CMD-028,PPGI_CRMB_LGA,1,4,530624.4138556833,0.0,523534.47
1738,CMD-028,PPGI_CRMB_LGA,1,4,535984.4138556833,0.0,525349.49
1739,CMD-028,PPGI_CRMB_LGA,1,2,535984.4138556833,0.0,535984.41
1740,CMD-028,PPGI_CRMB_LGA,1,3,530624.4138556833,0.0,530624.41
1741,CMD-028,PPGI_CRMB_LGA,1,4,525264.4138556833,0.0,525264.41
1742,CMD-028,PPGI_CRMB_LGA,1,3,535984.4138556833,0.0,532439.44
1743,CMD-028,PPGI_CRMB_LGA,1,4,530624.4138556833,0.0,527079.44
1744,CMD-028,PPGI_CRMB_LGA,1,4,535984.4138556833,0.0,528894.47
1745,CMD-028,PPGI_CRMB_LGA,1,3,535984.4138556833,0.0,535984.41
1746,CMD-028,PPGI_CRMB_LGA,1,4,530624.4138556833,0.0,530624.41
1747,CMD-028,PPGI_CRMB_LGA,1,4,535984.4138556833,0.0,532439.44
1748,CMD-028,PPGI_CRMB_LGA,1,4,535984.4138556833,0.0,535984.41
1749,CMD-028,PPGI_CRMB_LGA,2,2,535984.4138556833,0.0,535984.41
1750,CMD-028,PPGI_CRMB_LGA,2,3,530624.4138556833,0.0,530624.41
1751,CMD-028,PPGI_CRMB_LGA,2,4,525264.4138556833,0.0,525264.41
1752,CMD-028,PPGI_CRMB_LGA,2,3,535984.4138556833,0.0,532439.44
1753,CMD-028,PPGI_CRMB_LGA,2,4,530624.4138556833,0.0,527079.44
1754,CMD-028,PPGI_CRMB_LGA,2,4,535984.4138556833,0.0,528894.47
1755,CMD-028,PPGI_CRMB_LGA,2,3,535984.4138556833,0.0,535984.41
1756,CMD-028,PPGI_CRMB_LGA,2,4,530624.4138556833,0.0,530624.41
1757,CMD-028,PPGI_CRMB_LGA,2,4,535984.4138556833,0.0,532439.44
1758,CMD-028,PPGI_CRMB_LGA,2,4,535984.4138556833,1.0,535984.41
1759,CMD-028,PPGI_CRMB_LGA,3,3,535984.4138556833,0.0,535984.41
1760,CMD-028,PPGI_CRMB_LGA,3,4,530624.4138556833,0.0,530624.41
1761,CMD-028,PPGI_CRMB_LGA,3,4,535984.4138556833,0.0,532439.44
1762,CMD-028,PPGI_CRMB_LGA,3,4,535984.4138556833,0.0,535984.41
1763,CMD-028,PPGI_CRMB_LGA,4,4,535984.4138556833,0.0,535984.41
1764,CMD-029,BACR_B_CRMA_LGA,1,1,90847.08992092778,0.0,90847.09
1765,CMD-029,BACR_B_CRMA_LGA,1,2,89247.08992092778,0.0,89247.09
1766,CMD-029,BACR_B_CRMA_LGA,1,3,87647.08992092778,0.0,87647.09
1767,CMD-029,BACR_B_CRMA_LGA,1,4,86047.08992092778,0.0,86047.09
1768,CMD-029,BACR_B_CRMA_LGA,1,2,90847.08992092778,0.0,89788.889
1769,CMD-029,BACR_B_CRMA_LGA,1,3,89247.08992092778,0.0,88188.889
1770,CMD-029,BACR_B_CRMA_LGA,1,4,87647.08992092778,0.0,86588.889
1771,CMD-029,BACR_B_CRMA_LGA,1,3,90847.08992092778,0.0,88730.688
1772,CMD-029,BACR_B_CRMA_LGA,1,4,89247.08992092778,0.0,87130.688
1773,CMD-029,BACR_B_CRMA_LGA,1,4,90847.08992092778,0.0,87672.487
1774,CMD-029,BACR_B_CRMA_LGA,1,2,90847.08992092778,0.0,90847.09
1775,CMD-029,BACR_B_CRMA_LGA,1,3,89247.08992092778,0.0,89247.09
1776,CMD-029,BACR_B_CRMA_LGA,1,4,87647.08992092778,0.0,87647.09
1777,CMD-029,BACR_B_CRMA_LGA,1,3,90847.08992092778,0.0,89788.889
1778,CMD-029,BACR_B_CRMA_LGA,1,4,89247.08992092778,0.0,88188.889
1779,CMD-029,BACR_B_CRMA_LGA,1,4,90847.08992092778,0.0,88730.688
1780,CMD-029,BACR_B_CRMA_LGA,1,3,90847.08992092778,0.0,90847.09
1781,CMD-029,BACR_B_CRMA_LGA,1,4,89247.08992092778,0.0,89247.09
1782,CMD-029,BACR_B_CRMA_LGA,1,4,90847.08992092778,0.0,89788.889
1783,CMD-029,BACR_B_CRMA_LGA,1,4,90847.08992092778,0.0,90847.09
1784,CMD-029,BACR_B_CRMA_LGA,2,2,90847.08992092778,0.0,90847.09
1785,CMD-029,BACR_B_CRMA_LGA,2,3,89247.08992092778,0.0,89247.09
1786,CMD-029,BACR_B_CRMA_LGA,2,4,87647.08992092778,0.0,87647.09
1787,CMD-029,BACR_B_CRMA_LGA,2,3,90847.08992092778,0.0,89788.889
1788,CMD-029,BACR_B_CRMA_LGA,2,4,89247.08992092778,0.0,88188.889
1789,CMD-029,BACR_B_CRMA_LGA,2,4,90847.08992092778,0.0,88730.688
1790,CMD-029,BACR_B_CRMA_LGA,2,3,90847.08992092778,0.0,90847.09
1791,CMD-029,BACR_B_CRMA_LGA,2,4,89247.08992092778,0.0,89247.09
1792,CMD-029,BACR_B_CRMA_LGA,2,4,90847.08992092778,0.0,89788.889
1793,CMD-029,BACR_B_CRMA_LGA,2,4,90847.08992092778,0.0,90847.09
1794,CMD-029,BACR_B_CRMA_LGA,3,3,90847.08992092778,0.0,90847.09
1795,CMD-029,BACR_B_CRMA_LGA,3,4,89247.08992092778,0.0,89247.09
1796,CMD-029,BACR_B_CRMA_LGA,3,4,90847.08992092778,0.0,89788.889
1797,CMD-029,BACR_B_CRMA_LGA,3,4,90847.08992092778,0.0,90847.09
1798,CMD-029,BACR_B_CRMA_LGA,4,4,90847.08992092778,0.0,90847.09
1799,CMD-029,BACR_B_CRMB_LGA,1,1,92822.71562334815,1.0,92822.716
1800,CMD-029,BACR_B_CRMB_LGA,1,2,91222.71562334815,0.0,91222.716
1801,CMD-029,BACR_B_CRMB_LGA,1,3,89622.71562334815,0.0,89622.716
1802,CMD-029,BACR_B_CRMB_LGA,1,4,88022.71562334815,0.0,88022.716
1803,CMD-029,BACR_B_CRMB_LGA,1,2,92822.71562334815,0.0,91764.515
1804,CMD-029,BACR_B_CRMB_LGA,1,3,91222.71562334815,0.0,90164.515
1805,CMD-029,BACR_B_CRMB_LGA,1,4,89622.71562334815,0.0,88564.515
1806,CMD-029,BACR_B_CRMB_LGA,1,3,92822.71562334815,0.0,90706.314
1807,CMD-029,BACR_B_CRMB_LGA,1,4,91222.71562334815,0.0,89106.314
1808,CMD-029,BACR_B_CRMB_LGA,1,4,92822.71562334815,0.0,89648.112
1809,CMD-029,BACR_B_CRMB_LGA,1,2,92822.71562334815,0.0,92822.716
1810,CMD-029,BACR_B_CRMB_LGA,1,3,91222.71562334815,0.0,91222.716
1811,CMD-029,BACR_B_CRMB_LGA,1,4,89622.71562334815,0.0,89622.716
1812,CMD-029,BACR_B_CRMB_LGA,1,3,92822.71562334815,0.0,91764.515
1813,CMD-029,BACR_B_CRMB_LGA,1,4,91222.71562334815,0.0,90164.515
1814,CMD-029,BACR_B_CRMB_LGA,1,4,92822.71562334815,0.0,90706.314
1815,CMD-029,BACR_B_CRMB_LGA,1,3,92822.71562334815,0.0,92822.716
1816,CMD-029,BACR_B_CRMB_LGA,1,4,91222.71562334815,0.0,91222.716
1817,CMD-029,BACR_B_CRMB_LGA,1,4,92822.71562334815,0.0,91764.515
1818,CMD-029,BACR_B_CRMB_LGA,1,4,92822.71562334815,0.0,92822.716
1819,CMD-029,BACR_B_CRMB_LGA,2,2,92822.71562334815,0.0,92822.716
1820,CMD-029,BACR_B_CRMB_LGA,2,3,91222.71562334815,0.0,91222.716
1821,CMD-029,BACR_B_CRMB_LGA,2,4,89622.71562334815,0.0,89622.716
1822,CMD-029,BACR_B_CRMB_LGA,2,3,92822.71562334815,0.0,91764.515
1823,CMD-029,BACR_B_CRMB_LGA,2,4,91222.71562334815,0.0,90164.515
1824,CMD-029,BACR_B_CRMB_LGA,2,4,92822.71562334815,0.0,90706.314
1825,CMD-029,BACR_B_CRMB_LGA,2,3,92822.71562334815,0.0,92822.716
1826,CMD-029,BACR_B_CRMB_LGA,2,4,91222.71562334815,0.0,91222.716
1827,CMD-029,BACR_B_CRMB_LGA,2,4,92822.71562334815,0.0,91764.515
1828,CMD-029,BACR_B_CRMB_LGA,2,4,92822.71562334815,0.0,92822.716
1829,CMD-029,BACR_B_CRMB_LGA,3,3,92822.71562334815,0.0,92822.716
1830,CMD-029,BACR_B_CRMB_LGA,3,4,91222.71562334815,0.0,91222.716
1831,CMD-029,BACR_B_CRMB_LGA,3,4,92822.71562334815,0.0,91764.515
1832,CMD-029,BACR_B_CRMB_LGA,3,4,92822.71562334815,0.0,92822.716
1833,CMD-029,BACR_B_CRMB_LGA,4,4,92822.71562334815,0.0,92822.716
1834,CMD-030,CRC_CRMB_BAF_SKP,1,1,118667.02473362937,0.0,118667.02
1835,CMD-030,CRC_CRMB_BAF_SKP,1,2,115187.02473362937,0.0,121712.02
1836,CMD-030,CRC_CRMB_BAF_SKP,1,3,111707.02473362937,0.0,116057.02
1837,CMD-030,CRC_CRMB_BAF_SKP,1,4,108227.02473362937,0.0,110402.02
1838,CMD-030,CRC_CRMB_BAF_SKP,1,2,118667.02473362937,0.0,116481.1
1839,CMD-030,CRC_CRMB_BAF_SKP,1,3,115187.02473362937,0.0,110826.1
1840,CMD-030,CRC_CRMB_BAF_SKP,1,4,111707.02473362937,0.0,105171.1
1841,CMD-030,CRC_CRMB_BAF_SKP,1,3,118667.02473362937,0.0,114295.17
1842,CMD-030,CRC_CRMB_BAF_SKP,1,4,115187.02473362937,0.0,108640.17
1843,CMD-030,CRC_CRMB_BAF_SKP,1,4,118667.02473362937,0.0,112109.24
1844,CMD-030,CRC_CRMB_BAF_SKP,1,2,118667.02473362937,0.0,116459.01
1845,CMD-030,CRC_CRMB_BAF_SKP,1,3,115187.02473362937,0.0,110804.01
1846,CMD-030,CRC_CRMB_BAF_SKP,1,4,111707.02473362937,0.0,105149.01
1847,CMD-030,CRC_CRMB_BAF_SKP,1,3,118667.02473362937,0.0,114273.09
1848,CMD-030,CRC_CRMB_BAF_SKP,1,4,115187.02473362937,0.0,108618.09
1849,CMD-030,CRC_CRMB_BAF_SKP,1,4,118667.02473362937,0.0,112087.16
1850,CMD-030,CRC_CRMB_BAF_SKP,1,3,118667.02473362937,0.0,114251.01
1851,CMD-030,CRC_CRMB_BAF_SKP,1,4,115187.02473362937,0.0,108596.01
1852,CMD-030,CRC_CRMB_BAF_SKP,1,4,118667.02473362937,0.0,112065.08
1853,CMD-030,CRC_CRMB_BAF_SKP,1,4,118667.02473362937,0.0,112043.0
1854,CMD-030,CRC_CRMB_BAF_SKP,1,2,118667.02473362937,0.0,118667.02
1855,CMD-030,CRC_CRMB_BAF_SKP,1,3,115187.02473362937,0.0,113012.02
1856,CMD-030,CRC_CRMB_BAF_SKP,1,4,111707.02473362937,0.0,107357.02
1857,CMD-030,CRC_CRMB_BAF_SKP,1,3,118667.02473362937,0.0,116481.1
1858,CMD-030,CRC_CRMB_BAF_SKP,1,4,115187.02473362937,0.0,110826.1
1859,CMD-030,CRC_CRMB_BAF_SKP,1,4,118667.02473362937,0.0,114295.17
1860,CMD-030,CRC_CRMB_BAF_SKP,1,3,118667.02473362937,0.0,116459.01
1861,CMD-030,CRC_CRMB_BAF_SKP,1,4,115187.02473362937,0.0,110804.01
1862,CMD-030,CRC_CRMB_BAF_SKP,1,4,118667.02473362937,0.0,114273.09
1863,CMD-030,CRC_CRMB_BAF_SKP,1,4,118667.02473362937,0.0,114251.01
1864,CMD-030,CRC_CRMB_BAF_SKP,1,3,118667.02473362937,0.0,118667.02
1865,CMD-030,CRC_CRMB_BAF_SKP,1,4,115187.02473362937,0.0,113012.02
1866,CMD-030,CRC_CRMB_BAF_SKP,1,4,118667.02473362937,0.0,116481.1
1867,CMD-030,CRC_CRMB_BAF_SKP,1,4,118667.02473362937,0.0,116459.01
1868,CMD-030,CRC_CRMB_BAF_SKP,1,4,118667.02473362937,0.0,118667.02
1869,CMD-030,CRC_CRMB_BAF_SKP,2,2,118667.02473362937,0.0,118667.02
1870,CMD-030,CRC_CRMB_BAF_SKP,2,3,115187.02473362937,0.0,113012.02
1871,CMD-030,CRC_CRMB_BAF_SKP,2,4,111707.02473362937,0.0,107357.02
1872,CMD-030,CRC_CRMB_BAF_SKP,2,3,118667.02473362937,0.0,116481.1
1873,CMD-030,CRC_CRMB_BAF_SKP,2,4,115187.02473362937,0.0,110826.1
1874,CMD-030,CRC_CRMB_BAF_SKP,2,4,118667.02473362937,0.0,114295.17
1875,CMD-030,CRC_CRMB_BAF_SKP,2,3,118667.02473362937,0.0,116459.01
1876,CMD-030,CRC_CRMB_BAF_SKP,2,4,115187.02473362937,0.0,110804.01
1877,CMD-030,CRC_CRMB_BAF_SKP,2,4,118667.02473362937,0.0,114273.09
1878,CMD-030,CRC_CRMB_BAF_SKP,2,4,118667.02473362937,0.0,114251.01
1879,CMD-030,CRC_CRMB_BAF_SKP,2,3,118667.02473362937,0.0,118667.02
1880,CMD-030,CRC_CRMB_BAF_SKP,2,4,115187.02473362937,0.0,113012.02
1881,CMD-030,CRC_CRMB_BAF_SKP,2,4,118667.02473362937,0.0,116481.1
1882,CMD-030,CRC_CRMB_BAF_SKP,2,4,118667.02473362937,0.0,116459.01
1883,CMD-030,CRC_CRMB_BAF_SKP,2,4,118667.02473362937,0.0,118667.02
1884,CMD-030,CRC_CRMB_BAF_SKP,3,3,118667.02473362937,0.0,118667.02
1885,CMD-030,CRC_CRMB_BAF_SKP,3,4,115187.02473362937,0.0,113012.02
1886,CMD-030,CRC_CRMB_BAF_SKP,3,4,118667.02473362937,0.0,116481.1
1887,CMD-030,CRC_CRMB_BAF_SKP,3,4,118667.02473362937,0.0,116459.01
1888,CMD-030,CRC_CRMB_BAF_SKP,3,4,118667.02473362937,0.0,118667.02
1889,CMD-030,CRC_CRMB_BAF_SKP,4,4,118667.02473362937,0.0,118667.02
1890,CMD-031,CRC_CRMB_BAF_SKP,1,1,223361.94607387256,0.0,223361.95
1891,CMD-031,CRC_CRMB_BAF_SKP,1,2,218121.94607387256,0.0,227946.95
1892,CMD-031,CRC_CRMB_BAF_SKP,1,3,212881.94607387256,0.0,219431.95
1893,CMD-031,CRC_CRMB_BAF_SKP,1,4,207641.94607387256,0.0,210916.95
1894,CMD-031,CRC_CRMB_BAF_SKP,1,2,223361.94607387256,0.0,220070.49
1895,CMD-031,CRC_CRMB_BAF_SKP,1,3,218121.94607387256,0.0,211555.49
1896,CMD-031,CRC_CRMB_BAF_SKP,1,4,212881.94607387256,0.0,203040.49
1897,CMD-031,CRC_CRMB_BAF_SKP,1,3,223361.94607387256,0.0,216779.03
1898,CMD-031,CRC_CRMB_BAF_SKP,1,4,218121.94607387256,0.0,208264.03
1899,CMD-031,CRC_CRMB_BAF_SKP,1,4,223361.94607387256,0.0,213487.57
1900,CMD-031,CRC_CRMB_BAF_SKP,1,2,223361.94607387256,0.0,220037.24
1901,CMD-031,CRC_CRMB_BAF_SKP,1,3,218121.94607387256,0.0,211522.24
1902,CMD-031,CRC_CRMB_BAF_SKP,1,4,212881.94607387256,0.0,203007.24
1903,CMD-031,CRC_CRMB_BAF_SKP,1,3,223361.94607387256,0.0,216745.78
1904,CMD-031,CRC_CRMB_BAF_SKP,1,4,218121.94607387256,0.0,208230.78
1905,CMD-031,CRC_CRMB_BAF_SKP,1,4,223361.94607387256,0.0,213454.33
1906,CMD-031,CRC_CRMB_BAF_SKP,1,3,223361.94607387256,0.0,216712.54
1907,CMD-031,CRC_CRMB_BAF_SKP,1,4,218121.94607387256,0.0,208197.54
1908,CMD-031,CRC_CRMB_BAF_SKP,1,4,223361.94607387256,0.0,213421.08
1909,CMD-031,CRC_CRMB_BAF_SKP,1,4,223361.94607387256,0.0,213387.83
1910,CMD-031,CRC_CRMB_BAF_SKP,1,2,223361.94607387256,0.0,223361.95
1911,CMD-031,CRC_CRMB_BAF_SKP,1,3,218121.94607387256,0.0,214846.95
1912,CMD-031,CRC_CRMB_BAF_SKP,1,4,212881.94607387256,0.0,206331.95
1913,CMD-031,CRC_CRMB_BAF_SKP,1,3,223361.94607387256,0.0,220070.49
1914,CMD-031,CRC_CRMB_BAF_SKP,1,4,218121.94607387256,0.0,211555.49
1915,CMD-031,CRC_CRMB_BAF_SKP,1,4,223361.94607387256,0.0,216779.03
1916,CMD-031,CRC_CRMB_BAF_SKP,1,3,223361.94607387256,0.0,220037.24
1917,CMD-031,CRC_CRMB_BAF_SKP,1,4,218121.94607387256,0.0,211522.24
1918,CMD-031,CRC_CRMB_BAF_SKP,1,4,223361.94607387256,0.0,216745.78
1919,CMD-031,CRC_CRMB_BAF_SKP,1,4,223361.94607387256,0.0,216712.54
1920,CMD-031,CRC_CRMB_BAF_SKP,1,3,223361.94607387256,0.0,223361.95
1921,CMD-031,CRC_CRMB_BAF_SKP,1,4,218121.94607387256,0.0,214846.95
1922,CMD-031,CRC_CRMB_BAF_SKP,1,4,223361.94607387256,0.0,220070.49
1923,CMD-031,CRC_CRMB_BAF_SKP,1,4,223361.94607387256,0.0,220037.24
1924,CMD-031,CRC_CRMB_BAF_SKP,1,4,223361.94607387256,0.0,223361.95
1925,CMD-031,CRC_CRMB_BAF_SKP,2,2,223361.94607387256,0.0,223361.95
1926,CMD-031,CRC_CRMB_BAF_SKP,2,3,218121.94607387256,0.0,214846.95
1927,CMD-031,CRC_CRMB_BAF_SKP,2,4,212881.94607387256,0.0,206331.95
1928,CMD-031,CRC_CRMB_BAF_SKP,2,3,223361.94607387256,0.0,220070.49
1929,CMD-031,CRC_CRMB_BAF_SKP,2,4,218121.94607387256,0.0,211555.49
1930,CMD-031,CRC_CRMB_BAF_SKP,2,4,223361.94607387256,0.0,216779.03
1931,CMD-031,CRC_CRMB_BAF_SKP,2,3,223361.94607387256,0.0,220037.24
1932,CMD-031,CRC_CRMB_BAF_SKP,2,4,218121.94607387256,0.0,211522.24
1933,CMD-031,CRC_CRMB_BAF_SKP,2,4,223361.94607387256,0.0,216745.78
1934,CMD-031,CRC_CRMB_BAF_SKP,2,4,223361.94607387256,0.0,216712.54
1935,CMD-031,CRC_CRMB_BAF_SKP,2,3,223361.94607387256,0.0,223361.95
1936,CMD-031,CRC_CRMB_BAF_SKP,2,4,218121.94607387256,0.0,214846.95
1937,CMD-031,CRC_CRMB_BAF_SKP,2,4,223361.94607387256,0.0,220070.49
1938,CMD-031,CRC_CRMB_BAF_SKP,2,4,223361.94607387256,0.0,220037.24
1939,CMD-031,CRC_CRMB_BAF_SKP,2,4,223361.94607387256,0.0,223361.95
1940,CMD-031,CRC_CRMB_BAF_SKP,3,3,223361.94607387256,0.0,223361.95
1941,CMD-031,CRC_CRMB_BAF_SKP,3,4,218121.94607387256,0.0,214846.95
1942,CMD-031,CRC_CRMB_BAF_SKP,3,4,223361.94607387256,0.0,220070.49
1943,CMD-031,CRC_CRMB_BAF_SKP,3,4,223361.94607387256,0.0,220037.24
1944,CMD-031,CRC_CRMB_BAF_SKP,3,4,223361.94607387256,0.0,223361.95
1945,CMD-031,CRC_CRMB_BAF_SKP,4,4,223361.94607387256,0.0,223361.95
1946,CMD-032,CRC_CRMB_BAF_SKP,1,1,1072461.4794958124,0.0,1072461.5
1947,CMD-032,CRC_CRMB_BAF_SKP,1,2,1049421.4794958124,0.0,1092621.5
1948,CMD-032,CRC_CRMB_BAF_SKP,1,3,1026381.4794958124,0.0,1055181.5
1949,CMD-032,CRC_CRMB_BAF_SKP,1,4,715341.4794958124,0.0,729741.48
1950,CMD-032,CRC_CRMB_BAF_SKP,1,2,1072461.4794958124,0.0,1057989.1
1951,CMD-032,CRC_CRMB_BAF_SKP,1,3,1049421.4794958124,0.0,1020549.1
1952,CMD-032,CRC_CRMB_BAF_SKP,1,4,738381.4794958124,0.0,695109.12
1953,CMD-032,CRC_CRMB_BAF_SKP,1,3,1072461.4794958124,0.0,1043516.8
1954,CMD-032,CRC_CRMB_BAF_SKP,1,4,761421.4794958124,0.0,718076.76
1955,CMD-032,CRC_CRMB_BAF_SKP,1,4,784461.4794958124,0.0,741044.39
1956,CMD-032,CRC_CRMB_BAF_SKP,1,2,1072461.4794958124,0.0,1057842.9
1957,CMD-032,CRC_CRMB_BAF_SKP,1,3,1049421.4794958124,0.0,1020402.9
1958,CMD-032,CRC_CRMB_BAF_SKP,1,4,738381.4794958124,0.0,694962.93
1959,CMD-032,CRC_CRMB_BAF_SKP,1,3,1072461.4794958124,0.0,1043370.6
1960,CMD-032,CRC_CRMB_BAF_SKP,1,4,761421.4794958124,0.0,717930.57
1961,CMD-032,CRC_CRMB_BAF_SKP,1,4,784461.4794958124,0.0,740898.21
1962,CMD-032,CRC_CRMB_BAF_SKP,1,3,1072461.4794958124,0.0,1043224.4
1963,CMD-032,CRC_CRMB_BAF_SKP,1,4,761421.4794958124,0.0,717784.38
1964,CMD-032,CRC_CRMB_BAF_SKP,1,4,784461.4794958124,0.0,740752.02
1965,CMD-032,CRC_CRMB_BAF_SKP,1,4,784461.4794958124,0.0,740605.84
1966,CMD-032,CRC_CRMB_BAF_SKP,1,2,1072461.4794958124,0.0,1072461.5
1967,CMD-032,CRC_CRMB_BAF_SKP,1,3,1049421.4794958124,0.0,1035021.5
1968,CMD-032,CRC_CRMB_BAF_SKP,1,4,738381.4794958124,0.0,709581.48
1969,CMD-032,CRC_CRMB_BAF_SKP,1,3,1072461.4794958124,0.0,1057989.1
1970,CMD-032,CRC_CRMB_BAF_SKP,1,4,761421.4794958124,0.0,732549.12
1971,CMD-032,CRC_CRMB_BAF_SKP,1,4,784461.4794958124,0.0,755516.76
1972,CMD-032,CRC_CRMB_BAF_SKP,1,3,1072461.4794958124,0.0,1057842.9
1973,CMD-032,CRC_CRMB_BAF_SKP,1,4,761421.4794958124,0.0,732402.93
1974,CMD-032,CRC_CRMB_BAF_SKP,1,4,784461.4794958124,0.0,755370.57
1975,CMD-032,CRC_CRMB_BAF_SKP,1,4,784461.4794958124,0.0,755224.38
1976,CMD-032,CRC_CRMB_BAF_SKP,1,3,1072461.4794958124,0.0,1072461.5
1977,CMD-032,CRC_CRMB_BAF_SKP,1,4,761421.4794958124,0.0,747021.48
1978,CMD-032,CRC_CRMB_BAF_SKP,1,4,784461.4794958124,0.0,769989.12
1979,CMD-032,CRC_CRMB_BAF_SKP,1,4,784461.4794958124,0.0,769842.93
1980,CMD-032,CRC_CRMB_BAF_SKP,1,4,784461.4794958124,0.0,784461.48
1981,CMD-032,CRC_CRMB_BAF_SKP,2,2,1072461.4794958124,0.0,1072461.5
1982,CMD-032,CRC_CRMB_BAF_SKP,2,3,1049421.4794958124,0.0,1035021.5
1983,CMD-032,CRC_CRMB_BAF_SKP,2,4,738381.4794958124,0.0,709581.48
1984,CMD-032,CRC_CRMB_BAF_SKP,2,3,1072461.4794958124,0.0,1057989.1
1985,CMD-032,CRC_CRMB_BAF_SKP,2,4,761421.4794958124,0.0,732549.12
1986,CMD-032,CRC_CRMB_BAF_SKP,2,4,784461.4794958124,0.0,755516.76
1987,CMD-032,CRC_CRMB_BAF_SKP,2,3,1072461.4794958124,0.0,1057842.9
1988,CMD-032,CRC_CRMB_BAF_SKP,2,4,761421.4794958124,0.0,732402.93
1989,CMD-032,CRC_CRMB_BAF_SKP,2,4,784461.4794958124,0.0,755370.57
1990,CMD-032,CRC_CRMB_BAF_SKP,2,4,784461.4794958124,0.0,755224.38
1991,CMD-032,CRC_CRMB_BAF_SKP,2,3,1072461.4794958124,0.0,1072461.5
1992,CMD-032,CRC_CRMB_BAF_SKP,2,4,761421.4794958124,0.0,747021.48
1993,CMD-032,CRC_CRMB_BAF_SKP,2,4,784461.4794958124,0.0,769989.12
1994,CMD-032,CRC_CRMB_BAF_SKP,2,4,784461.4794958124,0.0,769842.93
1995,CMD-032,CRC_CRMB_BAF_SKP,2,4,784461.4794958124,0.0,784461.48
1996,CMD-032,CRC_CRMB_BAF_SKP,3,3,1072461.4794958124,0.0,1072461.5
1997,CMD-032,CRC_CRMB_BAF_SKP,3,4,761421.4794958124,0.0,747021.48
1998,CMD-032,CRC_CRMB_BAF_SKP,3,4,784461.4794958124,0.0,769989.12
1999,CMD-032,CRC_CRMB_BAF_SKP,3,4,784461.4794958124,0.0,769842.93
2000,CMD-032,CRC_CRMB_BAF_SKP,3,4,784461.4794958124,0.0,784461.48
2001,CMD-032,CRC_CRMB_BAF_SKP,4,4,784461.4794958124,0.0,784461.48
2002,CMD-033,CRC_CRMB_BAF_SKP,1,1,1137657.9242742637,0.0,1137657.9
2003,CMD-033,CRC_CRMB_BAF_SKP,1,2,1115057.9242742637,0.0,1157432.9
2004,CMD-033,CRC_CRMB_BAF_SKP,1,3,1092457.9242742637,0.0,1120707.9
2005,CMD-033,CRC_CRMB_BAF_SKP,1,4,787357.9242742637,0.0,801482.92
2006,CMD-033,CRC_CRMB_BAF_SKP,1,2,1137657.9242742637,0.0,1123461.9
2007,CMD-033,CRC_CRMB_BAF_SKP,1,3,1115057.9242742637,0.0,1086736.9
2008,CMD-033,CRC_CRMB_BAF_SKP,1,4,809957.9242742637,0.0,767511.94
2009,CMD-033,CRC_CRMB_BAF_SKP,1,3,1137657.9242742637,0.0,1109266.0
2010,CMD-033,CRC_CRMB_BAF_SKP,1,4,832557.9242742637,0.0,790040.96
2011,CMD-033,CRC_CRMB_BAF_SKP,1,4,855157.9242742637,0.0,812569.98
2012,CMD-033,CRC_CRMB_BAF_SKP,1,2,1137657.9242742637,0.0,1123318.6
2013,CMD-033,CRC_CRMB_BAF_SKP,1,3,1115057.9242742637,0.0,1086593.6
2014,CMD-033,CRC_CRMB_BAF_SKP,1,4,809957.9242742637,0.0,767368.55
2015,CMD-033,CRC_CRMB_BAF_SKP,1,3,1137657.9242742637,0.0,1109122.6
2016,CMD-033,CRC_CRMB_BAF_SKP,1,4,832557.9242742637,0.0,789897.57
2017,CMD-033,CRC_CRMB_BAF_SKP,1,4,855157.9242742637,0.0,812426.59
2018,CMD-033,CRC_CRMB_BAF_SKP,1,3,1137657.9242742637,0.0,1108979.2
2019,CMD-033,CRC_CRMB_BAF_SKP,1,4,832557.9242742637,0.0,789754.18
2020,CMD-033,CRC_CRMB_BAF_SKP,1,4,855157.9242742637,0.0,812283.2
2021,CMD-033,CRC_CRMB_BAF_SKP,1,4,855157.9242742637,0.0,812139.8
2022,CMD-033,CRC_CRMB_BAF_SKP,1,2,1137657.9242742637,0.0,1137657.9
2023,CMD-033,CRC_CRMB_BAF_SKP,1,3,1115057.9242742637,0.0,1100932.9
2024,CMD-033,CRC_CRMB_BAF_SKP,1,4,809957.9242742637,0.0,781707.92
2025,CMD-033,CRC_CRMB_BAF_SKP,1,3,1137657.9242742637,0.0,1123461.9
2026,CMD-033,CRC_CRMB_BAF_SKP,1,4,832557.9242742637,0.0,804236.94
2027,CMD-033,CRC_CRMB_BAF_SKP,1,4,855157.9242742637,0.0,826765.96
2028,CMD-033,CRC_CRMB_BAF_SKP,1,3,1137657.9242742637,0.0,1123318.6
2029,CMD-033,CRC_CRMB_BAF_SKP,1,4,832557.9242742637,0.0,804093.55
2030,CMD-033,CRC_CRMB_BAF_SKP,1,4,855157.9242742637,0.0,826622.57
2031,CMD-033,CRC_CRMB_BAF_SKP,1,4,855157.9242742637,0.0,826479.18
2032,CMD-033,CRC_CRMB_BAF_SKP,1,3,1137657.9242742637,0.0,1137657.9
2033,CMD-033,CRC_CRMB_BAF_SKP,1,4,832557.9242742637,0.0,818432.92
2034,CMD-033,CRC_CRMB_BAF_SKP,1,4,855157.9242742637,0.0,840961.94
2035,CMD-033,CRC_CRMB_BAF_SKP,1,4,855157.9242742637,0.0,840818.55
2036,CMD-033,CRC_CRMB_BAF_SKP,1,4,855157.9242742637,0.0,855157.92
2037,CMD-033,CRC_CRMB_BAF_SKP,2,2,1137657.9242742637,0.0,1137657.9
2038,CMD-033,CRC_CRMB_BAF_SKP,2,3,1115057.9242742637,0.0,1100932.9
2039,CMD-033,CRC_CRMB_BAF_SKP,2,4,809957.9242742637,0.0,781707.92
2040,CMD-033,CRC_CRMB_BAF_SKP,2,3,1137657.9242742637,0.0,1123461.9
2041,CMD-033,CRC_CRMB_BAF_SKP,2,4,832557.9242742637,0.0,804236.94
2042,CMD-033,CRC_CRMB_BAF_SKP,2,4,855157.9242742637,0.0,826765.96
2043,CMD-033,CRC_CRMB_BAF_SKP,2,3,1137657.9242742637,0.0,1123318.6
2044,CMD-033,CRC_CRMB_BAF_SKP,2,4,832557.9242742637,0.0,804093.55
2045,CMD-033,CRC_CRMB_BAF_SKP,2,4,855157.9242742637,0.0,826622.57
2046,CMD-033,CRC_CRMB_BAF_SKP,2,4,855157.9242742637,0.0,826479.18
2047,CMD-033,CRC_CRMB_BAF_SKP,2,3,1137657.9242742637,0.0,1137657.9
2048,CMD-033,CRC_CRMB_BAF_SKP,2,4,832557.9242742637,0.0,818432.92
2049,CMD-033,CRC_CRMB_BAF_SKP,2,4,855157.9242742637,0.0,840961.94
2050,CMD-033,CRC_CRMB_BAF_SKP,2,4,855157.9242742637,0.0,840818.55
2051,CMD-033,CRC_CRMB_BAF_SKP,2,4,855157.9242742637,0.0,855157.92
2052,CMD-033,CRC_CRMB_BAF_SKP,3,3,1137657.9242742637,1.0,1137657.9
2053,CMD-033,CRC_CRMB_BAF_SKP,3,4,832557.9242742637,0.0,818432.92
2054,CMD-033,CRC_CRMB_BAF_SKP,3,4,855157.9242742637,0.0,840961.94
2055,CMD-033,CRC_CRMB_BAF_SKP,3,4,855157.9242742637,0.0,840818.55
2056,CMD-033,CRC_CRMB_BAF_SKP,3,4,855157.9242742637,0.0,855157.92
2057,CMD-033,CRC_CRMB_BAF_SKP,4,4,855157.9242742637,0.0,855157.92
2058,CMD-034,CRC_CRMB_BAF_SKP,1,1,809486.3122115466,0.0,809486.31
2059,CMD-034,CRC_CRMB_BAF_SKP,1,2,794566.3122115466,0.0,822541.31
2060,CMD-034,CRC_CRMB_BAF_SKP,1,3,779646.3122115466,0.0,798296.31
2061,CMD-034,CRC_CRMB_BAF_SKP,1,4,578226.3122115466,0.0,587551.31
2062,CMD-034,CRC_CRMB_BAF_SKP,1,2,809486.3122115466,0.0,800114.45
2063,CMD-034,CRC_CRMB_BAF_SKP,1,3,794566.3122115466,0.0,775869.45
2064,CMD-034,CRC_CRMB_BAF_SKP,1,4,593146.3122115466,0.0,565124.45
2065,CMD-034,CRC_CRMB_BAF_SKP,1,3,809486.3122115466,0.0,790742.59
2066,CMD-034,CRC_CRMB_BAF_SKP,1,4,608066.3122115466,0.0,579997.59
2067,CMD-034,CRC_CRMB_BAF_SKP,1,4,622986.3122115466,0.0,594870.73
2068,CMD-034,CRC_CRMB_BAF_SKP,1,2,809486.3122115466,0.0,800019.79
2069,CMD-034,CRC_CRMB_BAF_SKP,1,3,794566.3122115466,0.0,775774.79
2070,CMD-034,CRC_CRMB_BAF_SKP,1,4,593146.3122115466,0.0,565029.79
2071,CMD-034,CRC_CRMB_BAF_SKP,1,3,809486.3122115466,0.0,790647.93
2072,CMD-034,CRC_CRMB_BAF_SKP,1,4,608066.3122115466,0.0,579902.93
2073,CMD-034,CRC_CRMB_BAF_SKP,1,4,622986.3122115466,0.0,594776.07
2074,CMD-034,CRC_CRMB_BAF_SKP,1,3,809486.3122115466,0.0,790553.26
2075,CMD-034,CRC_CRMB_BAF_SKP,1,4,608066.3122115466,0.0,579808.26
2076,CMD-034,CRC_CRMB_BAF_SKP,1,4,622986.3122115466,0.0,594681.4
2077,CMD-034,CRC_CRMB_BAF_SKP,1,4,622986.3122115466,0.0,594586.74
2078,CMD-034,CRC_CRMB_BAF_SKP,1,2,809486.3122115466,0.0,809486.31
2079,CMD-034,CRC_CRMB_BAF_SKP,1,3,794566.3122115466,0.0,785241.31
2080,CMD-034,CRC_CRMB_BAF_SKP,1,4,593146.3122115466,0.0,574496.31
2081,CMD-034,CRC_CRMB_BAF_SKP,1,3,809486.3122115466,0.0,800114.45
2082,CMD-034,CRC_CRMB_BAF_SKP,1,4,608066.3122115466,0.0,589369.45
2083,CMD-034,CRC_CRMB_BAF_SKP,1,4,622986.3122115466,0.0,604242.59
2084,CMD-034,CRC_CRMB_BAF_SKP,1,3,809486.3122115466,0.0,800019.79
2085,CMD-034,CRC_CRMB_BAF_SKP,1,4,608066.3122115466,0.0,589274.79
2086,CMD-034,CRC_CRMB_BAF_SKP,1,4,622986.3122115466,0.0,604147.93
2087,CMD-034,CRC_CRMB_BAF_SKP,1,4,622986.3122115466,0.0,604053.26
2088,CMD-034,CRC_CRMB_BAF_SKP,1,3,809486.3122115466,0.0,809486.31
2089,CMD-034,CRC_CRMB_BAF_SKP,1,4,608066.3122115466,0.0,598741.31
2090,CMD-034,CRC_CRMB_BAF_SKP,1,4,622986.3122115466,0.0,613614.45
2091,CMD-034,CRC_CRMB_BAF_SKP,1,4,622986.3122115466,0.0,613519.79
2092,CMD-034,CRC_CRMB_BAF_SKP,1,4,622986.3122115466,0.0,622986.31
2093,CMD-034,CRC_CRMB_BAF_SKP,2,2,809486.3122115466,0.0,809486.31
2094,CMD-034,CRC_CRMB_BAF_SKP,2,3,794566.3122115466,0.0,785241.31
2095,CMD-034,CRC_CRMB_BAF_SKP,2,4,593146.3122115466,0.0,574496.31
2096,CMD-034,CRC_CRMB_BAF_SKP,2,3,809486.3122115466,0.0,800114.45
2097,CMD-034,CRC_CRMB_BAF_SKP,2,4,608066.3122115466,0.0,589369.45
2098,CMD-034,CRC_CRMB_BAF_SKP,2,4,622986.3122115466,0.0,604242.59
2099,CMD-034,CRC_CRMB_BAF_SKP,2,3,809486.3122115466,0.0,800019.79
2100,CMD-034,CRC_CRMB_BAF_SKP,2,4,608066.3122115466,0.0,589274.79
2101,CMD-034,CRC_CRMB_BAF_SKP,2,4,622986.3122115466,0.0,604147.93
2102,CMD-034,CRC_CRMB_BAF_SKP,2,4,622986.3122115466,0.0,604053.26
2103,CMD-034,CRC_CRMB_BAF_SKP,2,3,809486.3122115466,1.0,809486.31
2104,CMD-034,CRC_CRMB_BAF_SKP,2,4,608066.3122115466,0.0,598741.31
2105,CMD-034,CRC_CRMB_BAF_SKP,2,4,622986.3122115466,0.0,613614.45
2106,CMD-034,CRC_CRMB_BAF_SKP,2,4,622986.3122115466,0.0,613519.79
2107,CMD-034,CRC_CRMB_BAF_SKP,2,4,622986.3122115466,0.0,622986.31
2108,CMD-034,CRC_CRMB_BAF_SKP,3,3,809486.3122115466,0.0,809486.31
2109,CMD-034,CRC_CRMB_BAF_SKP,3,4,608066.3122115466,0.0,598741.31
2110,CMD-034,CRC_CRMB_BAF_SKP,3,4,622986.3122115466,0.0,613614.45
2111,CMD-034,CRC_CRMB_BAF_SKP,3,4,622986.3122115466,0.0,613519.79
2112,CMD-034,CRC_CRMB_BAF_SKP,3,4,622986.3122115466,0.0,622986.31
2113,CMD-034,CRC_CRMB_BAF_SKP,4,4,622986.3122115466,0.0,622986.31
2114,CMD-035,HDG_CRMA_LGB,1,1,1238082.167381184,0.0,1238082.2
2115,CMD-035,HDG_CRMA_LGB,1,2,1215082.167381184,0.0,1215082.2
2116,CMD-035,HDG_CRMA_LGB,1,3,1192082.167381184,0.0,1192082.2
2117,CMD-035,HDG_CRMA_LGB,1,4,881582.167381184,0.0,881582.17
2118,CMD-035,HDG_CRMA_LGB,1,2,1238082.167381184,0.0,1222950.6
2119,CMD-035,HDG_CRMA_LGB,1,3,1215082.167381184,0.0,1199950.6
2120,CMD-035,HDG_CRMA_LGB,1,4,904582.167381184,0.0,889450.59
2121,CMD-035,HDG_CRMA_LGB,1,3,1238082.167381184,0.0,1207819.0
2122,CMD-035,HDG_CRMA_LGB,1,4,927582.167381184,0.0,897319.01
2123,CMD-035,HDG_CRMA_LGB,1,4,950582.167381184,0.0,905187.43
2124,CMD-035,HDG_CRMA_LGB,1,2,1238082.167381184,0.0,1238082.2
2125,CMD-035,HDG_CRMA_LGB,1,3,1215082.167381184,0.0,1215082.2
2126,CMD-035,HDG_CRMA_LGB,1,4,904582.167381184,0.0,904582.17
2127,CMD-035,HDG_CRMA_LGB,1,3,1238082.167381184,0.0,1222950.6
2128,CMD-035,HDG_CRMA_LGB,1,4,927582.167381184,0.0,912450.59
2129,CMD-035,HDG_CRMA_LGB,1,4,950582.167381184,0.0,920319.01
2130,CMD-035,HDG_CRMA_LGB,1,3,1238082.167381184,0.0,1238082.2
2131,CMD-035,HDG_CRMA_LGB,1,4,927582.167381184,0.0,927582.17
2132,CMD-035,HDG_CRMA_LGB,1,4,950582.167381184,0.0,935450.59
2133,CMD-035,HDG_CRMA_LGB,1,4,950582.167381184,0.0,950582.17
2134,CMD-035,HDG_CRMA_LGB,2,2,1238082.167381184,0.0,1238082.2
2135,CMD-035,HDG_CRMA_LGB,2,3,1215082.167381184,0.0,1215082.2
2136,CMD-035,HDG_CRMA_LGB,2,4,904582.167381184,0.0,904582.17
2137,CMD-035,HDG_CRMA_LGB,2,3,1238082.167381184,0.0,1222950.6
2138,CMD-035,HDG_CRMA_LGB,2,4,927582.167381184,0.0,912450.59
2139,CMD-035,HDG_CRMA_LGB,2,4,950582.167381184,0.0,920319.01
2140,CMD-035,HDG_CRMA_LGB,2,3,1238082.167381184,0.0,1238082.2
2141,CMD-035,HDG_CRMA_LGB,2,4,927582.167381184,0.0,927582.17
2142,CMD-035,HDG_CRMA_LGB,2,4,950582.167381184,0.0,935450.59
2143,CMD-035,HDG_CRMA_LGB,2,4,950582.167381184,0.0,950582.17
2144,CMD-035,HDG_CRMA_LGB,3,3,1238082.167381184,0.0,1238082.2
2145,CMD-035,HDG_CRMA_LGB,3,4,927582.167381184,0.0,927582.17
2146,CMD-035,HDG_CRMA_LGB,3,4,950582.167381184,0.0,935450.59
2147,CMD-035,HDG_CRMA_LGB,3,4,950582.167381184,0.0,950582.17
2148,CMD-035,HDG_CRMA_LGB,4,4,950582.167381184,0.0,950582.17
2149,CMD-035,HDG_CRMB_LGB,1,1,1265887.2359703751,0.0,1265887.2
2150,CMD-035,HDG_CRMB_LGB,1,2,1242887.2359703751,0.0,1242887.2
2151,CMD-035,HDG_CRMB_LGB,1,3,1219887.2359703751,0.0,1219887.2
2152,CMD-035,HDG_CRMB_LGB,1,4,909387.2359703751,0.0,909387.24
2153,CMD-035,HDG_CRMB_LGB,1,2,1265887.2359703751,0.0,1250755.7
2154,CMD-035,HDG_CRMB_LGB,1,3,1242887.2359703751,0.0,1227755.7
2155,CMD-035,HDG_CRMB_LGB,1,4,932387.2359703751,0.0,917255.66
2156,CMD-035,HDG_CRMB_LGB,1,3,1265887.2359703751,0.0,1235624.1
2157,CMD-035,HDG_CRMB_LGB,1,4,955387.2359703751,0.0,925124.08
2158,CMD-035,HDG_CRMB_LGB,1,4,978387.2359703751,0.0,932992.5
2159,CMD-035,HDG_CRMB_LGB,1,2,1265887.2359703751,0.0,1265887.2
2160,CMD-035,HDG_CRMB_LGB,1,3,1242887.2359703751,0.0,1242887.2
2161,CMD-035,HDG_CRMB_LGB,1,4,932387.2359703751,0.0,932387.24
2162,CMD-035,HDG_CRMB_LGB,1,3,1265887.2359703751,0.0,1250755.7
2163,CMD-035,HDG_CRMB_LGB,1,4,955387.2359703751,0.0,940255.66
2164,CMD-035,HDG_CRMB_LGB,1,4,978387.2359703751,0.0,948124.08
2165,CMD-035,HDG_CRMB_LGB,1,3,1265887.2359703751,0.0,1265887.2
2166,CMD-035,HDG_CRMB_LGB,1,4,955387.2359703751,0.0,955387.24
2167,CMD-035,HDG_CRMB_LGB,1,4,978387.2359703751,0.0,963255.66
2168,CMD-035,HDG_CRMB_LGB,1,4,978387.2359703751,0.0,978387.24
2169,CMD-035,HDG_CRMB_LGB,2,2,1265887.2359703751,1.0,1265887.2
2170,CMD-035,HDG_CRMB_LGB,2,3,1242887.2359703751,0.0,1242887.2
2171,CMD-035,HDG_CRMB_LGB,2,4,932387.2359703751,0.0,932387.24
2172,CMD-035,HDG_CRMB_LGB,2,3,1265887.2359703751,0.0,1250755.7
2173,CMD-035,HDG_CRMB_LGB,2,4,955387.2359703751,0.0,940255.66
2174,CMD-035,HDG_CRMB_LGB,2,4,978387.2359703751,0.0,948124.08
2175,CMD-035,HDG_CRMB_LGB,2,3,1265887.2359703751,0.0,1265887.2
2176,CMD-035,HDG_CRMB_LGB,2,4,955387.2359703751,0.0,955387.24
2177,CMD-035,HDG_CRMB_LGB,2,4,978387.2359703751,0.0,963255.66
2178,CMD-035,HDG_CRMB_LGB,2,4,978387.2359703751,0.0,978387.24
2179,CMD-035,HDG_CRMB_LGB,3,3,1265887.2359703751,0.0,1265887.2
2180,CMD-035,HDG_CRMB_LGB,3,4,955387.2359703751,0.0,955387.24
2181,CMD-035,HDG_CRMB_LGB,3,4,978387.2359703751,0.0,963255.66
2182,CMD-035,HDG_CRMB_LGB,3,4,978387.2359703751,0.0,978387.24
2183,CMD-035,HDG_CRMB_LGB,4,4,978387.2359703751,0.0,978387.24
2184,CMD-036,HRCDEC_PK,1,1,190460.4365482233,0.0,190460.44
2185,CMD-036,HRCDEC_PK,1,2,171460.4365482233,0.0,171460.44
2186,CMD-036,HRCDEC_PK,1,3,152460.4365482233,0.0,152460.44
2187,CMD-036,HRCDEC_PK,1,4,-104039.56345177669,0.0,-104039.56
2188,CMD-036,HRCDEC_PK,2,2,190460.4365482233,0.0,190460.44
2189,CMD-036,HRCDEC_PK,2,3,171460.4365482233,0.0,171460.44
2190,CMD-036,HRCDEC_PK,2,4,-85039.56345177669,0.0,-85039.563
2191,CMD-036,HRCDEC_PK,3,3,190460.4365482233,1.0,190460.44
2192,CMD-036,HRCDEC_PK,3,4,-66039.56345177669,0.0,-66039.563
2193,CMD-036,HRCDEC_PK,4,4,-47039.56345177669,0.0,-47039.563
2194,CMD-037,HDG_CRMA_LGB,1,1,340563.29081839806,0.0,340563.29
2195,CMD-037,HDG_CRMA_LGB,1,2,334843.29081839806,0.0,334843.29
2196,CMD-037,HDG_CRMA_LGB,1,3,329123.29081839806,0.0,329123.29
2197,CMD-037,HDG_CRMA_LGB,1,4,294803.29081839806,0.0,294803.29
2198,CMD-037,HDG_CRMA_LGB,1,2,340563.29081839806,0.0,336800.13
2199,CMD-037,HDG_CRMA_LGB,1,3,334843.29081839806,0.0,331080.13
2200,CMD-037,HDG_CRMA_LGB,1,4,300523.29081839806,0.0,296760.13
2201,CMD-037,HDG_CRMA_LGB,1,3,340563.29081839806,0.0,333036.98
2202,CMD-037,HDG_CRMA_LGB,1,4,306243.29081839806,0.0,298716.98
2203,CMD-037,HDG_CRMA_LGB,1,4,311963.29081839806,0.0,300673.82
2204,CMD-037,HDG_CRMA_LGB,1,2,340563.29081839806,0.0,340563.29
2205,CMD-037,HDG_CRMA_LGB,1,3,334843.29081839806,0.0,334843.29
2206,CMD-037,HDG_CRMA_LGB,1,4,300523.29081839806,0.0,300523.29
2207,CMD-037,HDG_CRMA_LGB,1,3,340563.29081839806,0.0,336800.13
2208,CMD-037,HDG_CRMA_LGB,1,4,306243.29081839806,0.0,302480.13
2209,CMD-037,HDG_CRMA_LGB,1,4,311963.29081839806,0.0,304436.98
2210,CMD-037,HDG_CRMA_LGB,1,3,340563.29081839806,0.0,340563.29
2211,CMD-037,HDG_CRMA_LGB,1,4,306243.29081839806,0.0,306243.29
2212,CMD-037,HDG_CRMA_LGB,1,4,311963.29081839806,0.0,308200.13
2213,CMD-037,HDG_CRMA_LGB,1,4,311963.29081839806,0.0,311963.29
2214,CMD-037,HDG_CRMA_LGB,2,2,340563.29081839806,0.0,340563.29
2215,CMD-037,HDG_CRMA_LGB,2,3,334843.29081839806,0.0,334843.29
2216,CMD-037,HDG_CRMA_LGB,2,4,300523.29081839806,0.0,300523.29
2217,CMD-037,HDG_CRMA_LGB,2,3,340563.29081839806,0.0,336800.13
2218,CMD-037,HDG_CRMA_LGB,2,4,306243.29081839806,0.0,302480.13
2219,CMD-037,HDG_CRMA_LGB,2,4,311963.29081839806,0.0,304436.98
2220,CMD-037,HDG_CRMA_LGB,2,3,340563.29081839806,0.0,340563.29
2221,CMD-037,HDG_CRMA_LGB,2,4,306243.29081839806,0.0,306243.29
2222,CMD-037,HDG_CRMA_LGB,2,4,311963.29081839806,0.0,308200.13
2223,CMD-037,HDG_CRMA_LGB,2,4,311963.29081839806,0.0,311963.29
2224,CMD-037,HDG_CRMA_LGB,3,3,340563.29081839806,0.0,340563.29
2225,CMD-037,HDG_CRMA_LGB,3,4,306243.29081839806,0.0,306243.29
2226,CMD-037,HDG_CRMA_LGB,3,4,311963.29081839806,0.0,308200.13
2227,CMD-037,HDG_CRMA_LGB,3,4,311963.29081839806,0.0,311963.29
2228,CMD-037,HDG_CRMA_LGB,4,4,311963.29081839806,0.0,311963.29
2229,CMD-037,HDG_CRMB_LGB,1,1,347655.6164273101,1.0,347655.62
2230,CMD-037,HDG_CRMB_LGB,1,2,341935.6164273101,0.0,341935.62
2231,CMD-037,HDG_CRMB_LGB,1,3,336215.6164273101,0.0,336215.62
2232,CMD-037,HDG_CRMB_LGB,1,4,301895.6164273101,0.0,301895.62
2233,CMD-037,HDG_CRMB_LGB,1,2,347655.6164273101,0.0,343892.46
2234,CMD-037,HDG_CRMB_LGB,1,3,341935.6164273101,0.0,338172.46
2235,CMD-037,HDG_CRMB_LGB,1,4,307615.6164273101,0.0,303852.46
2236,CMD-037,HDG_CRMB_LGB,1,3,347655.6164273101,0.0,340129.3
2237,CMD-037,HDG_CRMB_LGB,1,4,313335.6164273101,0.0,305809.3
2238,CMD-037,HDG_CRMB_LGB,1,4,319055.6164273101,0.0,307766.14
2239,CMD-037,HDG_CRMB_LGB,1,2,347655.6164273101,0.0,347655.62
2240,CMD-037,HDG_CRMB_LGB,1,3,341935.6164273101,0.0,341935.62
2241,CMD-037,HDG_CRMB_LGB,1,4,307615.6164273101,0.0,307615.62
2242,CMD-037,HDG_CRMB_LGB,1,3,347655.6164273101,0.0,343892.46
2243,CMD-037,HDG_CRMB_LGB,1,4,313335.6164273101,0.0,309572.46
2244,CMD-037,HDG_CRMB_LGB,1,4,319055.6164273101,0.0,311529.3
2245,CMD-037,HDG_CRMB_LGB,1,3,347655.6164273101,0.0,347655.62
2246,CMD-037,HDG_CRMB_LGB,1,4,313335.6164273101,0.0,313335.62
2247,CMD-037,HDG_CRMB_LGB,1,4,319055.6164273101,0.0,315292.46
2248,CMD-037,HDG_CRMB_LGB,1,4,319055.6164273101,0.0,319055.62
2249,CMD-037,HDG_CRMB_LGB,2,2,347655.6164273101,0.0,347655.62
2250,CMD-037,HDG_CRMB_LGB,2,3,341935.6164273101,0.0,341935.62
2251,CMD-037,HDG_CRMB_LGB,2,4,307615.6164273101,0.0,307615.62
2252,CMD-037,HDG_CRMB_LGB,2,3,347655.6164273101,0.0,343892.46
2253,CMD-037,HDG_CRMB_LGB,2,4,313335.6164273101,0.0,309572.46
2254,CMD-037,HDG_CRMB_LGB,2,4,319055.6164273101,0.0,311529.3
2255,CMD-037,HDG_CRMB_LGB,2,3,347655.6164273101,0.0,347655.62
2256,CMD-037,HDG_CRMB_LGB,2,4,313335.6164273101,0.0,313335.62
2257,CMD-037,HDG_CRMB_LGB,2,4,319055.6164273101,0.0,315292.46
2258,CMD-037,HDG_CRMB_LGB,2,4,319055.6164273101,0.0,319055.62
2259,CMD-037,HDG_CRMB_LGB,3,3,347655.6164273101,0.0,347655.62
2260,CMD-037,HDG_CRMB_LGB,3,4,313335.6164273101,0.0,313335.62
2261,CMD-037,HDG_CRMB_LGB,3,4,319055.6164273101,0.0,315292.46
2262,CMD-037,HDG_CRMB_LGB,3,4,319055.6164273101,0.0,319055.62
2263,CMD-037,HDG_CRMB_LGB,4,4,319055.6164273101,0.0,319055.62
2264,CMD-038,PPGI_CRMA_LGA,1,1,535671.3941653795,0.0,535671.39
2265,CMD-038,PPGI_CRMA_LGA,1,2,529911.3941653795,0.0,529911.39
2266,CMD-038,PPGI_CRMA_LGA,1,3,524151.39416537946,0.0,524151.39
2267,CMD-038,PPGI_CRMA_LGA,1,4,489591.39416537946,0.0,489591.39
2268,CMD-038,PPGI_CRMA_LGA,1,2,535671.3941653795,0.0,531861.87
2269,CMD-038,PPGI_CRMA_LGA,1,3,529911.3941653795,0.0,526101.87
2270,CMD-038,PPGI_CRMA_LGA,1,4,495351.39416537946,0.0,491541.87
2271,CMD-038,PPGI_CRMA_LGA,1,3,535671.3941653795,0.0,528052.35
2272,CMD-038,PPGI_CRMA_LGA,1,4,501111.39416537946,0.0,493492.35
2273,CMD-038,PPGI_CRMA_LGA,1,4,506871.39416537946,0.0,495442.82
2274,CMD-038,PPGI_CRMA_LGA,1,2,535671.3941653795,0.0,535671.39
2275,CMD-038,PPGI_CRMA_LGA,1,3,529911.3941653795,0.0,529911.39
2276,CMD-038,PPGI_CRMA_LGA,1,4,495351.39416537946,0.0,495351.39
2277,CMD-038,PPGI_CRMA_LGA,1,3,535671.3941653795,0.0,531861.87
2278,CMD-038,PPGI_CRMA_LGA,1,4,501111.39416537946,0.0,497301.87
2279,CMD-038,PPGI_CRMA_LGA,1,4,506871.39416537946,0.0,499252.35
2280,CMD-038,PPGI_CRMA_LGA,1,3,535671.3941653795,0.0,535671.39
2281,CMD-038,PPGI_CRMA_LGA,1,4,501111.39416537946,0.0,501111.39
2282,CMD-038,PPGI_CRMA_LGA,1,4,506871.39416537946,0.0,503061.87
2283,CMD-038,PPGI_CRMA_LGA,1,4,506871.39416537946,0.0,506871.39
2284,CMD-038,PPGI_CRMA_LGA,2,2,535671.3941653795,0.0,535671.39
2285,CMD-038,PPGI_CRMA_LGA,2,3,529911.3941653795,0.0,529911.39
2286,CMD-038,PPGI_CRMA_LGA,2,4,495351.39416537946,0.0,495351.39
2287,CMD-038,PPGI_CRMA_LGA,2,3,535671.3941653795,0.0,531861.87
2288,CMD-038,PPGI_CRMA_LGA,2,4,501111.39416537946,0.0,497301.87
2289,CMD-038,PPGI_CRMA_LGA,2,4,506871.39416537946,0.0,499252.35
2290,CMD-038,PPGI_CRMA_LGA,2,3,535671.3941653795,0.0,535671.39
2291,CMD-038,PPGI_CRMA_LGA,2,4,501111.39416537946,0.0,501111.39
2292,CMD-038,PPGI_CRMA_LGA,2,4,506871.39416537946,0.0,503061.87
2293,CMD-038,PPGI_CRMA_LGA,2,4,506871.39416537946,0.0,506871.39
2294,CMD-038,PPGI_CRMA_LGA,3,3,535671.3941653795,0.0,535671.39
2295,CMD-038,PPGI_CRMA_LGA,3,4,501111.39416537946,0.0,501111.39
2296,CMD-038,PPGI_CRMA_LGA,3,4,506871.39416537946,0.0,503061.87
2297,CMD-038,PPGI_CRMA_LGA,3,4,506871.39416537946,0.0,506871.39
2298,CMD-038,PPGI_CRMA_LGA,4,4,506871.39416537946,0.0,506871.39
2299,CMD-038,PPGI_CRMB_LGA,1,1,543479.8579657053,0.0,543479.86
2300,CMD-038,PPGI_CRMB_LGA,1,2,537719.8579657053,0.0,537719.86
2301,CMD-038,PPGI_CRMB_LGA,1,3,531959.8579657053,0.0,531959.86
2302,CMD-038,PPGI_CRMB_LGA,1,4,497399.85796570533,0.0,497399.86
2303,CMD-038,PPGI_CRMB_LGA,1,2,543479.8579657053,0.0,539670.33
2304,CMD-038,PPGI_CRMB_LGA,1,3,537719.8579657053,0.0,533910.33
2305,CMD-038,PPGI_CRMB_LGA,1,4,503159.85796570533,0.0,499350.33
2306,CMD-038,PPGI_CRMB_LGA,1,3,543479.8579657053,0.0,535860.81
2307,CMD-038,PPGI_CRMB_LGA,1,4,508919.85796570533,0.0,501300.81
2308,CMD-038,PPGI_CRMB_LGA,1,4,514679.85796570533,0.0,503251.29
2309,CMD-038,PPGI_CRMB_LGA,1,2,543479.8579657053,0.0,543479.86
2310,CMD-038,PPGI_CRMB_LGA,1,3,537719.8579657053,0.0,537719.86
2311,CMD-038,PPGI_CRMB_LGA,1,4,503159.85796570533,0.0,503159.86
2312,CMD-038,PPGI_CRMB_LGA,1,3,543479.8579657053,0.0,539670.33
2313,CMD-038,PPGI_CRMB_LGA,1,4,508919.85796570533,0.0,505110.33
2314,CMD-038,PPGI_CRMB_LGA,1,4,514679.85796570533,0.0,507060.81
2315,CMD-038,PPGI_CRMB_LGA,1,3,543479.8579657053,0.0,543479.86
2316,CMD-038,PPGI_CRMB_LGA,1,4,508919.85796570533,0.0,508919.86
2317,CMD-038,PPGI_CRMB_LGA,1,4,514679.85796570533,0.0,510870.33
2318,CMD-038,PPGI_CRMB_LGA,1,4,514679.85796570533,0.0,514679.86
2319,CMD-038,PPGI_CRMB_LGA,2,2,543479.8579657053,0.0,543479.86
2320,CMD-038,PPGI_CRMB_LGA,2,3,537719.8579657053,0.0,537719.86
2321,CMD-038,PPGI_CRMB_LGA,2,4,503159.85796570533,0.0,503159.86
2322,CMD-038,PPGI_CRMB_LGA,2,3,543479.8579657053,0.0,539670.33
2323,CMD-038,PPGI_CRMB_LGA,2,4,508919.85796570533,0.0,505110.33
2324,CMD-038,PPGI_CRMB_LGA,2,4,514679.85796570533,0.0,507060.81
2325,CMD-038,PPGI_CRMB_LGA,2,3,543479.8579657053,0.0,543479.86
2326,CMD-038,PPGI_CRMB_LGA,2,4,508919.85796570533,0.0,508919.86
2327,CMD-038,PPGI_CRMB_LGA,2,4,514679.85796570533,0.0,510870.33
2328,CMD-038,PPGI_CRMB_LGA,2,4,514679.85796570533,0.0,514679.86
2329,CMD-038,PPGI_CRMB_LGA,3,3,543479.8579657053,1.0,543479.86
2330,CMD-038,PPGI_CRMB_LGA,3,4,508919.85796570533,0.0,508919.86
2331,CMD-038,PPGI_CRMB_LGA,3,4,514679.85796570533,0.0,510870.33
2332,CMD-038,PPGI_CRMB_LGA,3,4,514679.85796570533,0.0,514679.86
2333,CMD-038,PPGI_CRMB_LGA,4,4,514679.85796570533,0.0,514679.86
2334,CMD-039,HDG_CRMA_LGB,1,1,186165.32810970116,0.0,186165.33
2335,CMD-039,HDG_CRMA_LGB,1,2,182485.32810970116,0.0,182485.33
2336,CMD-039,HDG_CRMA_LGB,1,3,178805.32810970116,0.0,178805.33
2337,CMD-039,HDG_CRMA_LGB,1,4,156725.32810970116,0.0,156725.33
2338,CMD-039,HDG_CRMA_LGB,1,2,186165.32810970116,0.0,183744.28
2339,CMD-039,HDG_CRMA_LGB,1,3,182485.32810970116,0.0,180064.28
2340,CMD-039,HDG_CRMA_LGB,1,4,160405.32810970116,0.0,157984.28
2341,CMD-039,HDG_CRMA_LGB,1,3,186165.32810970116,0.0,181323.22
2342,CMD-039,HDG_CRMA_LGB,1,4,164085.32810970116,0.0,159243.22
2343,CMD-039,HDG_CRMA_LGB,1,4,167765.32810970116,0.0,160502.17
2344,CMD-039,HDG_CRMA_LGB,1,2,186165.32810970116,0.0,186165.33
2345,CMD-039,HDG_CRMA_LGB,1,3,182485.32810970116,0.0,182485.33
2346,CMD-039,HDG_CRMA_LGB,1,4,160405.32810970116,0.0,160405.33
2347,CMD-039,HDG_CRMA_LGB,1,3,186165.32810970116,0.0,183744.28
2348,CMD-039,HDG_CRMA_LGB,1,4,164085.32810970116,0.0,161664.28
2349,CMD-039,HDG_CRMA_LGB,1,4,167765.32810970116,0.0,162923.22
2350,CMD-039,HDG_CRMA_LGB,1,3,186165.32810970116,0.0,186165.33
2351,CMD-039,HDG_CRMA_LGB,1,4,164085.32810970116,0.0,164085.33
2352,CMD-039,HDG_CRMA_LGB,1,4,167765.32810970116,0.0,165344.28
2353,CMD-039,HDG_CRMA_LGB,1,4,167765.32810970116,0.0,167765.33
2354,CMD-039,HDG_CRMA_LGB,2,2,186165.32810970116,0.0,186165.33
2355,CMD-039,HDG_CRMA_LGB,2,3,182485.32810970116,0.0,182485.33
2356,CMD-039,HDG_CRMA_LGB,2,4,160405.32810970116,0.0,160405.33
2357,CMD-039,HDG_CRMA_LGB,2,3,186165.32810970116,0.0,183744.28
2358,CMD-039,HDG_CRMA_LGB,2,4,164085.32810970116,0.0,161664.28
2359,CMD-039,HDG_CRMA_LGB,2,4,167765.32810970116,0.0,162923.22
2360,CMD-039,HDG_CRMA_LGB,2,3,186165.32810970116,0.0,186165.33
2361,CMD-039,HDG_CRMA_LGB,2,4,164085.32810970116,0.0,164085.33
2362,CMD-039,HDG_CRMA_LGB,2,4,167765.32810970116,0.0,165344.28
2363,CMD-039,HDG_CRMA_LGB,2,4,167765.32810970116,0.0,167765.33
2364,CMD-039,HDG_CRMA_LGB,3,3,186165.32810970116,0.0,186165.33
2365,CMD-039,HDG_CRMA_LGB,3,4,164085.32810970116,0.0,164085.33
2366,CMD-039,HDG_CRMA_LGB,3,4,167765.32810970116,0.0,165344.28
2367,CMD-039,HDG_CRMA_LGB,3,4,167765.32810970116,0.0,167765.33
2368,CMD-039,HDG_CRMA_LGB,4,4,167765.32810970116,0.0,167765.33
2369,CMD-039,HDG_CRMB_LGB,1,1,190614.5382795099,0.0,190614.54
2370,CMD-039,HDG_CRMB_LGB,1,2,186934.5382795099,0.0,186934.54
2371,CMD-039,HDG_CRMB_LGB,1,3,183254.5382795099,0.0,183254.54
2372,CMD-039,HDG_CRMB_LGB,1,4,161174.5382795099,0.0,161174.54
2373,CMD-039,HDG_CRMB_LGB,1,2,190614.5382795099,0.0,188193.49
2374,CMD-039,HDG_CRMB_LGB,1,3,186934.5382795099,0.0,184513.49
2375,CMD-039,HDG_CRMB_LGB,1,4,164854.5382795099,0.0,162433.49
2376,CMD-039,HDG_CRMB_LGB,1,3,190614.5382795099,0.0,185772.43
2377,CMD-039,HDG_CRMB_LGB,1,4,168534.5382795099,0.0,163692.43
2378,CMD-039,HDG_CRMB_LGB,1,4,172214.5382795099,0.0,164951.38
2379,CMD-039,HDG_CRMB_LGB,1,2,190614.5382795099,0.0,190614.54
2380,CMD-039,HDG_CRMB_LGB,1,3,186934.5382795099,0.0,186934.54
2381,CMD-039,HDG_CRMB_LGB,1,4,164854.5382795099,0.0,164854.54
2382,CMD-039,HDG_CRMB_LGB,1,3,190614.5382795099,0.0,188193.49
2383,CMD-039,HDG_CRMB_LGB,1,4,168534.5382795099,0.0,166113.49
2384,CMD-039,HDG_CRMB_LGB,1,4,172214.5382795099,0.0,167372.43
2385,CMD-039,HDG_CRMB_LGB,1,3,190614.5382795099,0.0,190614.54
2386,CMD-039,HDG_CRMB_LGB,1,4,168534.5382795099,0.0,168534.54
2387,CMD-039,HDG_CRMB_LGB,1,4,172214.5382795099,0.0,169793.49
2388,CMD-039,HDG_CRMB_LGB,1,4,172214.5382795099,0.0,172214.54
2389,CMD-039,HDG_CRMB_LGB,2,2,190614.5382795099,1.0,190614.54
2390,CMD-039,HDG_CRMB_LGB,2,3,186934.5382795099,0.0,186934.54
2391,CMD-039,HDG_CRMB_LGB,2,4,164854.5382795099,0.0,164854.54
2392,CMD-039,HDG_CRMB_LGB,2,3,190614.5382795099,0.0,188193.49
2393,CMD-039,HDG_CRMB_LGB,2,4,168534.5382795099,0.0,166113.49
2394,CMD-039,HDG_CRMB_LGB,2,4,172214.5382795099,0.0,167372.43
2395,CMD-039,HDG_CRMB_LGB,2,3,190614.5382795099,0.0,190614.54
2396,CMD-039,HDG_CRMB_LGB,2,4,168534.5382795099,0.0,168534.54
2397,CMD-039,HDG_CRMB_LGB,2,4,172214.5382795099,0.0,169793.49
2398,CMD-039,HDG_CRMB_LGB,2,4,172214.5382795099,0.0,172214.54
2399,CMD-039,HDG_CRMB_LGB,3,3,190614.5382795099,0.0,190614.54
2400,CMD-039,HDG_CRMB_LGB,3,4,168534.5382795099,0.0,168534.54
2401,CMD-039,HDG_CRMB_LGB,3,4,172214.5382795099,0.0,169793.49
2402,CMD-039,HDG_CRMB_LGB,3,4,172214.5382795099,0.0,172214.54
2403,CMD-039,HDG_CRMB_LGB,4,4,172214.5382795099,0.0,172214.54
2404,CMD-040,HDG_CRMA_LGA,1,1,428695.1655391776,0.0,428695.17
2405,CMD-040,HDG_CRMA_LGA,1,2,421815.1655391776,0.0,421815.17
2406,CMD-040,HDG_CRMA_LGA,1,3,414935.1655391776,0.0,414935.17
2407,CMD-040,HDG_CRMA_LGA,1,4,373655.1655391776,0.0,373655.17
2408,CMD-040,HDG_CRMA_LGA,1,2,428695.1655391776,0.0,424144.9
2409,CMD-040,HDG_CRMA_LGA,1,3,421815.1655391776,0.0,417264.9
2410,CMD-040,HDG_CRMA_LGA,1,4,380535.1655391776,0.0,375984.9
2411,CMD-040,HDG_CRMA_LGA,1,3,428695.1655391776,0.0,419594.64
2412,CMD-040,HDG_CRMA_LGA,1,4,387415.1655391776,0.0,378314.64
2413,CMD-040,HDG_CRMA_LGA,1,4,394295.1655391776,0.0,380644.37
2414,CMD-040,HDG_CRMA_LGA,1,2,428695.1655391776,0.0,428695.17
2415,CMD-040,HDG_CRMA_LGA,1,3,421815.1655391776,0.0,421815.17
2416,CMD-040,HDG_CRMA_LGA,1,4,380535.1655391776,0.0,380535.17
2417,CMD-040,HDG_CRMA_LGA,1,3,428695.1655391776,0.0,424144.9
2418,CMD-040,HDG_CRMA_LGA,1,4,387415.1655391776,0.0,382864.9
2419,CMD-040,HDG_CRMA_LGA,1,4,394295.1655391776,0.0,385194.64
2420,CMD-040,HDG_CRMA_LGA,1,3,428695.1655391776,0.0,428695.17
2421,CMD-040,HDG_CRMA_LGA,1,4,387415.1655391776,0.0,387415.17
2422,CMD-040,HDG_CRMA_LGA,1,4,394295.1655391776,0.0,389744.9
2423,CMD-040,HDG_CRMA_LGA,1,4,394295.1655391776,0.0,394295.17
2424,CMD-040,HDG_CRMA_LGA,2,2,428695.1655391776,0.0,428695.17
2425,CMD-040,HDG_CRMA_LGA,2,3,421815.1655391776,0.0,421815.17
2426,CMD-040,HDG_CRMA_LGA,2,4,380535.1655391776,0.0,380535.17
2427,CMD-040,HDG_CRMA_LGA,2,3,428695.1655391776,0.0,424144.9
2428,CMD-040,HDG_CRMA_LGA,2,4,387415.1655391776,0.0,382864.9
2429,CMD-040,HDG_CRMA_LGA,2,4,394295.1655391776,0.0,385194.64
2430,CMD-040,HDG_CRMA_LGA,2,3,428695.1655391776,0.0,428695.17
2431,CMD-040,HDG_CRMA_LGA,2,4,387415.1655391776,0.0,387415.17
2432,CMD-040,HDG_CRMA_LGA,2,4,394295.1655391776,0.0,389744.9
2433,CMD-040,HDG_CRMA_LGA,2,4,394295.1655391776,0.0,394295.17
2434,CMD-040,HDG_CRMA_LGA,3,3,428695.1655391776,0.0,428695.17
2435,CMD-040,HDG_CRMA_LGA,3,4,387415.1655391776,0.0,387415.17
2436,CMD-040,HDG_CRMA_LGA,3,4,394295.1655391776,0.0,389744.9
2437,CMD-040,HDG_CRMA_LGA,3,4,394295.1655391776,0.0,394295.17
2438,CMD-040,HDG_CRMA_LGA,4,4,394295.1655391776,0.0,394295.17
2439,CMD-040,HDG_CRMB_LGA,1,1,437357.11950506136,0.0,437357.12
2440,CMD-040,HDG_CRMB_LGA,1,2,430477.11950506136,0.0,430477.12
2441,CMD-040,HDG_CRMB_LGA,1,3,423597.11950506136,0.0,423597.12
2442,CMD-040,HDG_CRMB_LGA,1,4,382317.11950506136,0.0,382317.12
2443,CMD-040,HDG_CRMB_LGA,1,2,437357.11950506136,0.0,432806.85
2444,CMD-040,HDG_CRMB_LGA,1,3,430477.11950506136,0.0,425926.85
2445,CMD-040,HDG_CRMB_LGA,1,4,389197.11950506136,0.0,384646.85
2446,CMD-040,HDG_CRMB_LGA,1,3,437357.11950506136,0.0,428256.59
2447,CMD-040,HDG_CRMB_LGA,1,4,396077.11950506136,0.0,386976.59
2448,CMD-040,HDG_CRMB_LGA,1,4,402957.11950506136,0.0,389306.33
2449,CMD-040,HDG_CRMB_LGA,1,2,437357.11950506136,0.0,437357.12
2450,CMD-040,HDG_CRMB_LGA,1,3,430477.11950506136,0.0,430477.12
2451,CMD-040,HDG_CRMB_LGA,1,4,389197.11950506136,0.0,389197.12
2452,CMD-040,HDG_CRMB_LGA,1,3,437357.11950506136,0.0,432806.85
2453,CMD-040,HDG_CRMB_LGA,1,4,396077.11950506136,0.0,391526.85
2454,CMD-040,HDG_CRMB_LGA,1,4,402957.11950506136,0.0,393856.59
2455,CMD-040,HDG_CRMB_LGA,1,3,437357.11950506136,0.0,437357.12
2456,CMD-040,HDG_CRMB_LGA,1,4,396077.11950506136,0.0,396077.12
2457,CMD-040,HDG_CRMB_LGA,1,4,402957.11950506136,0.0,398406.85
2458,CMD-040,HDG_CRMB_LGA,1,4,402957.11950506136,0.0,402957.12
2459,CMD-040,HDG_CRMB_LGA,2,2,437357.11950506136,0.0,437357.12
2460,CMD-040,HDG_CRMB_LGA,2,3,430477.11950506136,0.0,430477.12
2461,CMD-040,HDG_CRMB_LGA,2,4,389197.11950506136,0.0,389197.12
2462,CMD-040,HDG_CRMB_LGA,2,3,437357.11950506136,0.0,432806.85
2463,CMD-040,HDG_CRMB_LGA,2,4,396077.11950506136,0.0,391526.85
2464,CMD-040,HDG_CRMB_LGA,2,4,402957.11950506136,0.0,393856.59
2465,CMD-040,HDG_CRMB_LGA,2,3,437357.11950506136,0.0,437357.12
2466,CMD-040,HDG_CRMB_LGA,2,4,396077.11950506136,0.0,396077.12
2467,CMD-040,HDG_CRMB_LGA,2,4,402957.11950506136,0.0,398406.85
2468,CMD-040,HDG_CRMB_LGA,2,4,402957.11950506136,0.0,402957.12
2469,CMD-040,HDG_CRMB_LGA,3,3,437357.11950506136,1.0,437357.12
2470,CMD-040,HDG_CRMB_LGA,3,4,396077.11950506136,0.0,396077.12
2471,CMD-040,HDG_CRMB_LGA,3,4,402957.11950506136,0.0,398406.85
2472,CMD-040,HDG_CRMB_LGA,3,4,402957.11950506136,0.0,402957.12
2473,CMD-040,HDG_CRMB_LGA,4,4,402957.11950506136,0.0,402957.12
2474,CMD-041,CRC_CRMB_BAF_SKP,1,1,370639.44992616004,1.0,370639.45
2475,CMD-041,CRC_CRMB_BAF_SKP,1,2,363159.44992616004,0.0,377184.45
2476,CMD-041,CRC_CRMB_BAF_SKP,1,3,355679.44992616004,0.0,365029.45
2477,CMD-041,CRC_CRMB_BAF_SKP,1,4,310799.44992616004,0.0,315474.45
2478,CMD-041,CRC_CRMB_BAF_SKP,1,2,370639.44992616004,0.0,365940.96
2479,CMD-041,CRC_CRMB_BAF_SKP,1,3,363159.44992616004,0.0,353785.96
2480,CMD-041,CRC_CRMB_BAF_SKP,1,4,318279.44992616004,0.0,304230.96
2481,CMD-041,CRC_CRMB_BAF_SKP,1,3,370639.44992616004,0.0,361242.47
2482,CMD-041,CRC_CRMB_BAF_SKP,1,4,325759.44992616004,0.0,311687.47
2483,CMD-041,CRC_CRMB_BAF_SKP,1,4,333239.44992616004,0.0,319143.97
2484,CMD-041,CRC_CRMB_BAF_SKP,1,2,370639.44992616004,0.0,365893.5
2485,CMD-041,CRC_CRMB_BAF_SKP,1,3,363159.44992616004,0.0,353738.5
2486,CMD-041,CRC_CRMB_BAF_SKP,1,4,318279.44992616004,0.0,304183.5
2487,CMD-041,CRC_CRMB_BAF_SKP,1,3,370639.44992616004,0.0,361195.01
2488,CMD-041,CRC_CRMB_BAF_SKP,1,4,325759.44992616004,0.0,311640.01
2489,CMD-041,CRC_CRMB_BAF_SKP,1,4,333239.44992616004,0.0,319096.51
2490,CMD-041,CRC_CRMB_BAF_SKP,1,3,370639.44992616004,0.0,361147.55
2491,CMD-041,CRC_CRMB_BAF_SKP,1,4,325759.44992616004,0.0,311592.55
2492,CMD-041,CRC_CRMB_BAF_SKP,1,4,333239.44992616004,0.0,319049.05
2493,CMD-041,CRC_CRMB_BAF_SKP,1,4,333239.44992616004,0.0,319001.59
2494,CMD-041,CRC_CRMB_BAF_SKP,1,2,370639.44992616004,0.0,370639.45
2495,CMD-041,CRC_CRMB_BAF_SKP,1,3,363159.44992616004,0.0,358484.45
2496,CMD-041,CRC_CRMB_BAF_SKP,1,4,318279.44992616004,0.0,308929.45
2497,CMD-041,CRC_CRMB_BAF_SKP,1,3,370639.44992616004,0.0,365940.96
2498,CMD-041,CRC_CRMB_BAF_SKP,1,4,325759.44992616004,0.0,316385.96
2499,CMD-041,CRC_CRMB_BAF_SKP,1,4,333239.44992616004,0.0,323842.47
2500,CMD-041,CRC_CRMB_BAF_SKP,1,3,370639.44992616004,0.0,365893.5
2501,CMD-041,CRC_CRMB_BAF_SKP,1,4,325759.44992616004,0.0,316338.5
2502,CMD-041,CRC_CRMB_BAF_SKP,1,4,333239.44992616004,0.0,323795.01
2503,CMD-041,CRC_CRMB_BAF_SKP,1,4,333239.44992616004,0.0,323747.55
2504,CMD-041,CRC_CRMB_BAF_SKP,1,3,370639.44992616004,0.0,370639.45
2505,CMD-041,CRC_CRMB_BAF_SKP,1,4,325759.44992616004,0.0,321084.45
2506,CMD-041,CRC_CRMB_BAF_SKP,1,4,333239.44992616004,0.0,328540.96
2507,CMD-041,CRC_CRMB_BAF_SKP,1,4,333239.44992616004,0.0,328493.5
2508,CMD-041,CRC_CRMB_BAF_SKP,1,4,333239.44992616004,0.0,333239.45
2509,CMD-041,CRC_CRMB_BAF_SKP,2,2,370639.44992616004,0.0,370639.45
2510,CMD-041,CRC_CRMB_BAF_SKP,2,3,363159.44992616004,0.0,358484.45
2511,CMD-041,CRC_CRMB_BAF_SKP,2,4,318279.44992616004,0.0,308929.45
2512,CMD-041,CRC_CRMB_BAF_SKP,2,3,370639.44992616004,0.0,365940.96
2513,CMD-041,CRC_CRMB_BAF_SKP,2,4,325759.44992616004,0.0,316385.96
2514,CMD-041,CRC_CRMB_BAF_SKP,2,4,333239.44992616004,0.0,323842.47
2515,CMD-041,CRC_CRMB_BAF_SKP,2,3,370639.44992616004,0.0,365893.5
2516,CMD-041,CRC_CRMB_BAF_SKP,2,4,325759.44992616004,0.0,316338.5
2517,CMD-041,CRC_CRMB_BAF_SKP,2,4,333239.44992616004,0.0,323795.01
2518,CMD-041,CRC_CRMB_BAF_SKP,2,4,333239.44992616004,0.0,323747.55
2519,CMD-041,CRC_CRMB_BAF_SKP,2,3,370639.44992616004,0.0,370639.45
2520,CMD-041,CRC_CRMB_BAF_SKP,2,4,325759.44992616004,0.0,321084.45
2521,CMD-041,CRC_CRMB_BAF_SKP,2,4,333239.44992616004,0.0,328540.96
2522,CMD-041,CRC_CRMB_BAF_SKP,2,4,333239.44992616004,0.0,328493.5
2523,CMD-041,CRC_CRMB_BAF_SKP,2,4,333239.44992616004,0.0,333239.45
2524,CMD-041,CRC_CRMB_BAF_SKP,3,3,370639.44992616004,0.0,370639.45
2525,CMD-041,CRC_CRMB_BAF_SKP,3,4,325759.44992616004,0.0,321084.45
2526,CMD-041,CRC_CRMB_BAF_SKP,3,4,333239.44992616004,0.0,328540.96
2527,CMD-041,CRC_CRMB_BAF_SKP,3,4,333239.44992616004,0.0,328493.5
2528,CMD-041,CRC_CRMB_BAF_SKP,3,4,333239.44992616004,0.0,333239.45
2529,CMD-041,CRC_CRMB_BAF_SKP,4,4,333239.44992616004,0.0,333239.45
2530,CMD-042,PPGI_CRMA_LGA,1,1,926271.7044595653,0.0,926271.7
2531,CMD-042,PPGI_CRMA_LGA,1,2,917391.7044595653,0.0,917391.7
2532,CMD-042,PPGI_CRMA_LGA,1,3,908511.7044595653,0.0,908511.7
2533,CMD-042,PPGI_CRMA_LGA,1,4,855231.7044595653,0.0,855231.7
2534,CMD-042,PPGI_CRMA_LGA,1,2,926271.7044595653,0.0,920398.69
2535,CMD-042,PPGI_CRMA_LGA,1,3,917391.7044595653,0.0,911518.69
2536,CMD-042,PPGI_CRMA_LGA,1,4,864111.7044595653,0.0,858238.69
2537,CMD-042,PPGI_CRMA_LGA,1,3,926271.7044595653,0.0,914525.67
2538,CMD-042,PPGI_CRMA_LGA,1,4,872991.7044595653,0.0,861245.67
2539,CMD-042,PPGI_CRMA_LGA,1,4,881871.7044595653,0.0,864252.66
2540,CMD-042,PPGI_CRMA_LGA,1,2,926271.7044595653,0.0,926271.7
2541,CMD-042,PPGI_CRMA_LGA,1,3,917391.7044595653,0.0,917391.7
2542,CMD-042,PPGI_CRMA_LGA,1,4,864111.7044595653,0.0,864111.7
2543,CMD-042,PPGI_CRMA_LGA,1,3,926271.7044595653,0.0,920398.69
2544,CMD-042,PPGI_CRMA_LGA,1,4,872991.7044595653,0.0,867118.69
2545,CMD-042,PPGI_CRMA_LGA,1,4,881871.7044595653,0.0,870125.67
2546,CMD-042,PPGI_CRMA_LGA,1,3,926271.7044595653,0.0,926271.7
2547,CMD-042,PPGI_CRMA_LGA,1,4,872991.7044595653,0.0,872991.7
2548,CMD-042,PPGI_CRMA_LGA,1,4,881871.7044595653,0.0,875998.69
2549,CMD-042,PPGI_CRMA_LGA,1,4,881871.7044595653,0.0,881871.7
2550,CMD-042,PPGI_CRMA_LGA,2,2,926271.7044595653,0.0,926271.7
2551,CMD-042,PPGI_CRMA_LGA,2,3,917391.7044595653,0.0,917391.7
2552,CMD-042,PPGI_CRMA_LGA,2,4,864111.7044595653,0.0,864111.7
2553,CMD-042,PPGI_CRMA_LGA,2,3,926271.7044595653,0.0,920398.69
2554,CMD-042,PPGI_CRMA_LGA,2,4,872991.7044595653,0.0,867118.69
2555,CMD-042,PPGI_CRMA_LGA,2,4,881871.7044595653,0.0,870125.67
2556,CMD-042,PPGI_CRMA_LGA,2,3,926271.7044595653,0.0,926271.7
2557,CMD-042,PPGI_CRMA_LGA,2,4,872991.7044595653,0.0,872991.7
2558,CMD-042,PPGI_CRMA_LGA,2,4,881871.7044595653,0.0,875998.69
2559,CMD-042,PPGI_CRMA_LGA,2,4,881871.7044595653,0.0,881871.7
2560,CMD-042,PPGI_CRMA_LGA,3,3,926271.7044595653,0.0,926271.7
2561,CMD-042,PPGI_CRMA_LGA,3,4,872991.7044595653,0.0,872991.7
2562,CMD-042,PPGI_CRMA_LGA,3,4,881871.7044595653,0.0,875998.69
2563,CMD-042,PPGI_CRMA_LGA,3,4,881871.7044595653,0.0,881871.7
2564,CMD-042,PPGI_CRMA_LGA,4,4,881871.7044595653,0.0,881871.7
2565,CMD-042,PPGI_CRMB_LGA,1,1,937102.0490692075,0.0,937102.05
2566,CMD-042,PPGI_CRMB_LGA,1,2,928222.0490692075,0.0,928222.05
2567,CMD-042,PPGI_CRMB_LGA,1,3,919342.0490692075,0.0,919342.05
2568,CMD-042,PPGI_CRMB_LGA,1,4,866062.0490692075,0.0,866062.05
2569,CMD-042,PPGI_CRMB_LGA,1,2,937102.0490692075,0.0,931229.03
2570,CMD-042,PPGI_CRMB_LGA,1,3,928222.0490692075,0.0,922349.03
2571,CMD-042,PPGI_CRMB_LGA,1,4,874942.0490692075,0.0,869069.03
2572,CMD-042,PPGI_CRMB_LGA,1,3,937102.0490692075,0.0,925356.02
2573,CMD-042,PPGI_CRMB_LGA,1,4,883822.0490692075,0.0,872076.02
2574,CMD-042,PPGI_CRMB_LGA,1,4,892702.0490692075,0.0,875083.0
2575,CMD-042,PPGI_CRMB_LGA,1,2,937102.0490692075,0.0,937102.05
2576,CMD-042,PPGI_CRMB_LGA,1,3,928222.0490692075,0.0,928222.05
2577,CMD-042,PPGI_CRMB_LGA,1,4,874942.0490692075,0.0,874942.05
2578,CMD-042,PPGI_CRMB_LGA,1,3,937102.0490692075,0.0,931229.03
2579,CMD-042,PPGI_CRMB_LGA,1,4,883822.0490692075,0.0,877949.03
2580,CMD-042,PPGI_CRMB_LGA,1,4,892702.0490692075,0.0,880956.02
2581,CMD-042,PPGI_CRMB_LGA,1,3,937102.0490692075,0.0,937102.05
2582,CMD-042,PPGI_CRMB_LGA,1,4,883822.0490692075,0.0,883822.05
2583,CMD-042,PPGI_CRMB_LGA,1,4,892702.0490692075,0.0,886829.03
2584,CMD-042,PPGI_CRMB_LGA,1,4,892702.0490692075,0.0,892702.05
2585,CMD-042,PPGI_CRMB_LGA,2,2,937102.0490692075,1.0,937102.05
2586,CMD-042,PPGI_CRMB_LGA,2,3,928222.0490692075,0.0,928222.05
2587,CMD-042,PPGI_CRMB_LGA,2,4,874942.0490692075,0.0,874942.05
2588,CMD-042,PPGI_CRMB_LGA,2,3,937102.0490692075,0.0,931229.03
2589,CMD-042,PPGI_CRMB_LGA,2,4,883822.0490692075,0.0,877949.03
2590,CMD-042,PPGI_CRMB_LGA,2,4,892702.0490692075,0.0,880956.02
2591,CMD-042,PPGI_CRMB_LGA,2,3,937102.0490692075,0.0,937102.05
2592,CMD-042,PPGI_CRMB_LGA,2,4,883822.0490692075,0.0,883822.05
2593,CMD-042,PPGI_CRMB_LGA,2,4,892702.0490692075,0.0,886829.03
2594,CMD-042,PPGI_CRMB_LGA,2,4,892702.0490692075,0.0,892702.05
2595,CMD-042,PPGI_CRMB_LGA,3,3,937102.0490692075,0.0,937102.05
2596,CMD-042,PPGI_CRMB_LGA,3,4,883822.0490692075,0.0,883822.05
2597,CMD-042,PPGI_CRMB_LGA,3,4,892702.0490692075,0.0,886829.03
2598,CMD-042,PPGI_CRMB_LGA,3,4,892702.0490692075,0.0,892702.05
2599,CMD-042,PPGI_CRMB_LGA,4,4,892702.0490692075,0.0,892702.05
2600,CMD-043,CRC_CRMB_BAF_SKP,1,1,226666.9891654115,1.0,226666.99
2601,CMD-043,CRC_CRMB_BAF_SKP,1,2,222066.9891654115,0.0,230691.99
2602,CMD-043,CRC_CRMB_BAF_SKP,1,3,217466.9891654115,0.0,223216.99
2603,CMD-043,CRC_CRMB_BAF_SKP,1,4,189866.9891654115,0.0,192741.99
2604,CMD-043,CRC_CRMB_BAF_SKP,1,2,226666.9891654115,0.0,223777.54
2605,CMD-043,CRC_CRMB_BAF_SKP,1,3,222066.9891654115,0.0,216302.54
2606,CMD-043,CRC_CRMB_BAF_SKP,1,4,194466.9891654115,0.0,185827.54
2607,CMD-043,CRC_CRMB_BAF_SKP,1,3,226666.9891654115,0.0,220888.09
2608,CMD-043,CRC_CRMB_BAF_SKP,1,4,199066.9891654115,0.0,190413.09
2609,CMD-043,CRC_CRMB_BAF_SKP,1,4,203666.9891654115,0.0,194998.65
2610,CMD-043,CRC_CRMB_BAF_SKP,1,2,226666.9891654115,0.0,223748.36
2611,CMD-043,CRC_CRMB_BAF_SKP,1,3,222066.9891654115,0.0,216273.36
2612,CMD-043,CRC_CRMB_BAF_SKP,1,4,194466.9891654115,0.0,185798.36
2613,CMD-043,CRC_CRMB_BAF_SKP,1,3,226666.9891654115,0.0,220858.91
2614,CMD-043,CRC_CRMB_BAF_SKP,1,4,199066.9891654115,0.0,190383.91
2615,CMD-043,CRC_CRMB_BAF_SKP,1,4,203666.9891654115,0.0,194969.46
2616,CMD-043,CRC_CRMB_BAF_SKP,1,3,226666.9891654115,0.0,220829.72
2617,CMD-043,CRC_CRMB_BAF_SKP,1,4,199066.9891654115,0.0,190354.72
2618,CMD-043,CRC_CRMB_BAF_SKP,1,4,203666.9891654115,0.0,194940.27
2619,CMD-043,CRC_CRMB_BAF_SKP,1,4,203666.9891654115,0.0,194911.09
2620,CMD-043,CRC_CRMB_BAF_SKP,1,2,226666.9891654115,0.0,226666.99
2621,CMD-043,CRC_CRMB_BAF_SKP,1,3,222066.9891654115,0.0,219191.99
2622,CMD-043,CRC_CRMB_BAF_SKP,1,4,194466.9891654115,0.0,188716.99
2623,CMD-043,CRC_CRMB_BAF_SKP,1,3,226666.9891654115,0.0,223777.54
2624,CMD-043,CRC_CRMB_BAF_SKP,1,4,199066.9891654115,0.0,193302.54
2625,CMD-043,CRC_CRMB_BAF_SKP,1,4,203666.9891654115,0.0,197888.09
2626,CMD-043,CRC_CRMB_BAF_SKP,1,3,226666.9891654115,0.0,223748.36
2627,CMD-043,CRC_CRMB_BAF_SKP,1,4,199066.9891654115,0.0,193273.36
2628,CMD-043,CRC_CRMB_BAF_SKP,1,4,203666.9891654115,0.0,197858.91
2629,CMD-043,CRC_CRMB_BAF_SKP,1,4,203666.9891654115,0.0,197829.72
2630,CMD-043,CRC_CRMB_BAF_SKP,1,3,226666.9891654115,0.0,226666.99
2631,CMD-043,CRC_CRMB_BAF_SKP,1,4,199066.9891654115,0.0,196191.99
2632,CMD-043,CRC_CRMB_BAF_SKP,1,4,203666.9891654115,0.0,200777.54
2633,CMD-043,CRC_CRMB_BAF_SKP,1,4,203666.9891654115,0.0,200748.36
2634,CMD-043,CRC_CRMB_BAF_SKP,1,4,203666.9891654115,0.0,203666.99
2635,CMD-043,CRC_CRMB_BAF_SKP,2,2,226666.9891654115,0.0,226666.99
2636,CMD-043,CRC_CRMB_BAF_SKP,2,3,222066.9891654115,0.0,219191.99
2637,CMD-043,CRC_CRMB_BAF_SKP,2,4,194466.9891654115,0.0,188716.99
2638,CMD-043,CRC_CRMB_BAF_SKP,2,3,226666.9891654115,0.0,223777.54
2639,CMD-043,CRC_CRMB_BAF_SKP,2,4,199066.9891654115,0.0,193302.54
2640,CMD-043,CRC_CRMB_BAF_SKP,2,4,203666.9891654115,0.0,197888.09
2641,CMD-043,CRC_CRMB_BAF_SKP,2,3,226666.9891654115,0.0,223748.36
2642,CMD-043,CRC_CRMB_BAF_SKP,2,4,199066.9891654115,0.0,193273.36
2643,CMD-043,CRC_CRMB_BAF_SKP,2,4,203666.9891654115,0.0,197858.91
2644,CMD-043,CRC_CRMB_BAF_SKP,2,4,203666.9891654115,0.0,197829.72
2645,CMD-043,CRC_CRMB_BAF_SKP,2,3,226666.9891654115,0.0,226666.99
2646,CMD-043,CRC_CRMB_BAF_SKP,2,4,199066.9891654115,0.0,196191.99
2647,CMD-043,CRC_CRMB_BAF_SKP,2,4,203666.9891654115,0.0,200777.54
2648,CMD-043,CRC_CRMB_BAF_SKP,2,4,203666.9891654115,0.0,200748.36
2649,CMD-043,CRC_CRMB_BAF_SKP,2,4,203666.9891654115,0.0,203666.99
2650,CMD-043,CRC_CRMB_BAF_SKP,3,3,226666.9891654115,0.0,226666.99
2651,CMD-043,CRC_CRMB_BAF_SKP,3,4,199066.9891654115,0.0,196191.99
2652,CMD-043,CRC_CRMB_BAF_SKP,3,4,203666.9891654115,0.0,200777.54
2653,CMD-043,CRC_CRMB_BAF_SKP,3,4,203666.9891654115,0.0,200748.36
2654,CMD-043,CRC_CRMB_BAF_SKP,3,4,203666.9891654115,0.0,203666.99
2655,CMD-043,CRC_CRMB_BAF_SKP,4,4,203666.9891654115,0.0,203666.99
2656,CMD-044,HDG_CRMA_LGB,1,1,634596.9013171945,0.0,634596.9
2657,CMD-044,HDG_CRMA_LGB,1,2,623916.9013171945,0.0,623916.9
2658,CMD-044,HDG_CRMA_LGB,1,3,613236.9013171945,0.0,613236.9
2659,CMD-044,HDG_CRMA_LGB,1,4,549156.9013171945,0.0,549156.9
2660,CMD-044,HDG_CRMA_LGB,1,2,634596.9013171945,0.0,627570.59
2661,CMD-044,HDG_CRMA_LGB,1,3,623916.9013171945,0.0,616890.59
2662,CMD-044,HDG_CRMA_LGB,1,4,559836.9013171945,0.0,552810.59
2663,CMD-044,HDG_CRMA_LGB,1,3,634596.9013171945,0.0,620544.27
2664,CMD-044,HDG_CRMA_LGB,1,4,570516.9013171945,0.0,556464.27
2665,CMD-044,HDG_CRMA_LGB,1,4,581196.9013171945,0.0,560117.95
2666,CMD-044,HDG_CRMA_LGB,1,2,634596.9013171945,0.0,634596.9
2667,CMD-044,HDG_CRMA_LGB,1,3,623916.9013171945,0.0,623916.9
2668,CMD-044,HDG_CRMA_LGB,1,4,559836.9013171945,0.0,559836.9
2669,CMD-044,HDG_CRMA_LGB,1,3,634596.9013171945,0.0,627570.59
2670,CMD-044,HDG_CRMA_LGB,1,4,570516.9013171945,0.0,563490.59
2671,CMD-044,HDG_CRMA_LGB,1,4,581196.9013171945,0.0,567144.27
2672,CMD-044,HDG_CRMA_LGB,1,3,634596.9013171945,0.0,634596.9
2673,CMD-044,HDG_CRMA_LGB,1,4,570516.9013171945,0.0,570516.9
2674,CMD-044,HDG_CRMA_LGB,1,4,581196.9013171945,0.0,574170.59
2675,CMD-044,HDG_CRMA_LGB,1,4,581196.9013171945,0.0,581196.9
2676,CMD-044,HDG_CRMA_LGB,2,2,634596.9013171945,0.0,634596.9
2677,CMD-044,HDG_CRMA_LGB,2,3,623916.9013171945,0.0,623916.9
2678,CMD-044,HDG_CRMA_LGB,2,4,559836.9013171945,0.0,559836.9
2679,CMD-044,HDG_CRMA_LGB,2,3,634596.9013171945,0.0,627570.59
2680,CMD-044,HDG_CRMA_LGB,2,4,570516.9013171945,0.0,563490.59
2681,CMD-044,HDG_CRMA_LGB,2,4,581196.9013171945,0.0,567144.27
2682,CMD-044,HDG_CRMA_LGB,2,3,634596.9013171945,0.0,634596.9
2683,CMD-044,HDG_CRMA_LGB,2,4,570516.9013171945,0.0,570516.9
2684,CMD-044,HDG_CRMA_LGB,2,4,581196.9013171945,0.0,574170.59
2685,CMD-044,HDG_CRMA_LGB,2,4,581196.9013171945,0.0,581196.9
2686,CMD-044,HDG_CRMA_LGB,3,3,634596.9013171945,0.0,634596.9
2687,CMD-044,HDG_CRMA_LGB,3,4,570516.9013171945,0.0,570516.9
2688,CMD-044,HDG_CRMA_LGB,3,4,581196.9013171945,0.0,574170.59
2689,CMD-044,HDG_CRMA_LGB,3,4,581196.9013171945,0.0,581196.9
2690,CMD-044,HDG_CRMA_LGB,4,4,581196.9013171945,0.0,581196.9
2691,CMD-044,HDG_CRMB_LGB,1,1,647899.8278269537,0.0,647899.83
2692,CMD-044,HDG_CRMB_LGB,1,2,637219.8278269537,0.0,637219.83
2693,CMD-044,HDG_CRMB_LGB,1,3,626539.8278269537,0.0,626539.83
2694,CMD-044,HDG_CRMB_LGB,1,4,562459.8278269537,0.0,562459.83
2695,CMD-044,HDG_CRMB_LGB,1,2,647899.8278269537,0.0,640873.51
2696,CMD-044,HDG_CRMB_LGB,1,3,637219.8278269537,0.0,630193.51
2697,CMD-044,HDG_CRMB_LGB,1,4,573139.8278269537,0.0,566113.51
2698,CMD-044,HDG_CRMB_LGB,1,3,647899.8278269537,0.0,633847.2
2699,CMD-044,HDG_CRMB_LGB,1,4,583819.8278269537,0.0,569767.2
2700,CMD-044,HDG_CRMB_LGB,1,4,594499.8278269537,0.0,573420.88
2701,CMD-044,HDG_CRMB_LGB,1,2,647899.8278269537,0.0,647899.83
2702,CMD-044,HDG_CRMB_LGB,1,3,637219.8278269537,0.0,637219.83
2703,CMD-044,HDG_CRMB_LGB,1,4,573139.8278269537,0.0,573139.83
2704,CMD-044,HDG_CRMB_LGB,1,3,647899.8278269537,0.0,640873.51
2705,CMD-044,HDG_CRMB_LGB,1,4,583819.8278269537,0.0,576793.51
2706,CMD-044,HDG_CRMB_LGB,1,4,594499.8278269537,0.0,580447.2
2707,CMD-044,HDG_CRMB_LGB,1,3,647899.8278269537,0.0,647899.83
2708,CMD-044,HDG_CRMB_LGB,1,4,583819.8278269537,0.0,583819.83
2709,CMD-044,HDG_CRMB_LGB,1,4,594499.8278269537,0.0,587473.51
2710,CMD-044,HDG_CRMB_LGB,1,4,594499.8278269537,0.0,594499.83
2711,CMD-044,HDG_CRMB_LGB,2,2,647899.8278269537,1.0,647899.83
2712,CMD-044,HDG_CRMB_LGB,2,3,637219.8278269537,0.0,637219.83
2713,CMD-044,HDG_CRMB_LGB,2,4,573139.8278269537,0.0,573139.83
2714,CMD-044,HDG_CRMB_LGB,2,3,647899.8278269537,0.0,640873.51
2715,CMD-044,HDG_CRMB_LGB,2,4,583819.8278269537,0.0,576793.51
2716,CMD-044,HDG_CRMB_LGB,2,4,594499.8278269537,0.0,580447.2
2717,CMD-044,HDG_CRMB_LGB,2,3,647899.8278269537,0.0,647899.83
2718,CMD-044,HDG_CRMB_LGB,2,4,583819.8278269537,0.0,583819.83
2719,CMD-044,HDG_CRMB_LGB,2,4,594499.8278269537,0.0,587473.51
2720,CMD-044,HDG_CRMB_LGB,2,4,594499.8278269537,0.0,594499.83
2721,CMD-044,HDG_CRMB_LGB,3,3,647899.8278269537,0.0,647899.83
2722,CMD-044,HDG_CRMB_LGB,3,4,583819.8278269537,0.0,583819.83
2723,CMD-044,HDG_CRMB_LGB,3,4,594499.8278269537,0.0,587473.51
2724,CMD-044,HDG_CRMB_LGB,3,4,594499.8278269537,0.0,594499.83
2725,CMD-044,HDG_CRMB_LGB,4,4,594499.8278269537,0.0,594499.83
2726,CMD-045,CRC_CRMB_BAF_SKP,1,1,129445.82383582563,0.0,129445.82
2727,CMD-045,CRC_CRMB_BAF_SKP,1,2,126365.82383582563,0.0,132140.82
2728,CMD-045,CRC_CRMB_BAF_SKP,1,3,123285.82383582563,0.0,127135.82
2729,CMD-045,CRC_CRMB_BAF_SKP,1,4,120205.82383582563,0.0,122130.82
2730,CMD-045,CRC_CRMB_BAF_SKP,1,2,129445.82383582563,0.0,127511.15
2731,CMD-045,CRC_CRMB_BAF_SKP,1,3,126365.82383582563,0.0,122506.15
2732,CMD-045,CRC_CRMB_BAF_SKP,1,4,123285.82383582563,0.0,117501.15
2733,CMD-045,CRC_CRMB_BAF_SKP,1,3,129445.82383582563,0.0,125576.48
2734,CMD-045,CRC_CRMB_BAF_SKP,1,4,126365.82383582563,0.0,120571.48
2735,CMD-045,CRC_CRMB_BAF_SKP,1,4,129445.82383582563,0.0,123641.8
2736,CMD-045,CRC_CRMB_BAF_SKP,1,2,129445.82383582563,0.0,127491.61
2737,CMD-045,CRC_CRMB_BAF_SKP,1,3,126365.82383582563,0.0,122486.61
2738,CMD-045,CRC_CRMB_BAF_SKP,1,4,123285.82383582563,0.0,117481.61
2739,CMD-045,CRC_CRMB_BAF_SKP,1,3,129445.82383582563,0.0,125556.93
2740,CMD-045,CRC_CRMB_BAF_SKP,1,4,126365.82383582563,0.0,120551.93
2741,CMD-045,CRC_CRMB_BAF_SKP,1,4,129445.82383582563,0.0,123622.26
2742,CMD-045,CRC_CRMB_BAF_SKP,1,3,129445.82383582563,0.0,125537.39
2743,CMD-045,CRC_CRMB_BAF_SKP,1,4,126365.82383582563,0.0,120532.39
2744,CMD-045,CRC_CRMB_BAF_SKP,1,4,129445.82383582563,0.0,123602.72
2745,CMD-045,CRC_CRMB_BAF_SKP,1,4,129445.82383582563,0.0,123583.18
2746,CMD-045,CRC_CRMB_BAF_SKP,1,2,129445.82383582563,0.0,129445.82
2747,CMD-045,CRC_CRMB_BAF_SKP,1,3,126365.82383582563,0.0,124440.82
2748,CMD-045,CRC_CRMB_BAF_SKP,1,4,123285.82383582563,0.0,119435.82
2749,CMD-045,CRC_CRMB_BAF_SKP,1,3,129445.82383582563,0.0,127511.15
2750,CMD-045,CRC_CRMB_BAF_SKP,1,4,126365.82383582563,0.0,122506.15
2751,CMD-045,CRC_CRMB_BAF_SKP,1,4,129445.82383582563,0.0,125576.48
2752,CMD-045,CRC_CRMB_BAF_SKP,1,3,129445.82383582563,0.0,127491.61
2753,CMD-045,CRC_CRMB_BAF_SKP,1,4,126365.82383582563,0.0,122486.61
2754,CMD-045,CRC_CRMB_BAF_SKP,1,4,129445.82383582563,0.0,125556.93
2755,CMD-045,CRC_CRMB_BAF_SKP,1,4,129445.82383582563,0.0,125537.39
2756,CMD-045,CRC_CRMB_BAF_SKP,1,3,129445.82383582563,0.0,129445.82
2757,CMD-045,CRC_CRMB_BAF_SKP,1,4,126365.82383582563,0.0,124440.82
2758,CMD-045,CRC_CRMB_BAF_SKP,1,4,129445.82383582563,0.0,127511.15
2759,CMD-045,CRC_CRMB_BAF_SKP,1,4,129445.82383582563,0.0,127491.61
2760,CMD-045,CRC_CRMB_BAF_SKP,1,4,129445.82383582563,0.0,129445.82
2761,CMD-045,CRC_CRMB_BAF_SKP,2,2,129445.82383582563,0.0,129445.82
2762,CMD-045,CRC_CRMB_BAF_SKP,2,3,126365.82383582563,0.0,124440.82
2763,CMD-045,CRC_CRMB_BAF_SKP,2,4,123285.82383582563,0.0,119435.82
2764,CMD-045,CRC_CRMB_BAF_SKP,2,3,129445.82383582563,0.0,127511.15
2765,CMD-045,CRC_CRMB_BAF_SKP,2,4,126365.82383582563,0.0,122506.15
2766,CMD-045,CRC_CRMB_BAF_SKP,2,4,129445.82383582563,0.0,125576.48
2767,CMD-045,CRC_CRMB_BAF_SKP,2,3,129445.82383582563,0.0,127491.61
2768,CMD-045,CRC_CRMB_BAF_SKP,2,4,126365.82383582563,0.0,122486.61
2769,CMD-045,CRC_CRMB_BAF_SKP,2,4,129445.82383582563,0.0,125556.93
2770,CMD-045,CRC_CRMB_BAF_SKP,2,4,129445.82383582563,0.0,125537.39
2771,CMD-045,CRC_CRMB_BAF_SKP,2,3,129445.82383582563,0.0,129445.82
2772,CMD-045,CRC_CRMB_BAF_SKP,2,4,126365.82383582563,0.0,124440.82
2773,CMD-045,CRC_CRMB_BAF_SKP,2,4,129445.82383582563,0.0,127511.15
2774,CMD-045,CRC_CRMB_BAF_SKP,2,4,129445.82383582563,0.0,127491.61
2775,CMD-045,CRC_CRMB_BAF_SKP,2,4,129445.82383582563,0.0,129445.82
2776,CMD-045,CRC_CRMB_BAF_SKP,3,3,129445.82383582563,0.0,129445.82
2777,CMD-045,CRC_CRMB_BAF_SKP,3,4,126365.82383582563,0.0,124440.82
2778,CMD-045,CRC_CRMB_BAF_SKP,3,4,129445.82383582563,0.0,127511.15
2779,CMD-045,CRC_CRMB_BAF_SKP,3,4,129445.82383582563,0.0,127491.61
2780,CMD-045,CRC_CRMB_BAF_SKP,3,4,129445.82383582563,0.0,129445.82
2781,CMD-045,CRC_CRMB_BAF_SKP,4,4,129445.82383582563,1.0,129445.82
2782,CMD-046,BACR_A_CRMB_BAF_LGB,1,1,425085.287745452,0.0,425085.29
2783,CMD-046,BACR_A_CRMB_BAF_LGB,1,2,416965.287745452,0.0,416965.29
2784,CMD-046,BACR_A_CRMB_BAF_LGB,1,3,408845.287745452,0.0,408845.29
2785,CMD-046,BACR_A_CRMB_BAF_LGB,1,4,400725.287745452,0.0,400725.29
2786,CMD-046,BACR_A_CRMB_BAF_LGB,1,2,425085.287745452,0.0,419743.18
2787,CMD-046,BACR_A_CRMB_BAF_LGB,1,3,416965.287745452,0.0,411623.18
2788,CMD-046,BACR_A_CRMB_BAF_LGB,1,4,408845.287745452,0.0,403503.18
2789,CMD-046,BACR_A_CRMB_BAF_LGB,1,3,425085.287745452,0.0,414401.08
2790,CMD-046,BACR_A_CRMB_BAF_LGB,1,4,416965.287745452,0.0,406281.08
2791,CMD-046,BACR_A_CRMB_BAF_LGB,1,4,425085.287745452,0.0,409058.97
2792,CMD-046,BACR_A_CRMB_BAF_LGB,1,2,425085.287745452,0.0,419689.22
2793,CMD-046,BACR_A_CRMB_BAF_LGB,1,3,416965.287745452,0.0,411569.22
2794,CMD-046,BACR_A_CRMB_BAF_LGB,1,4,408845.287745452,0.0,403449.22
2795,CMD-046,BACR_A_CRMB_BAF_LGB,1,3,425085.287745452,0.0,414347.12
2796,CMD-046,BACR_A_CRMB_BAF_LGB,1,4,416965.287745452,0.0,406227.12
2797,CMD-046,BACR_A_CRMB_BAF_LGB,1,4,425085.287745452,0.0,409005.01
2798,CMD-046,BACR_A_CRMB_BAF_LGB,1,3,425085.287745452,0.0,414293.16
2799,CMD-046,BACR_A_CRMB_BAF_LGB,1,4,416965.287745452,0.0,406173.16
2800,CMD-046,BACR_A_CRMB_BAF_LGB,1,4,425085.287745452,0.0,408951.05
2801,CMD-046,BACR_A_CRMB_BAF_LGB,1,4,425085.287745452,0.0,408897.09
2802,CMD-046,BACR_A_CRMB_BAF_LGB,1,2,425085.287745452,0.0,425085.29
2803,CMD-046,BACR_A_CRMB_BAF_LGB,1,3,416965.287745452,0.0,416965.29
2804,CMD-046,BACR_A_CRMB_BAF_LGB,1,4,408845.287745452,0.0,408845.29
2805,CMD-046,BACR_A_CRMB_BAF_LGB,1,3,425085.287745452,0.0,419743.18
2806,CMD-046,BACR_A_CRMB_BAF_LGB,1,4,416965.287745452,0.0,411623.18
2807,CMD-046,BACR_A_CRMB_BAF_LGB,1,4,425085.287745452,0.0,414401.08
2808,CMD-046,BACR_A_CRMB_BAF_LGB,1,3,425085.287745452,0.0,419689.22
2809,CMD-046,BACR_A_CRMB_BAF_LGB,1,4,416965.287745452,0.0,411569.22
2810,CMD-046,BACR_A_CRMB_BAF_LGB,1,4,425085.287745452,0.0,414347.12
2811,CMD-046,BACR_A_CRMB_BAF_LGB,1,4,425085.287745452,0.0,414293.16
2812,CMD-046,BACR_A_CRMB_BAF_LGB,1,3,425085.287745452,0.0,425085.29
2813,CMD-046,BACR_A_CRMB_BAF_LGB,1,4,416965.287745452,0.0,416965.29
2814,CMD-046,BACR_A_CRMB_BAF_LGB,1,4,425085.287745452,0.0,419743.18
2815,CMD-046,BACR_A_CRMB_BAF_LGB,1,4,425085.287745452,0.0,419689.22
2816,CMD-046,BACR_A_CRMB_BAF_LGB,1,4,425085.287745452,0.0,425085.29
2817,CMD-046,BACR_A_CRMB_BAF_LGB,2,2,425085.287745452,0.0,425085.29
2818,CMD-046,BACR_A_CRMB_BAF_LGB,2,3,416965.287745452,0.0,416965.29
2819,CMD-046,BACR_A_CRMB_BAF_LGB,2,4,408845.287745452,0.0,408845.29
2820,CMD-046,BACR_A_CRMB_BAF_LGB,2,3,425085.287745452,0.0,419743.18
2821,CMD-046,BACR_A_CRMB_BAF_LGB,2,4,416965.287745452,0.0,411623.18
2822,CMD-046,BACR_A_CRMB_BAF_LGB,2,4,425085.287745452,0.0,414401.08
2823,CMD-046,BACR_A_CRMB_BAF_LGB,2,3,425085.287745452,0.0,419689.22
2824,CMD-046,BACR_A_CRMB_BAF_LGB,2,4,416965.287745452,0.0,411569.22
2825,CMD-046,BACR_A_CRMB_BAF_LGB,2,4,425085.287745452,0.0,414347.12
2826,CMD-046,BACR_A_CRMB_BAF_LGB,2,4,425085.287745452,0.0,414293.16
2827,CMD-046,BACR_A_CRMB_BAF_LGB,2,3,425085.287745452,0.0,425085.29
2828,CMD-046,BACR_A_CRMB_BAF_LGB,2,4,416965.287745452,0.0,416965.29
2829,CMD-046,BACR_A_CRMB_BAF_LGB,2,4,425085.287745452,0.0,419743.18
2830,CMD-046,BACR_A_CRMB_BAF_LGB,2,4,425085.287745452,0.0,419689.22
2831,CMD-046,BACR_A_CRMB_BAF_LGB,2,4,425085.287745452,0.0,425085.29
2832,CMD-046,BACR_A_CRMB_BAF_LGB,3,3,425085.287745452,0.0,425085.29
2833,CMD-046,BACR_A_CRMB_BAF_LGB,3,4,416965.287745452,0.0,416965.29
2834,CMD-046,BACR_A_CRMB_BAF_LGB,3,4,425085.287745452,0.0,419743.18
2835,CMD-046,BACR_A_CRMB_BAF_LGB,3,4,425085.287745452,0.0,419689.22
2836,CMD-046,BACR_A_CRMB_BAF_LGB,3,4,425085.287745452,0.0,425085.29
2837,CMD-046,BACR_A_CRMB_BAF_LGB,4,4,425085.287745452,0.0,425085.29
2838,CMD-046,BACR_B_CRMA_LGB,1,1,477578.1369737223,0.0,477578.14
2839,CMD-046,BACR_B_CRMA_LGB,1,2,469458.1369737223,0.0,469458.14
2840,CMD-046,BACR_B_CRMA_LGB,1,3,461338.1369737223,0.0,461338.14
2841,CMD-046,BACR_B_CRMA_LGB,1,4,453218.1369737223,0.0,453218.14
2842,CMD-046,BACR_B_CRMA_LGB,1,2,477578.1369737223,0.0,472236.03
2843,CMD-046,BACR_B_CRMA_LGB,1,3,469458.1369737223,0.0,464116.03
2844,CMD-046,BACR_B_CRMA_LGB,1,4,461338.1369737223,0.0,455996.03
2845,CMD-046,BACR_B_CRMA_LGB,1,3,477578.1369737223,0.0,466893.93
2846,CMD-046,BACR_B_CRMA_LGB,1,4,469458.1369737223,0.0,458773.93
2847,CMD-046,BACR_B_CRMA_LGB,1,4,477578.1369737223,0.0,461551.82
2848,CMD-046,BACR_B_CRMA_LGB,1,2,477578.1369737223,0.0,477578.14
2849,CMD-046,BACR_B_CRMA_LGB,1,3,469458.1369737223,0.0,469458.14
2850,CMD-046,BACR_B_CRMA_LGB,1,4,461338.1369737223,0.0,461338.14
2851,CMD-046,BACR_B_CRMA_LGB,1,3,477578.1369737223,0.0,472236.03
2852,CMD-046,BACR_B_CRMA_LGB,1,4,469458.1369737223,0.0,464116.03
2853,CMD-046,BACR_B_CRMA_LGB,1,4,477578.1369737223,0.0,466893.93
2854,CMD-046,BACR_B_CRMA_LGB,1,3,477578.1369737223,0.0,477578.14
2855,CMD-046,BACR_B_CRMA_LGB,1,4,469458.1369737223,0.0,469458.14
2856,CMD-046,BACR_B_CRMA_LGB,1,4,477578.1369737223,0.0,472236.03
2857,CMD-046,BACR_B_CRMA_LGB,1,4,477578.1369737223,0.0,477578.14
2858,CMD-046,BACR_B_CRMA_LGB,2,2,477578.1369737223,0.0,477578.14
2859,CMD-046,BACR_B_CRMA_LGB,2,3,469458.1369737223,0.0,469458.14
2860,CMD-046,BACR_B_CRMA_LGB,2,4,461338.1369737223,0.0,461338.14
2861,CMD-046,BACR_B_CRMA_LGB,2,3,477578.1369737223,0.0,472236.03
2862,CMD-046,BACR_B_CRMA_LGB,2,4,469458.1369737223,0.0,464116.03
2863,CMD-046,BACR_B_CRMA_LGB,2,4,477578.1369737223,0.0,466893.93
2864,CMD-046,BACR_B_CRMA_LGB,2,3,477578.1369737223,0.0,477578.14
2865,CMD-046,BACR_B_CRMA_LGB,2,4,469458.1369737223,0.0,469458.14
2866,CMD-046,BACR_B_CRMA_LGB,2,4,477578.1369737223,0.0,472236.03
2867,CMD-046,BACR_B_CRMA_LGB,2,4,477578.1369737223,0.0,477578.14
2868,CMD-046,BACR_B_CRMA_LGB,3,3,477578.1369737223,0.0,477578.14
2869,CMD-046,BACR_B_CRMA_LGB,3,4,469458.1369737223,0.0,469458.14
2870,CMD-046,BACR_B_CRMA_LGB,3,4,477578.1369737223,0.0,472236.03
2871,CMD-046,BACR_B_CRMA_LGB,3,4,477578.1369737223,0.0,477578.14
2872,CMD-046,BACR_B_CRMA_LGB,4,4,477578.1369737223,0.0,477578.14
2873,CMD-046,BACR_B_CRMB_LGB,1,1,487304.70785747125,0.0,487304.71
2874,CMD-046,BACR_B_CRMB_LGB,1,2,479184.70785747125,0.0,479184.71
2875,CMD-046,BACR_B_CRMB_LGB,1,3,471064.70785747125,0.0,471064.71
2876,CMD-046,BACR_B_CRMB_LGB,1,4,462944.70785747125,0.0,462944.71
2877,CMD-046,BACR_B_CRMB_LGB,1,2,487304.70785747125,0.0,481962.6
2878,CMD-046,BACR_B_CRMB_LGB,1,3,479184.70785747125,0.0,473842.6
2879,CMD-046,BACR_B_CRMB_LGB,1,4,471064.70785747125,0.0,465722.6
2880,CMD-046,BACR_B_CRMB_LGB,1,3,487304.70785747125,0.0,476620.5
2881,CMD-046,BACR_B_CRMB_LGB,1,4,479184.70785747125,0.0,468500.5
2882,CMD-046,BACR_B_CRMB_LGB,1,4,487304.70785747125,0.0,471278.39
2883,CMD-046,BACR_B_CRMB_LGB,1,2,487304.70785747125,0.0,487304.71
2884,CMD-046,BACR_B_CRMB_LGB,1,3,479184.70785747125,0.0,479184.71
2885,CMD-046,BACR_B_CRMB_LGB,1,4,471064.70785747125,0.0,471064.71
2886,CMD-046,BACR_B_CRMB_LGB,1,3,487304.70785747125,0.0,481962.6
2887,CMD-046,BACR_B_CRMB_LGB,1,4,479184.70785747125,0.0,473842.6
2888,CMD-046,BACR_B_CRMB_LGB,1,4,487304.70785747125,0.0,476620.5
2889,CMD-046,BACR_B_CRMB_LGB,1,3,487304.70785747125,0.0,487304.71
2890,CMD-046,BACR_B_CRMB_LGB,1,4,479184.70785747125,0.0,479184.71
2891,CMD-046,BACR_B_CRMB_LGB,1,4,487304.70785747125,0.0,481962.6
2892,CMD-046,BACR_B_CRMB_LGB,1,4,487304.70785747125,0.0,487304.71
2893,CMD-046,BACR_B_CRMB_LGB,2,2,487304.70785747125,1.0,487304.71
2894,CMD-046,BACR_B_CRMB_LGB,2,3,479184.70785747125,0.0,479184.71
2895,CMD-046,BACR_B_CRMB_LGB,2,4,471064.70785747125,0.0,471064.71
2896,CMD-046,BACR_B_CRMB_LGB,2,3,487304.70785747125,0.0,481962.6
2897,CMD-046,BACR_B_CRMB_LGB,2,4,479184.70785747125,0.0,473842.6
2898,CMD-046,BACR_B_CRMB_LGB,2,4,487304.70785747125,0.0,476620.5
2899,CMD-046,BACR_B_CRMB_LGB,2,3,487304.70785747125,0.0,487304.71
2900,CMD-046,BACR_B_CRMB_LGB,2,4,479184.70785747125,0.0,479184.71
2901,CMD-046,BACR_B_CRMB_LGB,2,4,487304.70785747125,0.0,481962.6
2902,CMD-046,BACR_B_CRMB_LGB,2,4,487304.70785747125,0.0,487304.71
2903,CMD-046,BACR_B_CRMB_LGB,3,3,487304.70785747125,0.0,487304.71
2904,CMD-046,BACR_B_CRMB_LGB,3,4,479184.70785747125,0.0,479184.71
2905,CMD-046,BACR_B_CRMB_LGB,3,4,487304.70785747125,0.0,481962.6
2906,CMD-046,BACR_B_CRMB_LGB,3,4,487304.70785747125,0.0,487304.71
2907,CMD-046,BACR_B_CRMB_LGB,4,4,487304.70785747125,0.0,487304.71
2908,CMD-047,CRC_CRMB_BAF_SKP,1,1,350167.5154033557,0.0,350167.52
2909,CMD-047,CRC_CRMB_BAF_SKP,1,2,342807.5154033557,0.0,356607.52
2910,CMD-047,CRC_CRMB_BAF_SKP,1,3,335447.5154033557,0.0,344647.52
2911,CMD-047,CRC_CRMB_BAF_SKP,1,4,328087.5154033557,0.0,332687.52
2912,CMD-047,CRC_CRMB_BAF_SKP,1,2,350167.5154033557,0.0,345544.4
2913,CMD-047,CRC_CRMB_BAF_SKP,1,3,342807.5154033557,0.0,333584.4
2914,CMD-047,CRC_CRMB_BAF_SKP,1,4,335447.5154033557,0.0,321624.4
2915,CMD-047,CRC_CRMB_BAF_SKP,1,3,350167.5154033557,0.0,340921.28
2916,CMD-047,CRC_CRMB_BAF_SKP,1,4,342807.5154033557,0.0,328961.28
2917,CMD-047,CRC_CRMB_BAF_SKP,1,4,350167.5154033557,0.0,336298.17
2918,CMD-047,CRC_CRMB_BAF_SKP,1,2,350167.5154033557,0.0,345497.7
2919,CMD-047,CRC_CRMB_BAF_SKP,1,3,342807.5154033557,0.0,333537.7
2920,CMD-047,CRC_CRMB_BAF_SKP,1,4,335447.5154033557,0.0,321577.7
2921,CMD-047,CRC_CRMB_BAF_SKP,1,3,350167.5154033557,0.0,340874.59
2922,CMD-047,CRC_CRMB_BAF_SKP,1,4,342807.5154033557,0.0,328914.59
2923,CMD-047,CRC_CRMB_BAF_SKP,1,4,350167.5154033557,0.0,336251.47
2924,CMD-047,CRC_CRMB_BAF_SKP,1,3,350167.5154033557,0.0,340827.89
2925,CMD-047,CRC_CRMB_BAF_SKP,1,4,342807.5154033557,0.0,328867.89
2926,CMD-047,CRC_CRMB_BAF_SKP,1,4,350167.5154033557,0.0,336204.77
2927,CMD-047,CRC_CRMB_BAF_SKP,1,4,350167.5154033557,0.0,336158.07
2928,CMD-047,CRC_CRMB_BAF_SKP,1,2,350167.5154033557,0.0,350167.52
2929,CMD-047,CRC_CRMB_BAF_SKP,1,3,342807.5154033557,0.0,338207.52
2930,CMD-047,CRC_CRMB_BAF_SKP,1,4,335447.5154033557,0.0,326247.52
2931,CMD-047,CRC_CRMB_BAF_SKP,1,3,350167.5154033557,0.0,345544.4
2932,CMD-047,CRC_CRMB_BAF_SKP,1,4,342807.5154033557,0.0,333584.4
2933,CMD-047,CRC_CRMB_BAF_SKP,1,4,350167.5154033557,0.0,340921.28
2934,CMD-047,CRC_CRMB_BAF_SKP,1,3,350167.5154033557,0.0,345497.7
2935,CMD-047,CRC_CRMB_BAF_SKP,1,4,342807.5154033557,0.0,333537.7
2936,CMD-047,CRC_CRMB_BAF_SKP,1,4,350167.5154033557,0.0,340874.59
2937,CMD-047,CRC_CRMB_BAF_SKP,1,4,350167.5154033557,0.0,340827.89
2938,CMD-047,CRC_CRMB_BAF_SKP,1,3,350167.5154033557,0.0,350167.52
2939,CMD-047,CRC_CRMB_BAF_SKP,1,4,342807.5154033557,0.0,338207.52
2940,CMD-047,CRC_CRMB_BAF_SKP,1,4,350167.5154033557,0.0,345544.4
2941,CMD-047,CRC_CRMB_BAF_SKP,1,4,350167.5154033557,0.0,345497.7
2942,CMD-047,CRC_CRMB_BAF_SKP,1,4,350167.5154033557,0.0,350167.52
2943,CMD-047,CRC_CRMB_BAF_SKP,2,2,350167.5154033557,0.0,350167.52
2944,CMD-047,CRC_CRMB_BAF_SKP,2,3,342807.5154033557,0.0,338207.52
2945,CMD-047,CRC_CRMB_BAF_SKP,2,4,335447.5154033557,0.0,326247.52
2946,CMD-047,CRC_CRMB_BAF_SKP,2,3,350167.5154033557,0.0,345544.4
2947,CMD-047,CRC_CRMB_BAF_SKP,2,4,342807.5154033557,0.0,333584.4
2948,CMD-047,CRC_CRMB_BAF_SKP,2,4,350167.5154033557,0.0,340921.28
2949,CMD-047,CRC_CRMB_BAF_SKP,2,3,350167.5154033557,0.0,345497.7
2950,CMD-047,CRC_CRMB_BAF_SKP,2,4,342807.5154033557,0.0,333537.7
2951,CMD-047,CRC_CRMB_BAF_SKP,2,4,350167.5154033557,0.0,340874.59
2952,CMD-047,CRC_CRMB_BAF_SKP,2,4,350167.5154033557,0.0,340827.89
2953,CMD-047,CRC_CRMB_BAF_SKP,2,3,350167.5154033557,0.0,350167.52
2954,CMD-047,CRC_CRMB_BAF_SKP,2,4,342807.5154033557,0.0,338207.52
2955,CMD-047,CRC_CRMB_BAF_SKP,2,4,350167.5154033557,0.0,345544.4
2956,CMD-047,CRC_CRMB_BAF_SKP,2,4,350167.5154033557,0.0,345497.7
2957,CMD-047,CRC_CRMB_BAF_SKP,2,4,350167.5154033557,0.0,350167.52
2958,CMD-047,CRC_CRMB_BAF_SKP,3,3,350167.5154033557,0.0,350167.52
2959,CMD-047,CRC_CRMB_BAF_SKP,3,4,342807.5154033557,0.0,338207.52
2960,CMD-047,CRC_CRMB_BAF_SKP,3,4,350167.5154033557,0.0,345544.4
2961,CMD-047,CRC_CRMB_BAF_SKP,3,4,350167.5154033557,0.0,345497.7
2962,CMD-047,CRC_CRMB_BAF_SKP,3,4,350167.5154033557,0.0,350167.52
2963,CMD-047,CRC_CRMB_BAF_SKP,4,4,350167.5154033557,0.0,350167.52
2964,CMD-048,CRC_CRMB_BAF_SKP,1,1,137444.80887438802,0.0,137444.81
2965,CMD-048,CRC_CRMB_BAF_SKP,1,2,134364.80887438802,0.0,140139.81
2966,CMD-048,CRC_CRMB_BAF_SKP,1,3,131284.80887438802,0.0,135134.81
2967,CMD-048,CRC_CRMB_BAF_SKP,1,4,128204.80887438802,0.0,130129.81
2968,CMD-048,CRC_CRMB_BAF_SKP,1,2,137444.80887438802,0.0,135510.14
2969,CMD-048,CRC_CRMB_BAF_SKP,1,3,134364.80887438802,0.0,130505.14
2970,CMD-048,CRC_CRMB_BAF_SKP,1,4,131284.80887438802,0.0,125500.14
2971,CMD-048,CRC_CRMB_BAF_SKP,1,3,137444.80887438802,0.0,133575.46
2972,CMD-048,CRC_CRMB_BAF_SKP,1,4,134364.80887438802,0.0,128570.46
2973,CMD-048,CRC_CRMB_BAF_SKP,1,4,137444.80887438802,0.0,131640.79
2974,CMD-048,CRC_CRMB_BAF_SKP,1,2,137444.80887438802,0.0,135490.59
2975,CMD-048,CRC_CRMB_BAF_SKP,1,3,134364.80887438802,0.0,130485.59
2976,CMD-048,CRC_CRMB_BAF_SKP,1,4,131284.80887438802,0.0,125480.59
2977,CMD-048,CRC_CRMB_BAF_SKP,1,3,137444.80887438802,0.0,133555.92
2978,CMD-048,CRC_CRMB_BAF_SKP,1,4,134364.80887438802,0.0,128550.92
2979,CMD-048,CRC_CRMB_BAF_SKP,1,4,137444.80887438802,0.0,131621.25
2980,CMD-048,CRC_CRMB_BAF_SKP,1,3,137444.80887438802,0.0,133536.38
2981,CMD-048,CRC_CRMB_BAF_SKP,1,4,134364.80887438802,0.0,128531.38
2982,CMD-048,CRC_CRMB_BAF_SKP,1,4,137444.80887438802,0.0,131601.7
2983,CMD-048,CRC_CRMB_BAF_SKP,1,4,137444.80887438802,0.0,131582.16
2984,CMD-048,CRC_CRMB_BAF_SKP,1,2,137444.80887438802,0.0,137444.81
2985,CMD-048,CRC_CRMB_BAF_SKP,1,3,134364.80887438802,0.0,132439.81
2986,CMD-048,CRC_CRMB_BAF_SKP,1,4,131284.80887438802,0.0,127434.81
2987,CMD-048,CRC_CRMB_BAF_SKP,1,3,137444.80887438802,0.0,135510.14
2988,CMD-048,CRC_CRMB_BAF_SKP,1,4,134364.80887438802,0.0,130505.14
2989,CMD-048,CRC_CRMB_BAF_SKP,1,4,137444.80887438802,0.0,133575.46
2990,CMD-048,CRC_CRMB_BAF_SKP,1,3,137444.80887438802,0.0,135490.59
2991,CMD-048,CRC_CRMB_BAF_SKP,1,4,134364.80887438802,0.0,130485.59
2992,CMD-048,CRC_CRMB_BAF_SKP,1,4,137444.80887438802,0.0,133555.92
2993,CMD-048,CRC_CRMB_BAF_SKP,1,4,137444.80887438802,0.0,133536.38
2994,CMD-048,CRC_CRMB_BAF_SKP,1,3,137444.80887438802,0.0,137444.81
2995,CMD-048,CRC_CRMB_BAF_SKP,1,4,134364.80887438802,0.0,132439.81
2996,CMD-048,CRC_CRMB_BAF_SKP,1,4,137444.80887438802,0.0,135510.14
2997,CMD-048,CRC_CRMB_BAF_SKP,1,4,137444.80887438802,0.0,135490.59
2998,CMD-048,CRC_CRMB_BAF_SKP,1,4,137444.80887438802,0.0,137444.81
2999,CMD-048,CRC_CRMB_BAF_SKP,2,2,137444.80887438802,0.0,137444.81
3000,CMD-048,CRC_CRMB_BAF_SKP,2,3,134364.80887438802,0.0,132439.81
3001,CMD-048,CRC_CRMB_BAF_SKP,2,4,131284.80887438802,0.0,127434.81
3002,CMD-048,CRC_CRMB_BAF_SKP,2,3,137444.80887438802,0.0,135510.14
3003,CMD-048,CRC_CRMB_BAF_SKP,2,4,134364.80887438802,0.0,130505.14
3004,CMD-048,CRC_CRMB_BAF_SKP,2,4,137444.80887438802,0.0,133575.46
3005,CMD-048,CRC_CRMB_BAF_SKP,2,3,137444.80887438802,0.0,135490.59
3006,CMD-048,CRC_CRMB_BAF_SKP,2,4,134364.80887438802,0.0,130485.59
3007,CMD-048,CRC_CRMB_BAF_SKP,2,4,137444.80887438802,0.0,133555.92
3008,CMD-048,CRC_CRMB_BAF_SKP,2,4,137444.80887438802,0.0,133536.38
3009,CMD-048,CRC_CRMB_BAF_SKP,2,3,137444.80887438802,0.0,137444.81
3010,CMD-048,CRC_CRMB_BAF_SKP,2,4,134364.80887438802,0.0,132439.81
3011,CMD-048,CRC_CRMB_BAF_SKP,2,4,137444.80887438802,0.0,135510.14
3012,CMD-048,CRC_CRMB_BAF_SKP,2,4,137444.80887438802,0.0,135490.59
3013,CMD-048,CRC_CRMB_BAF_SKP,2,4,137444.80887438802,0.0,137444.81
3014,CMD-048,CRC_CRMB_BAF_SKP,3,3,137444.80887438802,0.0,137444.81
3015,CMD-048,CRC_CRMB_BAF_SKP,3,4,134364.80887438802,0.0,132439.81
3016,CMD-048,CRC_CRMB_BAF_SKP,3,4,137444.80887438802,0.0,135510.14
3017,CMD-048,CRC_CRMB_BAF_SKP,3,4,137444.80887438802,0.0,135490.59
3018,CMD-048,CRC_CRMB_BAF_SKP,3,4,137444.80887438802,0.0,137444.81
3019,CMD-048,CRC_CRMB_BAF_SKP,4,4,137444.80887438802,1.0,137444.81
3020,CMD-049,HDG_CRMA_LGA,1,1,1621918.6841008076,0.0,1621918.7
3021,CMD-049,HDG_CRMA_LGA,1,2,1592278.6841008076,0.0,1592278.7
3022,CMD-049,HDG_CRMA_LGA,1,3,1562638.6841008076,0.0,1562638.7
3023,CMD-049,HDG_CRMA_LGA,1,4,1532998.6841008076,0.0,1532998.7
3024,CMD-049,HDG_CRMA_LGA,1,2,1621918.6841008076,0.0,1602315.5
3025,CMD-049,HDG_CRMA_LGA,1,3,1592278.6841008076,0.0,1572675.5
3026,CMD-049,HDG_CRMA_LGA,1,4,1562638.6841008076,0.0,1543035.5
3027,CMD-049,HDG_CRMA_LGA,1,3,1621918.6841008076,0.0,1582712.3
3028,CMD-049,HDG_CRMA_LGA,1,4,1592278.6841008076,0.0,1553072.3
3029,CMD-049,HDG_CRMA_LGA,1,4,1621918.6841008076,0.0,1563109.2
3030,CMD-049,HDG_CRMA_LGA,1,2,1621918.6841008076,0.0,1621918.7
3031,CMD-049,HDG_CRMA_LGA,1,3,1592278.6841008076,0.0,1592278.7
3032,CMD-049,HDG_CRMA_LGA,1,4,1562638.6841008076,0.0,1562638.7
3033,CMD-049,HDG_CRMA_LGA,1,3,1621918.6841008076,0.0,1602315.5
3034,CMD-049,HDG_CRMA_LGA,1,4,1592278.6841008076,0.0,1572675.5
3035,CMD-049,HDG_CRMA_LGA,1,4,1621918.6841008076,0.0,1582712.3
3036,CMD-049,HDG_CRMA_LGA,1,3,1621918.6841008076,0.0,1621918.7
3037,CMD-049,HDG_CRMA_LGA,1,4,1592278.6841008076,0.0,1592278.7
3038,CMD-049,HDG_CRMA_LGA,1,4,1621918.6841008076,0.0,1602315.5
3039,CMD-049,HDG_CRMA_LGA,1,4,1621918.6841008076,0.0,1621918.7
3040,CMD-049,HDG_CRMA_LGA,2,2,1621918.6841008076,0.0,1621918.7
3041,CMD-049,HDG_CRMA_LGA,2,3,1592278.6841008076,0.0,1592278.7
3042,CMD-049,HDG_CRMA_LGA,2,4,1562638.6841008076,0.0,1562638.7
3043,CMD-049,HDG_CRMA_LGA,2,3,1621918.6841008076,0.0,1602315.5
3044,CMD-049,HDG_CRMA_LGA,2,4,1592278.6841008076,0.0,1572675.5
3045,CMD-049,HDG_CRMA_LGA,2,4,1621918.6841008076,0.0,1582712.3
3046,CMD-049,HDG_CRMA_LGA,2,3,1621918.6841008076,0.0,1621918.7
3047,CMD-049,HDG_CRMA_LGA,2,4,1592278.6841008076,0.0,1592278.7
3048,CMD-049,HDG_CRMA_LGA,2,4,1621918.6841008076,0.0,1602315.5
3049,CMD-049,HDG_CRMA_LGA,2,4,1621918.6841008076,0.0,1621918.7
3050,CMD-049,HDG_CRMA_LGA,3,3,1621918.6841008076,0.0,1621918.7
3051,CMD-049,HDG_CRMA_LGA,3,4,1592278.6841008076,0.0,1592278.7
3052,CMD-049,HDG_CRMA_LGA,3,4,1621918.6841008076,0.0,1602315.5
3053,CMD-049,HDG_CRMA_LGA,3,4,1621918.6841008076,0.0,1621918.7
3054,CMD-049,HDG_CRMA_LGA,4,4,1621918.6841008076,0.0,1621918.7
3055,CMD-049,HDG_CRMB_LGA,1,1,1657789.2891819435,0.0,1657789.3
3056,CMD-049,HDG_CRMB_LGA,1,2,1628149.2891819435,0.0,1628149.3
3057,CMD-049,HDG_CRMB_LGA,1,3,1598509.2891819435,0.0,1598509.3
3058,CMD-049,HDG_CRMB_LGA,1,4,1568869.2891819435,0.0,1568869.3
3059,CMD-049,HDG_CRMB_LGA,1,2,1657789.2891819435,0.0,1638186.1
3060,CMD-049,HDG_CRMB_LGA,1,3,1628149.2891819435,0.0,1608546.1
3061,CMD-049,HDG_CRMB_LGA,1,4,1598509.2891819435,0.0,1578906.1
3062,CMD-049,HDG_CRMB_LGA,1,3,1657789.2891819435,0.0,1618582.9
3063,CMD-049,HDG_CRMB_LGA,1,4,1628149.2891819435,0.0,1588942.9
3064,CMD-049,HDG_CRMB_LGA,1,4,1657789.2891819435,0.0,1598979.8
3065,CMD-049,HDG_CRMB_LGA,1,2,1657789.2891819435,0.0,1657789.3
3066,CMD-049,HDG_CRMB_LGA,1,3,1628149.2891819435,0.0,1628149.3
3067,CMD-049,HDG_CRMB_LGA,1,4,1598509.2891819435,0.0,1598509.3
3068,CMD-049,HDG_CRMB_LGA,1,3,1657789.2891819435,0.0,1638186.1
3069,CMD-049,HDG_CRMB_LGA,1,4,1628149.2891819435,0.0,1608546.1
3070,CMD-049,HDG_CRMB_LGA,1,4,1657789.2891819435,0.0,1618582.9
3071,CMD-049,HDG_CRMB_LGA,1,3,1657789.2891819435,0.0,1657789.3
3072,CMD-049,HDG_CRMB_LGA,1,4,1628149.2891819435,0.0,1628149.3
3073,CMD-049,HDG_CRMB_LGA,1,4,1657789.2891819435,0.0,1638186.1
3074,CMD-049,HDG_CRMB_LGA,1,4,1657789.2891819435,0.0,1657789.3
3075,CMD-049,HDG_CRMB_LGA,2,2,1657789.2891819435,0.0,1657789.3
3076,CMD-049,HDG_CRMB_LGA,2,3,1628149.2891819435,0.0,1628149.3
3077,CMD-049,HDG_CRMB_LGA,2,4,1598509.2891819435,0.0,1598509.3
3078,CMD-049,HDG_CRMB_LGA,2,3,1657789.2891819435,0.0,1638186.1
3079,CMD-049,HDG_CRMB_LGA,2,4,1628149.2891819435,0.0,1608546.1
3080,CMD-049,HDG_CRMB_LGA,2,4,1657789.2891819435,0.0,1618582.9
3081,CMD-049,HDG_CRMB_LGA,2,3,1657789.2891819435,0.0,1657789.3
3082,CMD-049,HDG_CRMB_LGA,2,4,1628149.2891819435,0.0,1628149.3
3083,CMD-049,HDG_CRMB_LGA,2,4,1657789.2891819435,0.0,1638186.1
3084,CMD-049,HDG_CRMB_LGA,2,4,1657789.2891819435,0.0,1657789.3
3085,CMD-049,HDG_CRMB_LGA,3,3,1657789.2891819435,0.0,1657789.3
3086,CMD-049,HDG_CRMB_LGA,3,4,1628149.2891819435,0.0,1628149.3
3087,CMD-049,HDG_CRMB_LGA,3,4,1657789.2891819435,0.0,1638186.1
3088,CMD-049,HDG_CRMB_LGA,3,4,1657789.2891819435,0.0,1657789.3
3089,CMD-049,HDG_CRMB_LGA,4,4,1657789.2891819435,1.0,1657789.3
3090,CMD-050,CRC_CRMB_BAF_SKP,1,1,181422.44498578564,0.0,181422.44
3091,CMD-050,CRC_CRMB_BAF_SKP,1,2,176862.44498578564,0.0,185412.44
3092,CMD-050,CRC_CRMB_BAF_SKP,1,3,172302.44498578564,0.0,178002.44
3093,CMD-050,CRC_CRMB_BAF_SKP,1,4,167742.44498578564,0.0,170592.44
3094,CMD-050,CRC_CRMB_BAF_SKP,1,2,181422.44498578564,0.0,178558.12
3095,CMD-050,CRC_CRMB_BAF_SKP,1,3,176862.44498578564,0.0,171148.12
3096,CMD-050,CRC_CRMB_BAF_SKP,1,4,172302.44498578564,0.0,163738.12
3097,CMD-050,CRC_CRMB_BAF_SKP,1,3,181422.44498578564,0.0,175693.8
3098,CMD-050,CRC_CRMB_BAF_SKP,1,4,176862.44498578564,0.0,168283.8
3099,CMD-050,CRC_CRMB_BAF_SKP,1,4,181422.44498578564,0.0,172829.48
3100,CMD-050,CRC_CRMB_BAF_SKP,1,2,181422.44498578564,0.0,178529.19
3101,CMD-050,CRC_CRMB_BAF_SKP,1,3,176862.44498578564,0.0,171119.19
3102,CMD-050,CRC_CRMB_BAF_SKP,1,4,172302.44498578564,0.0,163709.19
3103,CMD-050,CRC_CRMB_BAF_SKP,1,3,181422.44498578564,0.0,175664.87
3104,CMD-050,CRC_CRMB_BAF_SKP,1,4,176862.44498578564,0.0,168254.87
3105,CMD-050,CRC_CRMB_BAF_SKP,1,4,181422.44498578564,0.0,172800.55
3106,CMD-050,CRC_CRMB_BAF_SKP,1,3,181422.44498578564,0.0,175635.94
3107,CMD-050,CRC_CRMB_BAF_SKP,1,4,176862.44498578564,0.0,168225.94
3108,CMD-050,CRC_CRMB_BAF_SKP,1,4,181422.44498578564,0.0,172771.62
3109,CMD-050,CRC_CRMB_BAF_SKP,1,4,181422.44498578564,0.0,172742.68
3110,CMD-050,CRC_CRMB_BAF_SKP,1,2,181422.44498578564,0.0,181422.44
3111,CMD-050,CRC_CRMB_BAF_SKP,1,3,176862.44498578564,0.0,174012.44
3112,CMD-050,CRC_CRMB_BAF_SKP,1,4,172302.44498578564,0.0,166602.44
3113,CMD-050,CRC_CRMB_BAF_SKP,1,3,181422.44498578564,0.0,178558.12
3114,CMD-050,CRC_CRMB_BAF_SKP,1,4,176862.44498578564,0.0,171148.12
3115,CMD-050,CRC_CRMB_BAF_SKP,1,4,181422.44498578564,0.0,175693.8
3116,CMD-050,CRC_CRMB_BAF_SKP,1,3,181422.44498578564,0.0,178529.19
3117,CMD-050,CRC_CRMB_BAF_SKP,1,4,176862.44498578564,0.0,171119.19
3118,CMD-050,CRC_CRMB_BAF_SKP,1,4,181422.44498578564,0.0,175664.87
3119,CMD-050,CRC_CRMB_BAF_SKP,1,4,181422.44498578564,0.0,175635.94
3120,CMD-050,CRC_CRMB_BAF_SKP,1,3,181422.44498578564,0.0,181422.44
3121,CMD-050,CRC_CRMB_BAF_SKP,1,4,176862.44498578564,0.0,174012.44
3122,CMD-050,CRC_CRMB_BAF_SKP,1,4,181422.44498578564,0.0,178558.12
3123,CMD-050,CRC_CRMB_BAF_SKP,1,4,181422.44498578564,0.0,178529.19
3124,CMD-050,CRC_CRMB_BAF_SKP,1,4,181422.44498578564,0.0,181422.44
3125,CMD-050,CRC_CRMB_BAF_SKP,2,2,181422.44498578564,0.0,181422.44
3126,CMD-050,CRC_CRMB_BAF_SKP,2,3,176862.44498578564,0.0,174012.44
3127,CMD-050,CRC_CRMB_BAF_SKP,2,4,172302.44498578564,0.0,166602.44
3128,CMD-050,CRC_CRMB_BAF_SKP,2,3,181422.44498578564,0.0,178558.12
3129,CMD-050,CRC_CRMB_BAF_SKP,2,4,176862.44498578564,0.0,171148.12
3130,CMD-050,CRC_CRMB_BAF_SKP,2,4,181422.44498578564,0.0,175693.8
3131,CMD-050,CRC_CRMB_BAF_SKP,2,3,181422.44498578564,0.0,178529.19
3132,CMD-050,CRC_CRMB_BAF_SKP,2,4,176862.44498578564,0.0,171119.19
3133,CMD-050,CRC_CRMB_BAF_SKP,2,4,181422.44498578564,0.0,175664.87
3134,CMD-050,CRC_CRMB_BAF_SKP,2,4,181422.44498578564,0.0,175635.94
3135,CMD-050,CRC_CRMB_BAF_SKP,2,3,181422.44498578564,0.0,181422.44
3136,CMD-050,CRC_CRMB_BAF_SKP,2,4,176862.44498578564,0.0,174012.44
3137,CMD-050,CRC_CRMB_BAF_SKP,2,4,181422.44498578564,0.0,178558.12
3138,CMD-050,CRC_CRMB_BAF_SKP,2,4,181422.44498578564,0.0,178529.19
3139,CMD-050,CRC_CRMB_BAF_SKP,2,4,181422.44498578564,0.0,181422.44
3140,CMD-050,CRC_CRMB_BAF_SKP,3,3,181422.44498578564,0.0,181422.44
3141,CMD-050,CRC_CRMB_BAF_SKP,3,4,176862.44498578564,0.0,174012.44
3142,CMD-050,CRC_CRMB_BAF_SKP,3,4,181422.44498578564,0.0,178558.12
3143,CMD-050,CRC_CRMB_BAF_SKP,3,4,181422.44498578564,0.0,178529.19
3144,CMD-050,CRC_CRMB_BAF_SKP,3,4,181422.44498578564,0.0,181422.44
3145,CMD-050,CRC_CRMB_BAF_SKP,4,4,181422.44498578564,0.0,181422.44
3146,CMD-051,HRCDEC_PK,1,1,86738.1989847716,0.0,86738.199
3147,CMD-051,HRCDEC_PK,1,2,81338.1989847716,0.0,81338.199
3148,CMD-051,HRCDEC_PK,1,3,75938.1989847716,0.0,75938.199
3149,CMD-051,HRCDEC_PK,1,4,70538.1989847716,0.0,70538.199
3150,CMD-051,HRCDEC_PK,2,2,86738.1989847716,1.0,86738.199
3151,CMD-051,HRCDEC_PK,2,3,81338.1989847716,0.0,81338.199
3152,CMD-051,HRCDEC_PK,2,4,75938.1989847716,0.0,75938.199
3153,CMD-051,HRCDEC_PK,3,3,86738.1989847716,0.0,86738.199
3154,CMD-051,HRCDEC_PK,3,4,81338.1989847716,0.0,81338.199
3155,CMD-051,HRCDEC_PK,4,4,86738.1989847716,0.0,86738.199
3156,CMD-052,CRC_CRMB_BAF_SKP,1,1,308051.2350393062,0.0,308051.24
3157,CMD-052,CRC_CRMB_BAF_SKP,1,2,300931.2350393062,0.0,314281.24
3158,CMD-052,CRC_CRMB_BAF_SKP,1,3,293811.2350393062,0.0,302711.24
3159,CMD-052,CRC_CRMB_BAF_SKP,1,4,286691.2350393062,0.0,291141.24
3160,CMD-052,CRC_CRMB_BAF_SKP,1,2,308051.2350393062,0.0,303578.87
3161,CMD-052,CRC_CRMB_BAF_SKP,1,3,300931.2350393062,0.0,292008.87
3162,CMD-052,CRC_CRMB_BAF_SKP,1,4,293811.2350393062,0.0,280438.87
3163,CMD-052,CRC_CRMB_BAF_SKP,1,3,308051.2350393062,0.0,299106.51
3164,CMD-052,CRC_CRMB_BAF_SKP,1,4,300931.2350393062,0.0,287536.51
3165,CMD-052,CRC_CRMB_BAF_SKP,1,4,308051.2350393062,0.0,294634.15
3166,CMD-052,CRC_CRMB_BAF_SKP,1,2,308051.2350393062,0.0,303533.7
3167,CMD-052,CRC_CRMB_BAF_SKP,1,3,300931.2350393062,0.0,291963.7
3168,CMD-052,CRC_CRMB_BAF_SKP,1,4,293811.2350393062,0.0,280393.7
3169,CMD-052,CRC_CRMB_BAF_SKP,1,3,308051.2350393062,0.0,299061.34
3170,CMD-052,CRC_CRMB_BAF_SKP,1,4,300931.2350393062,0.0,287491.34
3171,CMD-052,CRC_CRMB_BAF_SKP,1,4,308051.2350393062,0.0,294588.97
3172,CMD-052,CRC_CRMB_BAF_SKP,1,3,308051.2350393062,0.0,299016.16
3173,CMD-052,CRC_CRMB_BAF_SKP,1,4,300931.2350393062,0.0,287446.16
3174,CMD-052,CRC_CRMB_BAF_SKP,1,4,308051.2350393062,0.0,294543.8
3175,CMD-052,CRC_CRMB_BAF_SKP,1,4,308051.2350393062,0.0,294498.62
3176,CMD-052,CRC_CRMB_BAF_SKP,1,2,308051.2350393062,0.0,308051.24
3177,CMD-052,CRC_CRMB_BAF_SKP,1,3,300931.2350393062,0.0,296481.24
3178,CMD-052,CRC_CRMB_BAF_SKP,1,4,293811.2350393062,0.0,284911.24
3179,CMD-052,CRC_CRMB_BAF_SKP,1,3,308051.2350393062,0.0,303578.87
3180,CMD-052,CRC_CRMB_BAF_SKP,1,4,300931.2350393062,0.0,292008.87
3181,CMD-052,CRC_CRMB_BAF_SKP,1,4,308051.2350393062,0.0,299106.51
3182,CMD-052,CRC_CRMB_BAF_SKP,1,3,308051.2350393062,0.0,303533.7
3183,CMD-052,CRC_CRMB_BAF_SKP,1,4,300931.2350393062,0.0,291963.7
3184,CMD-052,CRC_CRMB_BAF_SKP,1,4,308051.2350393062,0.0,299061.34
3185,CMD-052,CRC_CRMB_BAF_SKP,1,4,308051.2350393062,0.0,299016.16
3186,CMD-052,CRC_CRMB_BAF_SKP,1,3,308051.2350393062,0.0,308051.24
3187,CMD-052,CRC_CRMB_BAF_SKP,1,4,300931.2350393062,0.0,296481.24
3188,CMD-052,CRC_CRMB_BAF_SKP,1,4,308051.2350393062,0.0,303578.87
3189,CMD-052,CRC_CRMB_BAF_SKP,1,4,308051.2350393062,0.0,303533.7
3190,CMD-052,CRC_CRMB_BAF_SKP,1,4,308051.2350393062,0.0,308051.24
3191,CMD-052,CRC_CRMB_BAF_SKP,2,2,308051.2350393062,1.0,308051.24
3192,CMD-052,CRC_CRMB_BAF_SKP,2,3,300931.2350393062,0.0,296481.24
3193,CMD-052,CRC_CRMB_BAF_SKP,2,4,293811.2350393062,0.0,284911.24
3194,CMD-052,CRC_CRMB_BAF_SKP,2,3,308051.2350393062,0.0,303578.87
3195,CMD-052,CRC_CRMB_BAF_SKP,2,4,300931.2350393062,0.0,292008.87
3196,CMD-052,CRC_CRMB_BAF_SKP,2,4,308051.2350393062,0.0,299106.51
3197,CMD-052,CRC_CRMB_BAF_SKP,2,3,308051.2350393062,0.0,303533.7
3198,CMD-052,CRC_CRMB_BAF_SKP,2,4,300931.2350393062,0.0,291963.7
3199,CMD-052,CRC_CRMB_BAF_SKP,2,4,308051.2350393062,0.0,299061.34
3200,CMD-052,CRC_CRMB_BAF_SKP,2,4,308051.2350393062,0.0,299016.16
3201,CMD-052,CRC_CRMB_BAF_SKP,2,3,308051.2350393062,0.0,308051.24
3202,CMD-052,CRC_CRMB_BAF_SKP,2,4,300931.2350393062,0.0,296481.24
3203,CMD-052,CRC_CRMB_BAF_SKP,2,4,308051.2350393062,0.0,303578.87
3204,CMD-052,CRC_CRMB_BAF_SKP,2,4,308051.2350393062,0.0,303533.7
3205,CMD-052,CRC_CRMB_BAF_SKP,2,4,308051.2350393062,0.0,308051.24
3206,CMD-052,CRC_CRMB_BAF_SKP,3,3,308051.2350393062,0.0,308051.24
3207,CMD-052,CRC_CRMB_BAF_SKP,3,4,300931.2350393062,0.0,296481.24
3208,CMD-052,CRC_CRMB_BAF_SKP,3,4,308051.2350393062,0.0,303578.87
3209,CMD-052,CRC_CRMB_BAF_SKP,3,4,308051.2350393062,0.0,303533.7
3210,CMD-052,CRC_CRMB_BAF_SKP,3,4,308051.2350393062,0.0,308051.24
3211,CMD-052,CRC_CRMB_BAF_SKP,4,4,308051.2350393062,0.0,308051.24
3212,CMD-053,CRC_CRMB_BAF_SKP,1,1,526103.5846273538,0.0,526103.58
3213,CMD-053,CRC_CRMB_BAF_SKP,1,2,515703.5846273538,0.0,535203.58
3214,CMD-053,CRC_CRMB_BAF_SKP,1,3,505303.5846273538,0.0,518303.58
3215,CMD-053,CRC_CRMB_BAF_SKP,1,4,494903.5846273538,0.0,501403.58
3216,CMD-053,CRC_CRMB_BAF_SKP,1,2,526103.5846273538,0.0,519570.92
3217,CMD-053,CRC_CRMB_BAF_SKP,1,3,515703.5846273538,0.0,502670.92
3218,CMD-053,CRC_CRMB_BAF_SKP,1,4,505303.5846273538,0.0,485770.92
3219,CMD-053,CRC_CRMB_BAF_SKP,1,3,526103.5846273538,0.0,513038.26
3220,CMD-053,CRC_CRMB_BAF_SKP,1,4,515703.5846273538,0.0,496138.26
3221,CMD-053,CRC_CRMB_BAF_SKP,1,4,526103.5846273538,0.0,506505.59
3222,CMD-053,CRC_CRMB_BAF_SKP,1,2,526103.5846273538,0.0,519504.93
3223,CMD-053,CRC_CRMB_BAF_SKP,1,3,515703.5846273538,0.0,502604.93
3224,CMD-053,CRC_CRMB_BAF_SKP,1,4,505303.5846273538,0.0,485704.93
3225,CMD-053,CRC_CRMB_BAF_SKP,1,3,526103.5846273538,0.0,512972.27
3226,CMD-053,CRC_CRMB_BAF_SKP,1,4,515703.5846273538,0.0,496072.27
3227,CMD-053,CRC_CRMB_BAF_SKP,1,4,526103.5846273538,0.0,506439.61
3228,CMD-053,CRC_CRMB_BAF_SKP,1,3,526103.5846273538,0.0,512906.28
3229,CMD-053,CRC_CRMB_BAF_SKP,1,4,515703.5846273538,0.0,496006.28
3230,CMD-053,CRC_CRMB_BAF_SKP,1,4,526103.5846273538,0.0,506373.62
3231,CMD-053,CRC_CRMB_BAF_SKP,1,4,526103.5846273538,0.0,506307.64
3232,CMD-053,CRC_CRMB_BAF_SKP,1,2,526103.5846273538,0.0,526103.58
3233,CMD-053,CRC_CRMB_BAF_SKP,1,3,515703.5846273538,0.0,509203.58
3234,CMD-053,CRC_CRMB_BAF_SKP,1,4,505303.5846273538,0.0,492303.58
3235,CMD-053,CRC_CRMB_BAF_SKP,1,3,526103.5846273538,0.0,519570.92
3236,CMD-053,CRC_CRMB_BAF_SKP,1,4,515703.5846273538,0.0,502670.92
3237,CMD-053,CRC_CRMB_BAF_SKP,1,4,526103.5846273538,0.0,513038.26
3238,CMD-053,CRC_CRMB_BAF_SKP,1,3,526103.5846273538,0.0,519504.93
3239,CMD-053,CRC_CRMB_BAF_SKP,1,4,515703.5846273538,0.0,502604.93
3240,CMD-053,CRC_CRMB_BAF_SKP,1,4,526103.5846273538,0.0,512972.27
3241,CMD-053,CRC_CRMB_BAF_SKP,1,4,526103.5846273538,0.0,512906.28
3242,CMD-053,CRC_CRMB_BAF_SKP,1,3,526103.5846273538,0.0,526103.58
3243,CMD-053,CRC_CRMB_BAF_SKP,1,4,515703.5846273538,0.0,509203.58
3244,CMD-053,CRC_CRMB_BAF_SKP,1,4,526103.5846273538,0.0,519570.92
3245,CMD-053,CRC_CRMB_BAF_SKP,1,4,526103.5846273538,0.0,519504.93
3246,CMD-053,CRC_CRMB_BAF_SKP,1,4,526103.5846273538,0.0,526103.58
3247,CMD-053,CRC_CRMB_BAF_SKP,2,2,526103.5846273538,0.0,526103.58
3248,CMD-053,CRC_CRMB_BAF_SKP,2,3,515703.5846273538,0.0,509203.58
3249,CMD-053,CRC_CRMB_BAF_SKP,2,4,505303.5846273538,0.0,492303.58
3250,CMD-053,CRC_CRMB_BAF_SKP,2,3,526103.5846273538,0.0,519570.92
3251,CMD-053,CRC_CRMB_BAF_SKP,2,4,515703.5846273538,0.0,502670.92
3252,CMD-053,CRC_CRMB_BAF_SKP,2,4,526103.5846273538,0.0,513038.26
3253,CMD-053,CRC_CRMB_BAF_SKP,2,3,526103.5846273538,0.0,519504.93
3254,CMD-053,CRC_CRMB_BAF_SKP,2,4,515703.5846273538,0.0,502604.93
3255,CMD-053,CRC_CRMB_BAF_SKP,2,4,526103.5846273538,0.0,512972.27
3256,CMD-053,CRC_CRMB_BAF_SKP,2,4,526103.5846273538,0.0,512906.28
3257,CMD-053,CRC_CRMB_BAF_SKP,2,3,526103.5846273538,0.0,526103.58
3258,CMD-053,CRC_CRMB_BAF_SKP,2,4,515703.5846273538,0.0,509203.58
3259,CMD-053,CRC_CRMB_BAF_SKP,2,4,526103.5846273538,0.0,519570.92
3260,CMD-053,CRC_CRMB_BAF_SKP,2,4,526103.5846273538,0.0,519504.93
3261,CMD-053,CRC_CRMB_BAF_SKP,2,4,526103.5846273538,0.0,526103.58
3262,CMD-053,CRC_CRMB_BAF_SKP,3,3,526103.5846273538,0.0,526103.58
3263,CMD-053,CRC_CRMB_BAF_SKP,3,4,515703.5846273538,0.0,509203.58
3264,CMD-053,CRC_CRMB_BAF_SKP,3,4,526103.5846273538,0.0,519570.92
3265,CMD-053,CRC_CRMB_BAF_SKP,3,4,526103.5846273538,0.0,519504.93
3266,CMD-053,CRC_CRMB_BAF_SKP,3,4,526103.5846273538,0.0,526103.58
3267,CMD-053,CRC_CRMB_BAF_SKP,4,4,526103.5846273538,0.0,526103.58
3268,CMD-054,PPGI_CRMA_LGA,1,1,490996.77929392667,0.0,490996.78
3269,CMD-054,PPGI_CRMA_LGA,1,2,485796.77929392667,0.0,485796.78
3270,CMD-054,PPGI_CRMA_LGA,1,3,480596.77929392667,0.0,480596.78
3271,CMD-054,PPGI_CRMA_LGA,1,4,475396.77929392667,0.0,475396.78
3272,CMD-054,PPGI_CRMA_LGA,1,2,490996.77929392667,0.0,487557.63
3273,CMD-054,PPGI_CRMA_LGA,1,3,485796.77929392667,0.0,482357.63
3274,CMD-054,PPGI_CRMA_LGA,1,4,480596.77929392667,0.0,477157.63
3275,CMD-054,PPGI_CRMA_LGA,1,3,490996.77929392667,0.0,484118.47
3276,CMD-054,PPGI_CRMA_LGA,1,4,485796.77929392667,0.0,478918.47
3277,CMD-054,PPGI_CRMA_LGA,1,4,490996.77929392667,0.0,480679.32
3278,CMD-054,PPGI_CRMA_LGA,1,2,490996.77929392667,0.0,490996.78
3279,CMD-054,PPGI_CRMA_LGA,1,3,485796.77929392667,0.0,485796.78
3280,CMD-054,PPGI_CRMA_LGA,1,4,480596.77929392667,0.0,480596.78
3281,CMD-054,PPGI_CRMA_LGA,1,3,490996.77929392667,0.0,487557.63
3282,CMD-054,PPGI_CRMA_LGA,1,4,485796.77929392667,0.0,482357.63
3283,CMD-054,PPGI_CRMA_LGA,1,4,490996.77929392667,0.0,484118.47
3284,CMD-054,PPGI_CRMA_LGA,1,3,490996.77929392667,0.0,490996.78
3285,CMD-054,PPGI_CRMA_LGA,1,4,485796.77929392667,0.0,485796.78
3286,CMD-054,PPGI_CRMA_LGA,1,4,490996.77929392667,0.0,487557.63
3287,CMD-054,PPGI_CRMA_LGA,1,4,490996.77929392667,0.0,490996.78
3288,CMD-054,PPGI_CRMA_LGA,2,2,490996.77929392667,0.0,490996.78
3289,CMD-054,PPGI_CRMA_LGA,2,3,485796.77929392667,0.0,485796.78
3290,CMD-054,PPGI_CRMA_LGA,2,4,480596.77929392667,0.0,480596.78
3291,CMD-054,PPGI_CRMA_LGA,2,3,490996.77929392667,0.0,487557.63
3292,CMD-054,PPGI_CRMA_LGA,2,4,485796.77929392667,0.0,482357.63
3293,CMD-054,PPGI_CRMA_LGA,2,4,490996.77929392667,0.0,484118.47
3294,CMD-054,PPGI_CRMA_LGA,2,3,490996.77929392667,0.0,490996.78
3295,CMD-054,PPGI_CRMA_LGA,2,4,485796.77929392667,0.0,485796.78
3296,CMD-054,PPGI_CRMA_LGA,2,4,490996.77929392667,0.0,487557.63
3297,CMD-054,PPGI_CRMA_LGA,2,4,490996.77929392667,0.0,490996.78
3298,CMD-054,PPGI_CRMA_LGA,3,3,490996.77929392667,0.0,490996.78
3299,CMD-054,PPGI_CRMA_LGA,3,4,485796.77929392667,0.0,485796.78
3300,CMD-054,PPGI_CRMA_LGA,3,4,490996.77929392667,0.0,487557.63
3301,CMD-054,PPGI_CRMA_LGA,3,4,490996.77929392667,0.0,490996.78
3302,CMD-054,PPGI_CRMA_LGA,4,4,490996.77929392667,0.0,490996.78
3303,CMD-054,PPGI_CRMB_LGA,1,1,497452.9227159921,0.0,497452.92
3304,CMD-054,PPGI_CRMB_LGA,1,2,492252.9227159921,0.0,492252.92
3305,CMD-054,PPGI_CRMB_LGA,1,3,487052.9227159921,0.0,487052.92
3306,CMD-054,PPGI_CRMB_LGA,1,4,481852.9227159921,0.0,481852.92
3307,CMD-054,PPGI_CRMB_LGA,1,2,497452.9227159921,0.0,494013.77
3308,CMD-054,PPGI_CRMB_LGA,1,3,492252.9227159921,0.0,488813.77
3309,CMD-054,PPGI_CRMB_LGA,1,4,487052.9227159921,0.0,483613.77
3310,CMD-054,PPGI_CRMB_LGA,1,3,497452.9227159921,0.0,490574.62
3311,CMD-054,PPGI_CRMB_LGA,1,4,492252.9227159921,0.0,485374.62
3312,CMD-054,PPGI_CRMB_LGA,1,4,497452.9227159921,0.0,487135.46
3313,CMD-054,PPGI_CRMB_LGA,1,2,497452.9227159921,0.0,497452.92
3314,CMD-054,PPGI_CRMB_LGA,1,3,492252.9227159921,0.0,492252.92
3315,CMD-054,PPGI_CRMB_LGA,1,4,487052.9227159921,0.0,487052.92
3316,CMD-054,PPGI_CRMB_LGA,1,3,497452.9227159921,0.0,494013.77
3317,CMD-054,PPGI_CRMB_LGA,1,4,492252.9227159921,0.0,488813.77
3318,CMD-054,PPGI_CRMB_LGA,1,4,497452.9227159921,0.0,490574.62
3319,CMD-054,PPGI_CRMB_LGA,1,3,497452.9227159921,0.0,497452.92
3320,CMD-054,PPGI_CRMB_LGA,1,4,492252.9227159921,0.0,492252.92
3321,CMD-054,PPGI_CRMB_LGA,1,4,497452.9227159921,0.0,494013.77
3322,CMD-054,PPGI_CRMB_LGA,1,4,497452.9227159921,0.0,497452.92
3323,CMD-054,PPGI_CRMB_LGA,2,2,497452.9227159921,0.0,497452.92
3324,CMD-054,PPGI_CRMB_LGA,2,3,492252.9227159921,0.0,492252.92
3325,CMD-054,PPGI_CRMB_LGA,2,4,487052.9227159921,0.0,487052.92
3326,CMD-054,PPGI_CRMB_LGA,2,3,497452.9227159921,0.0,494013.77
3327,CMD-054,PPGI_CRMB_LGA,2,4,492252.9227159921,0.0,488813.77
3328,CMD-054,PPGI_CRMB_LGA,2,4,497452.9227159921,0.0,490574.62
3329,CMD-054,PPGI_CRMB_LGA,2,3,497452.9227159921,0.0,497452.92
3330,CMD-054,PPGI_CRMB_LGA,2,4,492252.9227159921,0.0,492252.92
3331,CMD-054,PPGI_CRMB_LGA,2,4,497452.9227159921,0.0,494013.77
3332,CMD-054,PPGI_CRMB_LGA,2,4,497452.9227159921,0.0,497452.92
3333,CMD-054,PPGI_CRMB_LGA,3,3,497452.9227159921,0.0,497452.92
3334,CMD-054,PPGI_CRMB_LGA,3,4,492252.9227159921,0.0,492252.92
3335,CMD-054,PPGI_CRMB_LGA,3,4,497452.9227159921,0.0,494013.77
3336,CMD-054,PPGI_CRMB_LGA,3,4,497452.9227159921,0.0,497452.92
3337,CMD-054,PPGI_CRMB_LGA,4,4,497452.9227159921,1.0,497452.92
3338,CMD-055,CRC_CRMB_BAF_SKP,1,1,341476.0631097327,0.0,341476.06
3339,CMD-055,CRC_CRMB_BAF_SKP,1,2,332636.0631097327,0.0,349211.06
3340,CMD-055,CRC_CRMB_BAF_SKP,1,3,323796.0631097327,0.0,334846.06
3341,CMD-055,CRC_CRMB_BAF_SKP,1,4,314956.0631097327,0.0,320481.06
3342,CMD-055,CRC_CRMB_BAF_SKP,1,2,341476.0631097327,0.0,335923.3
3343,CMD-055,CRC_CRMB_BAF_SKP,1,3,332636.0631097327,0.0,321558.3
3344,CMD-055,CRC_CRMB_BAF_SKP,1,4,323796.0631097327,0.0,307193.3
3345,CMD-055,CRC_CRMB_BAF_SKP,1,3,341476.0631097327,0.0,330370.54
3346,CMD-055,CRC_CRMB_BAF_SKP,1,4,332636.0631097327,0.0,316005.54
3347,CMD-055,CRC_CRMB_BAF_SKP,1,4,341476.0631097327,0.0,324817.77
3348,CMD-055,CRC_CRMB_BAF_SKP,1,2,341476.0631097327,0.0,335867.21
3349,CMD-055,CRC_CRMB_BAF_SKP,1,3,332636.0631097327,0.0,321502.21
3350,CMD-055,CRC_CRMB_BAF_SKP,1,4,323796.0631097327,0.0,307137.21
3351,CMD-055,CRC_CRMB_BAF_SKP,1,3,341476.0631097327,0.0,330314.45
3352,CMD-055,CRC_CRMB_BAF_SKP,1,4,332636.0631097327,0.0,315949.45
3353,CMD-055,CRC_CRMB_BAF_SKP,1,4,341476.0631097327,0.0,324761.68
3354,CMD-055,CRC_CRMB_BAF_SKP,1,3,341476.0631097327,0.0,330258.36
3355,CMD-055,CRC_CRMB_BAF_SKP,1,4,332636.0631097327,0.0,315893.36
3356,CMD-055,CRC_CRMB_BAF_SKP,1,4,341476.0631097327,0.0,324705.59
3357,CMD-055,CRC_CRMB_BAF_SKP,1,4,341476.0631097327,0.0,324649.51
3358,CMD-055,CRC_CRMB_BAF_SKP,1,2,341476.0631097327,0.0,341476.06
3359,CMD-055,CRC_CRMB_BAF_SKP,1,3,332636.0631097327,0.0,327111.06
3360,CMD-055,CRC_CRMB_BAF_SKP,1,4,323796.0631097327,0.0,312746.06
3361,CMD-055,CRC_CRMB_BAF_SKP,1,3,341476.0631097327,0.0,335923.3
3362,CMD-055,CRC_CRMB_BAF_SKP,1,4,332636.0631097327,0.0,321558.3
3363,CMD-055,CRC_CRMB_BAF_SKP,1,4,341476.0631097327,0.0,330370.54
3364,CMD-055,CRC_CRMB_BAF_SKP,1,3,341476.0631097327,0.0,335867.21
3365,CMD-055,CRC_CRMB_BAF_SKP,1,4,332636.0631097327,0.0,321502.21
3366,CMD-055,CRC_CRMB_BAF_SKP,1,4,341476.0631097327,0.0,330314.45
3367,CMD-055,CRC_CRMB_BAF_SKP,1,4,341476.0631097327,0.0,330258.36
3368,CMD-055,CRC_CRMB_BAF_SKP,1,3,341476.0631097327,0.0,341476.06
3369,CMD-055,CRC_CRMB_BAF_SKP,1,4,332636.0631097327,0.0,327111.06
3370,CMD-055,CRC_CRMB_BAF_SKP,1,4,341476.0631097327,0.0,335923.3
3371,CMD-055,CRC_CRMB_BAF_SKP,1,4,341476.0631097327,0.0,335867.21
3372,CMD-055,CRC_CRMB_BAF_SKP,1,4,341476.0631097327,0.0,341476.06
3373,CMD-055,CRC_CRMB_BAF_SKP,2,2,341476.0631097327,0.0,341476.06
3374,CMD-055,CRC_CRMB_BAF_SKP,2,3,332636.0631097327,0.0,327111.06
3375,CMD-055,CRC_CRMB_BAF_SKP,2,4,323796.0631097327,0.0,312746.06
3376,CMD-055,CRC_CRMB_BAF_SKP,2,3,341476.0631097327,0.0,335923.3
3377,CMD-055,CRC_CRMB_BAF_SKP,2,4,332636.0631097327,0.0,321558.3
3378,CMD-055,CRC_CRMB_BAF_SKP,2,4,341476.0631097327,0.0,330370.54
3379,CMD-055,CRC_CRMB_BAF_SKP,2,3,341476.0631097327,0.0,335867.21
3380,CMD-055,CRC_CRMB_BAF_SKP,2,4,332636.0631097327,0.0,321502.21
3381,CMD-055,CRC_CRMB_BAF_SKP,2,4,341476.0631097327,0.0,330314.45
3382,CMD-055,CRC_CRMB_BAF_SKP,2,4,341476.0631097327,0.0,330258.36
3383,CMD-055,CRC_CRMB_BAF_SKP,2,3,341476.0631097327,0.0,341476.06
3384,CMD-055,CRC_CRMB_BAF_SKP,2,4,332636.0631097327,0.0,327111.06
3385,CMD-055,CRC_CRMB_BAF_SKP,2,4,341476.0631097327,0.0,335923.3
3386,CMD-055,CRC_CRMB_BAF_SKP,2,4,341476.0631097327,0.0,335867.21
3387,CMD-055,CRC_CRMB_BAF_SKP,2,4,341476.0631097327,0.0,341476.06
3388,CMD-055,CRC_CRMB_BAF_SKP,3,3,341476.0631097327,0.0,341476.06
3389,CMD-055,CRC_CRMB_BAF_SKP,3,4,332636.0631097327,0.0,327111.06
3390,CMD-055,CRC_CRMB_BAF_SKP,3,4,341476.0631097327,0.0,335923.3
3391,CMD-055,CRC_CRMB_BAF_SKP,3,4,341476.0631097327,0.0,335867.21
3392,CMD-055,CRC_CRMB_BAF_SKP,3,4,341476.0631097327,0.0,341476.06
3393,CMD-055,CRC_CRMB_BAF_SKP,4,4,341476.0631097327,0.0,341476.06
3394,CMD-056,CRC_CRMB_BAF_SKP,1,1,251230.28468732897,0.0,251230.28
3395,CMD-056,CRC_CRMB_BAF_SKP,1,2,245710.28468732897,0.0,256060.28
3396,CMD-056,CRC_CRMB_BAF_SKP,1,3,240190.28468732897,0.0,247090.28
3397,CMD-056,CRC_CRMB_BAF_SKP,1,4,234670.28468732897,0.0,238120.28
3398,CMD-056,CRC_CRMB_BAF_SKP,1,2,251230.28468732897,0.0,247762.95
3399,CMD-056,CRC_CRMB_BAF_SKP,1,3,245710.28468732897,0.0,238792.95
3400,CMD-056,CRC_CRMB_BAF_SKP,1,4,240190.28468732897,0.0,229822.95
3401,CMD-056,CRC_CRMB_BAF_SKP,1,3,251230.28468732897,0.0,244295.61
3402,CMD-056,CRC_CRMB_BAF_SKP,1,4,245710.28468732897,0.0,235325.61
3403,CMD-056,CRC_CRMB_BAF_SKP,1,4,251230.28468732897,0.0,240828.27
3404,CMD-056,CRC_CRMB_BAF_SKP,1,2,251230.28468732897,0.0,247727.92
3405,CMD-056,CRC_CRMB_BAF_SKP,1,3,245710.28468732897,0.0,238757.92
3406,CMD-056,CRC_CRMB_BAF_SKP,1,4,240190.28468732897,0.0,229787.92
3407,CMD-056,CRC_CRMB_BAF_SKP,1,3,251230.28468732897,0.0,244260.59
3408,CMD-056,CRC_CRMB_BAF_SKP,1,4,245710.28468732897,0.0,235290.59
3409,CMD-056,CRC_CRMB_BAF_SKP,1,4,251230.28468732897,0.0,240793.25
3410,CMD-056,CRC_CRMB_BAF_SKP,1,3,251230.28468732897,0.0,244225.56
3411,CMD-056,CRC_CRMB_BAF_SKP,1,4,245710.28468732897,0.0,235255.56
3412,CMD-056,CRC_CRMB_BAF_SKP,1,4,251230.28468732897,0.0,240758.23
3413,CMD-056,CRC_CRMB_BAF_SKP,1,4,251230.28468732897,0.0,240723.2
3414,CMD-056,CRC_CRMB_BAF_SKP,1,2,251230.28468732897,0.0,251230.28
3415,CMD-056,CRC_CRMB_BAF_SKP,1,3,245710.28468732897,0.0,242260.28
3416,CMD-056,CRC_CRMB_BAF_SKP,1,4,240190.28468732897,0.0,233290.28
3417,CMD-056,CRC_CRMB_BAF_SKP,1,3,251230.28468732897,0.0,247762.95
3418,CMD-056,CRC_CRMB_BAF_SKP,1,4,245710.28468732897,0.0,238792.95
3419,CMD-056,CRC_CRMB_BAF_SKP,1,4,251230.28468732897,0.0,244295.61
3420,CMD-056,CRC_CRMB_BAF_SKP,1,3,251230.28468732897,0.0,247727.92
3421,CMD-056,CRC_CRMB_BAF_SKP,1,4,245710.28468732897,0.0,238757.92
3422,CMD-056,CRC_CRMB_BAF_SKP,1,4,251230.28468732897,0.0,244260.59
3423,CMD-056,CRC_CRMB_BAF_SKP,1,4,251230.28468732897,0.0,244225.56
3424,CMD-056,CRC_CRMB_BAF_SKP,1,3,251230.28468732897,0.0,251230.28
3425,CMD-056,CRC_CRMB_BAF_SKP,1,4,245710.28468732897,0.0,242260.28
3426,CMD-056,CRC_CRMB_BAF_SKP,1,4,251230.28468732897,0.0,247762.95
3427,CMD-056,CRC_CRMB_BAF_SKP,1,4,251230.28468732897,0.0,247727.92
3428,CMD-056,CRC_CRMB_BAF_SKP,1,4,251230.28468732897,0.0,251230.28
3429,CMD-056,CRC_CRMB_BAF_SKP,2,2,251230.28468732897,0.0,251230.28
3430,CMD-056,CRC_CRMB_BAF_SKP,2,3,245710.28468732897,0.0,242260.28
3431,CMD-056,CRC_CRMB_BAF_SKP,2,4,240190.28468732897,0.0,233290.28
3432,CMD-056,CRC_CRMB_BAF_SKP,2,3,251230.28468732897,0.0,247762.95
3433,CMD-056,CRC_CRMB_BAF_SKP,2,4,245710.28468732897,0.0,238792.95
3434,CMD-056,CRC_CRMB_BAF_SKP,2,4,251230.28468732897,0.0,244295.61
3435,CMD-056,CRC_CRMB_BAF_SKP,2,3,251230.28468732897,0.0,247727.92
3436,CMD-056,CRC_CRMB_BAF_SKP,2,4,245710.28468732897,0.0,238757.92
3437,CMD-056,CRC_CRMB_BAF_SKP,2,4,251230.28468732897,0.0,244260.59
3438,CMD-056,CRC_CRMB_BAF_SKP,2,4,251230.28468732897,0.0,244225.56
3439,CMD-056,CRC_CRMB_BAF_SKP,2,3,251230.28468732897,0.0,251230.28
3440,CMD-056,CRC_CRMB_BAF_SKP,2,4,245710.28468732897,0.0,242260.28
3441,CMD-056,CRC_CRMB_BAF_SKP,2,4,251230.28468732897,0.0,247762.95
3442,CMD-056,CRC_CRMB_BAF_SKP,2,4,251230.28468732897,0.0,247727.92
3443,CMD-056,CRC_CRMB_BAF_SKP,2,4,251230.28468732897,0.0,251230.28
3444,CMD-056,CRC_CRMB_BAF_SKP,3,3,251230.28468732897,0.0,251230.28
3445,CMD-056,CRC_CRMB_BAF_SKP,3,4,245710.28468732897,0.0,242260.28
3446,CMD-056,CRC_CRMB_BAF_SKP,3,4,251230.28468732897,0.0,247762.95
3447,CMD-056,CRC_CRMB_BAF_SKP,3,4,251230.28468732897,0.0,247727.92
3448,CMD-056,CRC_CRMB_BAF_SKP,3,4,251230.28468732897,0.0,251230.28
3449,CMD-056,CRC_CRMB_BAF_SKP,4,4,251230.28468732897,1.0,251230.28
3450,CMD-057,BACR_B_CRMA_LGA,1,1,290825.18167044676,0.0,290825.18
3451,CMD-057,BACR_B_CRMA_LGA,1,2,285545.18167044676,0.0,285545.18
3452,CMD-057,BACR_B_CRMA_LGA,1,3,280265.18167044676,0.0,280265.18
3453,CMD-057,BACR_B_CRMA_LGA,1,4,274985.18167044676,0.0,274985.18
3454,CMD-057,BACR_B_CRMA_LGA,1,2,290825.18167044676,0.0,287333.12
3455,CMD-057,BACR_B_CRMA_LGA,1,3,285545.18167044676,0.0,282053.12
3456,CMD-057,BACR_B_CRMA_LGA,1,4,280265.18167044676,0.0,276773.12
3457,CMD-057,BACR_B_CRMA_LGA,1,3,290825.18167044676,0.0,283841.05
3458,CMD-057,BACR_B_CRMA_LGA,1,4,285545.18167044676,0.0,278561.05
3459,CMD-057,BACR_B_CRMA_LGA,1,4,290825.18167044676,0.0,280348.99
3460,CMD-057,BACR_B_CRMA_LGA,1,2,290825.18167044676,0.0,290825.18
3461,CMD-057,BACR_B_CRMA_LGA,1,3,285545.18167044676,0.0,285545.18
3462,CMD-057,BACR_B_CRMA_LGA,1,4,280265.18167044676,0.0,280265.18
3463,CMD-057,BACR_B_CRMA_LGA,1,3,290825.18167044676,0.0,287333.12
3464,CMD-057,BACR_B_CRMA_LGA,1,4,285545.18167044676,0.0,282053.12
3465,CMD-057,BACR_B_CRMA_LGA,1,4,290825.18167044676,0.0,283841.05
3466,CMD-057,BACR_B_CRMA_LGA,1,3,290825.18167044676,0.0,290825.18
3467,CMD-057,BACR_B_CRMA_LGA,1,4,285545.18167044676,0.0,285545.18
3468,CMD-057,BACR_B_CRMA_LGA,1,4,290825.18167044676,0.0,287333.12
3469,CMD-057,BACR_B_CRMA_LGA,1,4,290825.18167044676,0.0,290825.18
3470,CMD-057,BACR_B_CRMA_LGA,2,2,290825.18167044676,0.0,290825.18
3471,CMD-057,BACR_B_CRMA_LGA,2,3,285545.18167044676,0.0,285545.18
3472,CMD-057,BACR_B_CRMA_LGA,2,4,280265.18167044676,0.0,280265.18
3473,CMD-057,BACR_B_CRMA_LGA,2,3,290825.18167044676,0.0,287333.12
3474,CMD-057,BACR_B_CRMA_LGA,2,4,285545.18167044676,0.0,282053.12
3475,CMD-057,BACR_B_CRMA_LGA,2,4,290825.18167044676,0.0,283841.05
3476,CMD-057,BACR_B_CRMA_LGA,2,3,290825.18167044676,0.0,290825.18
3477,CMD-057,BACR_B_CRMA_LGA,2,4,285545.18167044676,0.0,285545.18
3478,CMD-057,BACR_B_CRMA_LGA,2,4,290825.18167044676,0.0,287333.12
3479,CMD-057,BACR_B_CRMA_LGA,2,4,290825.18167044676,0.0,290825.18
3480,CMD-057,BACR_B_CRMA_LGA,3,3,290825.18167044676,0.0,290825.18
3481,CMD-057,BACR_B_CRMA_LGA,3,4,285545.18167044676,0.0,285545.18
3482,CMD-057,BACR_B_CRMA_LGA,3,4,290825.18167044676,0.0,287333.12
3483,CMD-057,BACR_B_CRMA_LGA,3,4,290825.18167044676,0.0,290825.18
3484,CMD-057,BACR_B_CRMA_LGA,4,4,290825.18167044676,0.0,290825.18
3485,CMD-057,BACR_B_CRMB_LGA,1,1,297277.31912378996,0.0,297277.32
3486,CMD-057,BACR_B_CRMB_LGA,1,2,291997.31912378996,0.0,291997.32
3487,CMD-057,BACR_B_CRMB_LGA,1,3,286717.31912378996,0.0,286717.32
3488,CMD-057,BACR_B_CRMB_LGA,1,4,281437.31912378996,0.0,281437.32
3489,CMD-057,BACR_B_CRMB_LGA,1,2,297277.31912378996,0.0,293785.26
3490,CMD-057,BACR_B_CRMB_LGA,1,3,291997.31912378996,0.0,288505.26
3491,CMD-057,BACR_B_CRMB_LGA,1,4,286717.31912378996,0.0,283225.26
3492,CMD-057,BACR_B_CRMB_LGA,1,3,297277.31912378996,0.0,290293.19
3493,CMD-057,BACR_B_CRMB_LGA,1,4,291997.31912378996,0.0,285013.19
3494,CMD-057,BACR_B_CRMB_LGA,1,4,297277.31912378996,0.0,286801.13
3495,CMD-057,BACR_B_CRMB_LGA,1,2,297277.31912378996,0.0,297277.32
3496,CMD-057,BACR_B_CRMB_LGA,1,3,291997.31912378996,0.0,291997.32
3497,CMD-057,BACR_B_CRMB_LGA,1,4,286717.31912378996,0.0,286717.32
3498,CMD-057,BACR_B_CRMB_LGA,1,3,297277.31912378996,0.0,293785.26
3499,CMD-057,BACR_B_CRMB_LGA,1,4,291997.31912378996,0.0,288505.26
3500,CMD-057,BACR_B_CRMB_LGA,1,4,297277.31912378996,0.0,290293.19
3501,CMD-057,BACR_B_CRMB_LGA,1,3,297277.31912378996,0.0,297277.32
3502,CMD-057,BACR_B_CRMB_LGA,1,4,291997.31912378996,0.0,291997.32
3503,CMD-057,BACR_B_CRMB_LGA,1,4,297277.31912378996,0.0,293785.26
3504,CMD-057,BACR_B_CRMB_LGA,1,4,297277.31912378996,0.0,297277.32
3505,CMD-057,BACR_B_CRMB_LGA,2,2,297277.31912378996,0.0,297277.32
3506,CMD-057,BACR_B_CRMB_LGA,2,3,291997.31912378996,0.0,291997.32
3507,CMD-057,BACR_B_CRMB_LGA,2,4,286717.31912378996,0.0,286717.32
3508,CMD-057,BACR_B_CRMB_LGA,2,3,297277.31912378996,0.0,293785.26
3509,CMD-057,BACR_B_CRMB_LGA,2,4,291997.31912378996,0.0,288505.26
3510,CMD-057,BACR_B_CRMB_LGA,2,4,297277.31912378996,0.0,290293.19
3511,CMD-057,BACR_B_CRMB_LGA,2,3,297277.31912378996,0.0,297277.32
3512,CMD-057,BACR_B_CRMB_LGA,2,4,291997.31912378996,0.0,291997.32
3513,CMD-057,BACR_B_CRMB_LGA,2,4,297277.31912378996,0.0,293785.26
3514,CMD-057,BACR_B_CRMB_LGA,2,4,297277.31912378996,0.0,297277.32
3515,CMD-057,BACR_B_CRMB_LGA,3,3,297277.31912378996,0.0,297277.32
3516,CMD-057,BACR_B_CRMB_LGA,3,4,291997.31912378996,0.0,291997.32
3517,CMD-057,BACR_B_CRMB_LGA,3,4,297277.31912378996,0.0,293785.26
3518,CMD-057,BACR_B_CRMB_LGA,3,4,297277.31912378996,0.0,297277.32
3519,CMD-057,BACR_B_CRMB_LGA,4,4,297277.31912378996,1.0,297277.32
3520,CMD-058,CRC_CRMB_BAF_SKP,1,1,184234.4247457654,0.0,184234.42
3521,CMD-058,CRC_CRMB_BAF_SKP,1,2,180274.4247457654,0.0,187699.42
3522,CMD-058,CRC_CRMB_BAF_SKP,1,3,176314.4247457654,0.0,181264.42
3523,CMD-058,CRC_CRMB_BAF_SKP,1,4,172354.4247457654,0.0,174829.42
3524,CMD-058,CRC_CRMB_BAF_SKP,1,2,184234.4247457654,0.0,181746.99
3525,CMD-058,CRC_CRMB_BAF_SKP,1,3,180274.4247457654,0.0,175311.99
3526,CMD-058,CRC_CRMB_BAF_SKP,1,4,176314.4247457654,0.0,168876.99
3527,CMD-058,CRC_CRMB_BAF_SKP,1,3,184234.4247457654,0.0,179259.55
3528,CMD-058,CRC_CRMB_BAF_SKP,1,4,180274.4247457654,0.0,172824.55
3529,CMD-058,CRC_CRMB_BAF_SKP,1,4,184234.4247457654,0.0,176772.11
3530,CMD-058,CRC_CRMB_BAF_SKP,1,2,184234.4247457654,0.0,181721.86
3531,CMD-058,CRC_CRMB_BAF_SKP,1,3,180274.4247457654,0.0,175286.86
3532,CMD-058,CRC_CRMB_BAF_SKP,1,4,176314.4247457654,0.0,168851.86
3533,CMD-058,CRC_CRMB_BAF_SKP,1,3,184234.4247457654,0.0,179234.42
3534,CMD-058,CRC_CRMB_BAF_SKP,1,4,180274.4247457654,0.0,172799.42
3535,CMD-058,CRC_CRMB_BAF_SKP,1,4,184234.4247457654,0.0,176746.99
3536,CMD-058,CRC_CRMB_BAF_SKP,1,3,184234.4247457654,0.0,179209.3
3537,CMD-058,CRC_CRMB_BAF_SKP,1,4,180274.4247457654,0.0,172774.3
3538,CMD-058,CRC_CRMB_BAF_SKP,1,4,184234.4247457654,0.0,176721.86
3539,CMD-058,CRC_CRMB_BAF_SKP,1,4,184234.4247457654,0.0,176696.74
3540,CMD-058,CRC_CRMB_BAF_SKP,1,2,184234.4247457654,0.0,184234.42
3541,CMD-058,CRC_CRMB_BAF_SKP,1,3,180274.4247457654,0.0,177799.42
3542,CMD-058,CRC_CRMB_BAF_SKP,1,4,176314.4247457654,0.0,171364.42
3543,CMD-058,CRC_CRMB_BAF_SKP,1,3,184234.4247457654,0.0,181746.99
3544,CMD-058,CRC_CRMB_BAF_SKP,1,4,180274.4247457654,0.0,175311.99
3545,CMD-058,CRC_CRMB_BAF_SKP,1,4,184234.4247457654,0.0,179259.55
3546,CMD-058,CRC_CRMB_BAF_SKP,1,3,184234.4247457654,0.0,181721.86
3547,CMD-058,CRC_CRMB_BAF_SKP,1,4,180274.4247457654,0.0,175286.86
3548,CMD-058,CRC_CRMB_BAF_SKP,1,4,184234.4247457654,0.0,179234.42
3549,CMD-058,CRC_CRMB_BAF_SKP,1,4,184234.4247457654,0.0,179209.3
3550,CMD-058,CRC_CRMB_BAF_SKP,1,3,184234.4247457654,0.0,184234.42
3551,CMD-058,CRC_CRMB_BAF_SKP,1,4,180274.4247457654,0.0,177799.42
3552,CMD-058,CRC_CRMB_BAF_SKP,1,4,184234.4247457654,0.0,181746.99
3553,CMD-058,CRC_CRMB_BAF_SKP,1,4,184234.4247457654,0.0,181721.86
3554,CMD-058,CRC_CRMB_BAF_SKP,1,4,184234.4247457654,0.0,184234.42
3555,CMD-058,CRC_CRMB_BAF_SKP,2,2,184234.4247457654,0.0,184234.42
3556,CMD-058,CRC_CRMB_BAF_SKP,2,3,180274.4247457654,0.0,177799.42
3557,CMD-058,CRC_CRMB_BAF_SKP,2,4,176314.4247457654,0.0,171364.42
3558,CMD-058,CRC_CRMB_BAF_SKP,2,3,184234.4247457654,0.0,181746.99
3559,CMD-058,CRC_CRMB_BAF_SKP,2,4,180274.4247457654,0.0,175311.99
3560,CMD-058,CRC_CRMB_BAF_SKP,2,4,184234.4247457654,0.0,179259.55
3561,CMD-058,CRC_CRMB_BAF_SKP,2,3,184234.4247457654,0.0,181721.86
3562,CMD-058,CRC_CRMB_BAF_SKP,2,4,180274.4247457654,0.0,175286.86
3563,CMD-058,CRC_CRMB_BAF_SKP,2,4,184234.4247457654,0.0,179234.42
3564,CMD-058,CRC_CRMB_BAF_SKP,2,4,184234.4247457654,0.0,179209.3
3565,CMD-058,CRC_CRMB_BAF_SKP,2,3,184234.4247457654,0.0,184234.42
3566,CMD-058,CRC_CRMB_BAF_SKP,2,4,180274.4247457654,0.0,177799.42
3567,CMD-058,CRC_CRMB_BAF_SKP,2,4,184234.4247457654,0.0,181746.99
3568,CMD-058,CRC_CRMB_BAF_SKP,2,4,184234.4247457654,0.0,181721.86
3569,CMD-058,CRC_CRMB_BAF_SKP,2,4,184234.4247457654,0.0,184234.42
3570,CMD-058,CRC_CRMB_BAF_SKP,3,3,184234.4247457654,0.0,184234.42
3571,CMD-058,CRC_CRMB_BAF_SKP,3,4,180274.4247457654,0.0,177799.42
3572,CMD-058,CRC_CRMB_BAF_SKP,3,4,184234.4247457654,0.0,181746.99
3573,CMD-058,CRC_CRMB_BAF_SKP,3,4,184234.4247457654,0.0,181721.86
3574,CMD-058,CRC_CRMB_BAF_SKP,3,4,184234.4247457654,0.0,184234.42
3575,CMD-058,CRC_CRMB_BAF_SKP,4,4,184234.4247457654,0.0,184234.42
3576,CMD-059,CRC_CRMB_BAF_SKP,1,1,266013.93300351454,0.0,266013.93
3577,CMD-059,CRC_CRMB_BAF_SKP,1,2,260533.93300351454,0.0,270808.93
3578,CMD-059,CRC_CRMB_BAF_SKP,1,3,255053.93300351454,0.0,261903.93
3579,CMD-059,CRC_CRMB_BAF_SKP,1,4,249573.93300351454,0.0,252998.93
3580,CMD-059,CRC_CRMB_BAF_SKP,1,2,266013.93300351454,0.0,262571.72
3581,CMD-059,CRC_CRMB_BAF_SKP,1,3,260533.93300351454,0.0,253666.72
3582,CMD-059,CRC_CRMB_BAF_SKP,1,4,255053.93300351454,0.0,244761.72
3583,CMD-059,CRC_CRMB_BAF_SKP,1,3,266013.93300351454,0.0,259129.51
3584,CMD-059,CRC_CRMB_BAF_SKP,1,4,260533.93300351454,0.0,250224.51
3585,CMD-059,CRC_CRMB_BAF_SKP,1,4,266013.93300351454,0.0,255687.3
3586,CMD-059,CRC_CRMB_BAF_SKP,1,2,266013.93300351454,0.0,262536.95
3587,CMD-059,CRC_CRMB_BAF_SKP,1,3,260533.93300351454,0.0,253631.95
3588,CMD-059,CRC_CRMB_BAF_SKP,1,4,255053.93300351454,0.0,244726.95
3589,CMD-059,CRC_CRMB_BAF_SKP,1,3,266013.93300351454,0.0,259094.74
3590,CMD-059,CRC_CRMB_BAF_SKP,1,4,260533.93300351454,0.0,250189.74
3591,CMD-059,CRC_CRMB_BAF_SKP,1,4,266013.93300351454,0.0,255652.53
3592,CMD-059,CRC_CRMB_BAF_SKP,1,3,266013.93300351454,0.0,259059.97
3593,CMD-059,CRC_CRMB_BAF_SKP,1,4,260533.93300351454,0.0,250154.97
3594,CMD-059,CRC_CRMB_BAF_SKP,1,4,266013.93300351454,0.0,255617.76
3595,CMD-059,CRC_CRMB_BAF_SKP,1,4,266013.93300351454,0.0,255582.99
3596,CMD-059,CRC_CRMB_BAF_SKP,1,2,266013.93300351454,0.0,266013.93
3597,CMD-059,CRC_CRMB_BAF_SKP,1,3,260533.93300351454,0.0,257108.93
3598,CMD-059,CRC_CRMB_BAF_SKP,1,4,255053.93300351454,0.0,248203.93
3599,CMD-059,CRC_CRMB_BAF_SKP,1,3,266013.93300351454,0.0,262571.72
3600,CMD-059,CRC_CRMB_BAF_SKP,1,4,260533.93300351454,0.0,253666.72
3601,CMD-059,CRC_CRMB_BAF_SKP,1,4,266013.93300351454,0.0,259129.51
3602,CMD-059,CRC_CRMB_BAF_SKP,1,3,266013.93300351454,0.0,262536.95
3603,CMD-059,CRC_CRMB_BAF_SKP,1,4,260533.93300351454,0.0,253631.95
3604,CMD-059,CRC_CRMB_BAF_SKP,1,4,266013.93300351454,0.0,259094.74
3605,CMD-059,CRC_CRMB_BAF_SKP,1,4,266013.93300351454,0.0,259059.97
3606,CMD-059,CRC_CRMB_BAF_SKP,1,3,266013.93300351454,0.0,266013.93
3607,CMD-059,CRC_CRMB_BAF_SKP,1,4,260533.93300351454,0.0,257108.93
3608,CMD-059,CRC_CRMB_BAF_SKP,1,4,266013.93300351454,0.0,262571.72
3609,CMD-059,CRC_CRMB_BAF_SKP,1,4,266013.93300351454,0.0,262536.95
3610,CMD-059,CRC_CRMB_BAF_SKP,1,4,266013.93300351454,0.0,266013.93
3611,CMD-059,CRC_CRMB_BAF_SKP,2,2,266013.93300351454,0.0,266013.93
3612,CMD-059,CRC_CRMB_BAF_SKP,2,3,260533.93300351454,0.0,257108.93
3613,CMD-059,CRC_CRMB_BAF_SKP,2,4,255053.93300351454,0.0,248203.93
3614,CMD-059,CRC_CRMB_BAF_SKP,2,3,266013.93300351454,0.0,262571.72
3615,CMD-059,CRC_CRMB_BAF_SKP,2,4,260533.93300351454,0.0,253666.72
3616,CMD-059,CRC_CRMB_BAF_SKP,2,4,266013.93300351454,0.0,259129.51
3617,CMD-059,CRC_CRMB_BAF_SKP,2,3,266013.93300351454,0.0,262536.95
3618,CMD-059,CRC_CRMB_BAF_SKP,2,4,260533.93300351454,0.0,253631.95
3619,CMD-059,CRC_CRMB_BAF_SKP,2,4,266013.93300351454,0.0,259094.74
3620,CMD-059,CRC_CRMB_BAF_SKP,2,4,266013.93300351454,0.0,259059.97
3621,CMD-059,CRC_CRMB_BAF_SKP,2,3,266013.93300351454,0.0,266013.93
3622,CMD-059,CRC_CRMB_BAF_SKP,2,4,260533.93300351454,0.0,257108.93
3623,CMD-059,CRC_CRMB_BAF_SKP,2,4,266013.93300351454,0.0,262571.72
3624,CMD-059,CRC_CRMB_BAF_SKP,2,4,266013.93300351454,0.0,262536.95
3625,CMD-059,CRC_CRMB_BAF_SKP,2,4,266013.93300351454,1.0,266013.93
3626,CMD-059,CRC_CRMB_BAF_SKP,3,3,266013.93300351454,0.0,266013.93
3627,CMD-059,CRC_CRMB_BAF_SKP,3,4,260533.93300351454,0.0,257108.93
3628,CMD-059,CRC_CRMB_BAF_SKP,3,4,266013.93300351454,0.0,262571.72
3629,CMD-059,CRC_CRMB_BAF_SKP,3,4,266013.93300351454,0.0,262536.95
3630,CMD-059,CRC_CRMB_BAF_SKP,3,4,266013.93300351454,0.0,266013.93
3631,CMD-059,CRC_CRMB_BAF_SKP,4,4,266013.93300351454,0.0,266013.93
3632,CMD-060,CRC_CRMB_BAF_SKP,1,1,391665.9548952886,0.0,391665.95
3633,CMD-060,CRC_CRMB_BAF_SKP,1,2,382145.9548952886,0.0,399995.95
3634,CMD-060,CRC_CRMB_BAF_SKP,1,3,372625.9548952886,0.0,384525.95
3635,CMD-060,CRC_CRMB_BAF_SKP,1,4,363105.9548952886,0.0,369055.95
3636,CMD-060,CRC_CRMB_BAF_SKP,1,2,391665.9548952886,0.0,385686.06
3637,CMD-060,CRC_CRMB_BAF_SKP,1,3,382145.9548952886,0.0,370216.06
3638,CMD-060,CRC_CRMB_BAF_SKP,1,4,372625.9548952886,0.0,354746.06
3639,CMD-060,CRC_CRMB_BAF_SKP,1,3,391665.9548952886,0.0,379706.16
3640,CMD-060,CRC_CRMB_BAF_SKP,1,4,382145.9548952886,0.0,364236.16
3641,CMD-060,CRC_CRMB_BAF_SKP,1,4,391665.9548952886,0.0,373726.26
3642,CMD-060,CRC_CRMB_BAF_SKP,1,2,391665.9548952886,0.0,385625.65
3643,CMD-060,CRC_CRMB_BAF_SKP,1,3,382145.9548952886,0.0,370155.65
3644,CMD-060,CRC_CRMB_BAF_SKP,1,4,372625.9548952886,0.0,354685.65
3645,CMD-060,CRC_CRMB_BAF_SKP,1,3,391665.9548952886,0.0,379645.75
3646,CMD-060,CRC_CRMB_BAF_SKP,1,4,382145.9548952886,0.0,364175.75
3647,CMD-060,CRC_CRMB_BAF_SKP,1,4,391665.9548952886,0.0,373665.85
3648,CMD-060,CRC_CRMB_BAF_SKP,1,3,391665.9548952886,0.0,379585.35
3649,CMD-060,CRC_CRMB_BAF_SKP,1,4,382145.9548952886,0.0,364115.35
3650,CMD-060,CRC_CRMB_BAF_SKP,1,4,391665.9548952886,0.0,373605.45
3651,CMD-060,CRC_CRMB_BAF_SKP,1,4,391665.9548952886,0.0,373545.05
3652,CMD-060,CRC_CRMB_BAF_SKP,1,2,391665.9548952886,0.0,391665.95
3653,CMD-060,CRC_CRMB_BAF_SKP,1,3,382145.9548952886,0.0,376195.95
3654,CMD-060,CRC_CRMB_BAF_SKP,1,4,372625.9548952886,0.0,360725.95
3655,CMD-060,CRC_CRMB_BAF_SKP,1,3,391665.9548952886,0.0,385686.06
3656,CMD-060,CRC_CRMB_BAF_SKP,1,4,382145.9548952886,0.0,370216.06
3657,CMD-060,CRC_CRMB_BAF_SKP,1,4,391665.9548952886,0.0,379706.16
3658,CMD-060,CRC_CRMB_BAF_SKP,1,3,391665.9548952886,0.0,385625.65
3659,CMD-060,CRC_CRMB_BAF_SKP,1,4,382145.9548952886,0.0,370155.65
3660,CMD-060,CRC_CRMB_BAF_SKP,1,4,391665.9548952886,0.0,379645.75
3661,CMD-060,CRC_CRMB_BAF_SKP,1,4,391665.9548952886,0.0,379585.35
3662,CMD-060,CRC_CRMB_BAF_SKP,1,3,391665.9548952886,0.0,391665.95
3663,CMD-060,CRC_CRMB_BAF_SKP,1,4,382145.9548952886,0.0,376195.95
3664,CMD-060,CRC_CRMB_BAF_SKP,1,4,391665.9548952886,0.0,385686.06
3665,CMD-060,CRC_CRMB_BAF_SKP,1,4,391665.9548952886,0.0,385625.65
3666,CMD-060,CRC_CRMB_BAF_SKP,1,4,391665.9548952886,0.0,391665.95
3667,CMD-060,CRC_CRMB_BAF_SKP,2,2,391665.9548952886,0.0,391665.95
3668,CMD-060,CRC_CRMB_BAF_SKP,2,3,382145.9548952886,0.0,376195.95
3669,CMD-060,CRC_CRMB_BAF_SKP,2,4,372625.9548952886,0.0,360725.95
3670,CMD-060,CRC_CRMB_BAF_SKP,2,3,391665.9548952886,0.0,385686.06
3671,CMD-060,CRC_CRMB_BAF_SKP,2,4,382145.9548952886,0.0,370216.06
3672,CMD-060,CRC_CRMB_BAF_SKP,2,4,391665.9548952886,0.0,379706.16
3673,CMD-060,CRC_CRMB_BAF_SKP,2,3,391665.9548952886,0.0,385625.65
3674,CMD-060,CRC_CRMB_BAF_SKP,2,4,382145.9548952886,0.0,370155.65
3675,CMD-060,CRC_CRMB_BAF_SKP,2,4,391665.9548952886,0.0,379645.75
3676,CMD-060,CRC_CRMB_BAF_SKP,2,4,391665.9548952886,0.0,379585.35
3677,CMD-060,CRC_CRMB_BAF_SKP,2,3,391665.9548952886,0.0,391665.95
3678,CMD-060,CRC_CRMB_BAF_SKP,2,4,382145.9548952886,0.0,376195.95
3679,CMD-060,CRC_CRMB_BAF_SKP,2,4,391665.9548952886,0.0,385686.06
3680,CMD-060,CRC_CRMB_BAF_SKP,2,4,391665.9548952886,0.0,385625.65
3681,CMD-060,CRC_CRMB_BAF_SKP,2,4,391665.9548952886,0.0,391665.95
3682,CMD-060,CRC_CRMB_BAF_SKP,3,3,391665.9548952886,0.0,391665.95
3683,CMD-060,CRC_CRMB_BAF_SKP,3,4,382145.9548952886,0.0,376195.95
3684,CMD-060,CRC_CRMB_BAF_SKP,3,4,391665.9548952886,0.0,385686.06
3685,CMD-060,CRC_CRMB_BAF_SKP,3,4,391665.9548952886,0.0,385625.65
3686,CMD-060,CRC_CRMB_BAF_SKP,3,4,391665.9548952886,0.0,391665.95
3687,CMD-060,CRC_CRMB_BAF_SKP,4,4,391665.9548952886,1.0,391665.95
3688,CMD-061,HDG_CRMA_LGA,1,1,1524133.02617921,0.0,1524133.0
3689,CMD-061,HDG_CRMA_LGA,1,2,1173133.02617921,0.0,1173133.0
3690,CMD-061,HDG_CRMA_LGA,1,3,822133.02617921,0.0,822133.03
3691,CMD-061,HDG_CRMA_LGA,1,4,471133.02617921005,0.0,471133.03
3692,CMD-061,HDG_CRMA_LGA,1,2,1199133.02617921,0.0,1181937.3
3693,CMD-061,HDG_CRMA_LGA,1,3,848133.02617921,0.0,830937.26
3694,CMD-061,HDG_CRMA_LGA,1,4,497133.02617921005,0.0,479937.26
3695,CMD-061,HDG_CRMA_LGA,1,3,874133.02617921,0.0,839741.49
3696,CMD-061,HDG_CRMA_LGA,1,4,523133.02617921005,0.0,488741.49
3697,CMD-061,HDG_CRMA_LGA,1,4,549133.02617921,0.0,497545.72
3698,CMD-061,HDG_CRMA_LGA,1,2,1199133.02617921,0.0,1199133.0
3699,CMD-061,HDG_CRMA_LGA,1,3,848133.02617921,0.0,848133.03
3700,CMD-061,HDG_CRMA_LGA,1,4,497133.02617921005,0.0,497133.03
3701,CMD-061,HDG_CRMA_LGA,1,3,874133.02617921,0.0,856937.26
3702,CMD-061,HDG_CRMA_LGA,1,4,523133.02617921005,0.0,505937.26
3703,CMD-061,HDG_CRMA_LGA,1,4,549133.02617921,0.0,514741.49
3704,CMD-061,HDG_CRMA_LGA,1,3,874133.02617921,0.0,874133.03
3705,CMD-061,HDG_CRMA_LGA,1,4,523133.02617921005,0.0,523133.03
3706,CMD-061,HDG_CRMA_LGA,1,4,549133.02617921,0.0,531937.26
3707,CMD-061,HDG_CRMA_LGA,1,4,549133.02617921,0.0,549133.03
3708,CMD-061,HDG_CRMA_LGA,2,2,1199133.02617921,0.0,1199133.0
3709,CMD-061,HDG_CRMA_LGA,2,3,848133.02617921,0.0,848133.03
3710,CMD-061,HDG_CRMA_LGA,2,4,497133.02617921005,0.0,497133.03
3711,CMD-061,HDG_CRMA_LGA,2,3,874133.02617921,0.0,856937.26
3712,CMD-061,HDG_CRMA_LGA,2,4,523133.02617921005,0.0,505937.26
3713,CMD-061,HDG_CRMA_LGA,2,4,549133.02617921,0.0,514741.49
3714,CMD-061,HDG_CRMA_LGA,2,3,874133.02617921,0.0,874133.03
3715,CMD-061,HDG_CRMA_LGA,2,4,523133.02617921005,0.0,523133.03
3716,CMD-061,HDG_CRMA_LGA,2,4,549133.02617921,0.0,531937.26
3717,CMD-061,HDG_CRMA_LGA,2,4,549133.02617921,0.0,549133.03
3718,CMD-061,HDG_CRMA_LGA,3,3,874133.02617921,0.0,874133.03
3719,CMD-061,HDG_CRMA_LGA,3,4,523133.02617921005,0.0,523133.03
3720,CMD-061,HDG_CRMA_LGA,3,4,549133.02617921,0.0,531937.26
3721,CMD-061,HDG_CRMA_LGA,3,4,549133.02617921,0.0,549133.03
3722,CMD-061,HDG_CRMA_LGA,4,4,549133.02617921,0.0,549133.03
3723,CMD-061,HDG_CRMB_LGA,1,1,1555595.0579812105,1.0,1555595.1
3724,CMD-061,HDG_CRMB_LGA,1,2,1204595.0579812105,0.0,1204595.1
3725,CMD-061,HDG_CRMB_LGA,1,3,853595.0579812105,0.0,853595.06
3726,CMD-061,HDG_CRMB_LGA,1,4,502595.0579812105,0.0,502595.06
3727,CMD-061,HDG_CRMB_LGA,1,2,1230595.0579812105,0.0,1213399.3
3728,CMD-061,HDG_CRMB_LGA,1,3,879595.0579812105,0.0,862399.29
3729,CMD-061,HDG_CRMB_LGA,1,4,528595.0579812105,0.0,511399.29
3730,CMD-061,HDG_CRMB_LGA,1,3,905595.0579812105,0.0,871203.52
3731,CMD-061,HDG_CRMB_LGA,1,4,554595.0579812105,0.0,520203.52
3732,CMD-061,HDG_CRMB_LGA,1,4,580595.0579812105,0.0,529007.76
3733,CMD-061,HDG_CRMB_LGA,1,2,1230595.0579812105,0.0,1230595.1
3734,CMD-061,HDG_CRMB_LGA,1,3,879595.0579812105,0.0,879595.06
3735,CMD-061,HDG_CRMB_LGA,1,4,528595.0579812105,0.0,528595.06
3736,CMD-061,HDG_CRMB_LGA,1,3,905595.0579812105,0.0,888399.29
3737,CMD-061,HDG_CRMB_LGA,1,4,554595.0579812105,0.0,537399.29
3738,CMD-061,HDG_CRMB_LGA,1,4,580595.0579812105,0.0,546203.52
3739,CMD-061,HDG_CRMB_LGA,1,3,905595.0579812105,0.0,905595.06
3740,CMD-061,HDG_CRMB_LGA,1,4,554595.0579812105,0.0,554595.06
3741,CMD-061,HDG_CRMB_LGA,1,4,580595.0579812105,0.0,563399.29
3742,CMD-061,HDG_CRMB_LGA,1,4,580595.0579812105,0.0,580595.06
3743,CMD-061,HDG_CRMB_LGA,2,2,1230595.0579812105,0.0,1230595.1
3744,CMD-061,HDG_CRMB_LGA,2,3,879595.0579812105,0.0,879595.06
3745,CMD-061,HDG_CRMB_LGA,2,4,528595.0579812105,0.0,528595.06
3746,CMD-061,HDG_CRMB_LGA,2,3,905595.0579812105,0.0,888399.29
3747,CMD-061,HDG_CRMB_LGA,2,4,554595.0579812105,0.0,537399.29
3748,CMD-061,HDG_CRMB_LGA,2,4,580595.0579812105,0.0,546203.52
3749,CMD-061,HDG_CRMB_LGA,2,3,905595.0579812105,0.0,905595.06
3750,CMD-061,HDG_CRMB_LGA,2,4,554595.0579812105,0.0,554595.06
3751,CMD-061,HDG_CRMB_LGA,2,4,580595.0579812105,0.0,563399.29
3752,CMD-061,HDG_CRMB_LGA,2,4,580595.0579812105,0.0,580595.06
3753,CMD-061,HDG_CRMB_LGA,3,3,905595.0579812105,0.0,905595.06
3754,CMD-061,HDG_CRMB_LGA,3,4,554595.0579812105,0.0,554595.06
3755,CMD-061,HDG_CRMB_LGA,3,4,580595.0579812105,0.0,563399.29
3756,CMD-061,HDG_CRMB_LGA,3,4,580595.0579812105,0.0,580595.06
3757,CMD-061,HDG_CRMB_LGA,4,4,580595.0579812105,0.0,580595.06
3758,CMD-062,HDG_CRMA_LGB,1,1,1378446.027073681,0.0,1378446.0
3759,CMD-062,HDG_CRMA_LGB,1,2,1065246.027073681,0.0,1065246.0
3760,CMD-062,HDG_CRMA_LGB,1,3,752046.0270736809,0.0,752046.03
3761,CMD-062,HDG_CRMA_LGB,1,4,438846.0270736809,0.0,438846.03
3762,CMD-062,HDG_CRMA_LGB,1,2,1088446.027073681,0.0,1073182.9
3763,CMD-062,HDG_CRMA_LGB,1,3,775246.0270736809,0.0,759982.87
3764,CMD-062,HDG_CRMA_LGB,1,4,462046.0270736809,0.0,446782.87
3765,CMD-062,HDG_CRMA_LGB,1,3,798446.0270736809,0.0,767919.71
3766,CMD-062,HDG_CRMA_LGB,1,4,485246.0270736809,0.0,454719.71
3767,CMD-062,HDG_CRMA_LGB,1,4,508446.0270736809,0.0,462656.55
3768,CMD-062,HDG_CRMA_LGB,1,2,1088446.027073681,0.0,1088446.0
3769,CMD-062,HDG_CRMA_LGB,1,3,775246.0270736809,0.0,775246.03
3770,CMD-062,HDG_CRMA_LGB,1,4,462046.0270736809,0.0,462046.03
3771,CMD-062,HDG_CRMA_LGB,1,3,798446.0270736809,0.0,783182.87
3772,CMD-062,HDG_CRMA_LGB,1,4,485246.0270736809,0.0,469982.87
3773,CMD-062,HDG_CRMA_LGB,1,4,508446.0270736809,0.0,477919.71
3774,CMD-062,HDG_CRMA_LGB,1,3,798446.0270736809,0.0,798446.03
3775,CMD-062,HDG_CRMA_LGB,1,4,485246.0270736809,0.0,485246.03
3776,CMD-062,HDG_CRMA_LGB,1,4,508446.0270736809,0.0,493182.87
3777,CMD-062,HDG_CRMA_LGB,1,4,508446.0270736809,0.0,508446.03
3778,CMD-062,HDG_CRMA_LGB,2,2,1088446.027073681,0.0,1088446.0
3779,CMD-062,HDG_CRMA_LGB,2,3,775246.0270736809,0.0,775246.03
3780,CMD-062,HDG_CRMA_LGB,2,4,462046.0270736809,0.0,462046.03
3781,CMD-062,HDG_CRMA_LGB,2,3,798446.0270736809,0.0,783182.87
3782,CMD-062,HDG_CRMA_LGB,2,4,485246.0270736809,0.0,469982.87
3783,CMD-062,HDG_CRMA_LGB,2,4,508446.0270736809,0.0,477919.71
3784,CMD-062,HDG_CRMA_LGB,2,3,798446.0270736809,0.0,798446.03
3785,CMD-062,HDG_CRMA_LGB,2,4,485246.0270736809,0.0,485246.03
3786,CMD-062,HDG_CRMA_LGB,2,4,508446.0270736809,0.0,493182.87
3787,CMD-062,HDG_CRMA_LGB,2,4,508446.0270736809,0.0,508446.03
3788,CMD-062,HDG_CRMA_LGB,3,3,798446.0270736809,0.0,798446.03
3789,CMD-062,HDG_CRMA_LGB,3,4,485246.0270736809,0.0,485246.03
3790,CMD-062,HDG_CRMA_LGB,3,4,508446.0270736809,0.0,493182.87
3791,CMD-062,HDG_CRMA_LGB,3,4,508446.0270736809,0.0,508446.03
3792,CMD-062,HDG_CRMA_LGB,4,4,508446.0270736809,0.0,508446.03
3793,CMD-062,HDG_CRMB_LGB,1,1,1406784.583092563,1.0,1406784.6
3794,CMD-062,HDG_CRMB_LGB,1,2,1093584.583092563,0.0,1093584.6
3795,CMD-062,HDG_CRMB_LGB,1,3,780384.5830925631,0.0,780384.58
3796,CMD-062,HDG_CRMB_LGB,1,4,467184.5830925631,0.0,467184.58
3797,CMD-062,HDG_CRMB_LGB,1,2,1116784.583092563,0.0,1101521.4
3798,CMD-062,HDG_CRMB_LGB,1,3,803584.5830925631,0.0,788321.43
3799,CMD-062,HDG_CRMB_LGB,1,4,490384.5830925631,0.0,475121.43
3800,CMD-062,HDG_CRMB_LGB,1,3,826784.5830925631,0.0,796258.27
3801,CMD-062,HDG_CRMB_LGB,1,4,513584.5830925631,0.0,483058.27
3802,CMD-062,HDG_CRMB_LGB,1,4,536784.5830925631,0.0,490995.11
3803,CMD-062,HDG_CRMB_LGB,1,2,1116784.583092563,0.0,1116784.6
3804,CMD-062,HDG_CRMB_LGB,1,3,803584.5830925631,0.0,803584.58
3805,CMD-062,HDG_CRMB_LGB,1,4,490384.5830925631,0.0,490384.58
3806,CMD-062,HDG_CRMB_LGB,1,3,826784.5830925631,0.0,811521.43
3807,CMD-062,HDG_CRMB_LGB,1,4,513584.5830925631,0.0,498321.43
3808,CMD-062,HDG_CRMB_LGB,1,4,536784.5830925631,0.0,506258.27
3809,CMD-062,HDG_CRMB_LGB,1,3,826784.5830925631,0.0,826784.58
3810,CMD-062,HDG_CRMB_LGB,1,4,513584.5830925631,0.0,513584.58
3811,CMD-062,HDG_CRMB_LGB,1,4,536784.5830925631,0.0,521521.43
3812,CMD-062,HDG_CRMB_LGB,1,4,536784.5830925631,0.0,536784.58
3813,CMD-062,HDG_CRMB_LGB,2,2,1116784.583092563,0.0,1116784.6
3814,CMD-062,HDG_CRMB_LGB,2,3,803584.5830925631,0.0,803584.58
3815,CMD-062,HDG_CRMB_LGB,2,4,490384.5830925631,0.0,490384.58
3816,CMD-062,HDG_CRMB_LGB,2,3,826784.5830925631,0.0,811521.43
3817,CMD-062,HDG_CRMB_LGB,2,4,513584.5830925631,0.0,498321.43
3818,CMD-062,HDG_CRMB_LGB,2,4,536784.5830925631,0.0,506258.27
3819,CMD-062,HDG_CRMB_LGB,2,3,826784.5830925631,0.0,826784.58
3820,CMD-062,HDG_CRMB_LGB,2,4,513584.5830925631,0.0,513584.58
3821,CMD-062,HDG_CRMB_LGB,2,4,536784.5830925631,0.0,521521.43
3822,CMD-062,HDG_CRMB_LGB,2,4,536784.5830925631,0.0,536784.58
3823,CMD-062,HDG_CRMB_LGB,3,3,826784.5830925631,0.0,826784.58
3824,CMD-062,HDG_CRMB_LGB,3,4,513584.5830925631,0.0,513584.58
3825,CMD-062,HDG_CRMB_LGB,3,4,536784.5830925631,0.0,521521.43
3826,CMD-062,HDG_CRMB_LGB,3,4,536784.5830925631,0.0,536784.58
3827,CMD-062,HDG_CRMB_LGB,4,4,536784.5830925631,0.0,536784.58
3828,CMD-063,PPGI_CRMA_LGA,1,1,1865531.7864020846,0.0,1865531.8
3829,CMD-063,PPGI_CRMA_LGA,1,2,1606331.7864020846,0.0,1606331.8
3830,CMD-063,PPGI_CRMA_LGA,1,3,1347131.7864020846,0.0,1347131.8
3831,CMD-063,PPGI_CRMA_LGA,1,4,1087931.7864020846,0.0,1087931.8
3832,CMD-063,PPGI_CRMA_LGA,1,2,1625531.7864020846,0.0,1612833.4
3833,CMD-063,PPGI_CRMA_LGA,1,3,1366331.7864020846,0.0,1353633.4
3834,CMD-063,PPGI_CRMA_LGA,1,4,1107131.7864020846,0.0,1094433.4
3835,CMD-063,PPGI_CRMA_LGA,1,3,1385531.7864020846,0.0,1360135.0
3836,CMD-063,PPGI_CRMA_LGA,1,4,1126331.7864020846,0.0,1100935.0
3837,CMD-063,PPGI_CRMA_LGA,1,4,1145531.7864020846,0.0,1107436.5
3838,CMD-063,PPGI_CRMA_LGA,1,2,1625531.7864020846,0.0,1625531.8
3839,CMD-063,PPGI_CRMA_LGA,1,3,1366331.7864020846,0.0,1366331.8
3840,CMD-063,PPGI_CRMA_LGA,1,4,1107131.7864020846,0.0,1107131.8
3841,CMD-063,PPGI_CRMA_LGA,1,3,1385531.7864020846,0.0,1372833.4
3842,CMD-063,PPGI_CRMA_LGA,1,4,1126331.7864020846,0.0,1113633.4
3843,CMD-063,PPGI_CRMA_LGA,1,4,1145531.7864020846,0.0,1120135.0
3844,CMD-063,PPGI_CRMA_LGA,1,3,1385531.7864020846,0.0,1385531.8
3845,CMD-063,PPGI_CRMA_LGA,1,4,1126331.7864020846,0.0,1126331.8
3846,CMD-063,PPGI_CRMA_LGA,1,4,1145531.7864020846,0.0,1132833.4
3847,CMD-063,PPGI_CRMA_LGA,1,4,1145531.7864020846,0.0,1145531.8
3848,CMD-063,PPGI_CRMA_LGA,2,2,1625531.7864020846,0.0,1625531.8
3849,CMD-063,PPGI_CRMA_LGA,2,3,1366331.7864020846,0.0,1366331.8
3850,CMD-063,PPGI_CRMA_LGA,2,4,1107131.7864020846,0.0,1107131.8
3851,CMD-063,PPGI_CRMA_LGA,2,3,1385531.7864020846,0.0,1372833.4
3852,CMD-063,PPGI_CRMA_LGA,2,4,1126331.7864020846,0.0,1113633.4
3853,CMD-063,PPGI_CRMA_LGA,2,4,1145531.7864020846,0.0,1120135.0
3854,CMD-063,PPGI_CRMA_LGA,2,3,1385531.7864020846,0.0,1385531.8
3855,CMD-063,PPGI_CRMA_LGA,2,4,1126331.7864020846,0.0,1126331.8
3856,CMD-063,PPGI_CRMA_LGA,2,4,1145531.7864020846,0.0,1132833.4
3857,CMD-063,PPGI_CRMA_LGA,2,4,1145531.7864020846,0.0,1145531.8
3858,CMD-063,PPGI_CRMA_LGA,3,3,1385531.7864020846,0.0,1385531.8
3859,CMD-063,PPGI_CRMA_LGA,3,4,1126331.7864020846,0.0,1126331.8
3860,CMD-063,PPGI_CRMA_LGA,3,4,1145531.7864020846,0.0,1132833.4
3861,CMD-063,PPGI_CRMA_LGA,3,4,1145531.7864020846,0.0,1145531.8
3862,CMD-063,PPGI_CRMA_LGA,4,4,1145531.7864020846,0.0,1145531.8
3863,CMD-063,PPGI_CRMB_LGA,1,1,1888941.5963723557,1.0,1888941.6
3864,CMD-063,PPGI_CRMB_LGA,1,2,1629741.5963723557,0.0,1629741.6
3865,CMD-063,PPGI_CRMB_LGA,1,3,1370541.5963723557,0.0,1370541.6
3866,CMD-063,PPGI_CRMB_LGA,1,4,1111341.5963723557,0.0,1111341.6
3867,CMD-063,PPGI_CRMB_LGA,1,2,1648941.5963723557,0.0,1636243.2
3868,CMD-063,PPGI_CRMB_LGA,1,3,1389741.5963723557,0.0,1377043.2
3869,CMD-063,PPGI_CRMB_LGA,1,4,1130541.5963723557,0.0,1117843.2
3870,CMD-063,PPGI_CRMB_LGA,1,3,1408941.5963723557,0.0,1383544.8
3871,CMD-063,PPGI_CRMB_LGA,1,4,1149741.5963723557,0.0,1124344.8
3872,CMD-063,PPGI_CRMB_LGA,1,4,1168941.5963723557,0.0,1130846.4
3873,CMD-063,PPGI_CRMB_LGA,1,2,1648941.5963723557,0.0,1648941.6
3874,CMD-063,PPGI_CRMB_LGA,1,3,1389741.5963723557,0.0,1389741.6
3875,CMD-063,PPGI_CRMB_LGA,1,4,1130541.5963723557,0.0,1130541.6
3876,CMD-063,PPGI_CRMB_LGA,1,3,1408941.5963723557,0.0,1396243.2
3877,CMD-063,PPGI_CRMB_LGA,1,4,1149741.5963723557,0.0,1137043.2
3878,CMD-063,PPGI_CRMB_LGA,1,4,1168941.5963723557,0.0,1143544.8
3879,CMD-063,PPGI_CRMB_LGA,1,3,1408941.5963723557,0.0,1408941.6
3880,CMD-063,PPGI_CRMB_LGA,1,4,1149741.5963723557,0.0,1149741.6
3881,CMD-063,PPGI_CRMB_LGA,1,4,1168941.5963723557,0.0,1156243.2
3882,CMD-063,PPGI_CRMB_LGA,1,4,1168941.5963723557,0.0,1168941.6
3883,CMD-063,PPGI_CRMB_LGA,2,2,1648941.5963723557,0.0,1648941.6
3884,CMD-063,PPGI_CRMB_LGA,2,3,1389741.5963723557,0.0,1389741.6
3885,CMD-063,PPGI_CRMB_LGA,2,4,1130541.5963723557,0.0,1130541.6
3886,CMD-063,PPGI_CRMB_LGA,2,3,1408941.5963723557,0.0,1396243.2
3887,CMD-063,PPGI_CRMB_LGA,2,4,1149741.5963723557,0.0,1137043.2
3888,CMD-063,PPGI_CRMB_LGA,2,4,1168941.5963723557,0.0,1143544.8
3889,CMD-063,PPGI_CRMB_LGA,2,3,1408941.5963723557,0.0,1408941.6
3890,CMD-063,PPGI_CRMB_LGA,2,4,1149741.5963723557,0.0,1149741.6
3891,CMD-063,PPGI_CRMB_LGA,2,4,1168941.5963723557,0.0,1156243.2
3892,CMD-063,PPGI_CRMB_LGA,2,4,1168941.5963723557,0.0,1168941.6
3893,CMD-063,PPGI_CRMB_LGA,3,3,1408941.5963723557,0.0,1408941.6
3894,CMD-063,PPGI_CRMB_LGA,3,4,1149741.5963723557,0.0,1149741.6
3895,CMD-063,PPGI_CRMB_LGA,3,4,1168941.5963723557,0.0,1156243.2
3896,CMD-063,PPGI_CRMB_LGA,3,4,1168941.5963723557,0.0,1168941.6
3897,CMD-063,PPGI_CRMB_LGA,4,4,1168941.5963723557,0.0,1168941.6
3898,CMD-064,PPGI_CRMA_LGA,1,1,2146725.1006398713,0.0,2146725.1
3899,CMD-064,PPGI_CRMA_LGA,1,2,1865925.1006398713,0.0,1865925.1
3900,CMD-064,PPGI_CRMA_LGA,1,3,1585125.1006398713,0.0,1585125.1
3901,CMD-064,PPGI_CRMA_LGA,1,4,1304325.1006398713,0.0,1304325.1
3902,CMD-064,PPGI_CRMA_LGA,1,2,1886725.1006398713,0.0,1872968.5
3903,CMD-064,PPGI_CRMA_LGA,1,3,1605925.1006398713,0.0,1592168.5
3904,CMD-064,PPGI_CRMA_LGA,1,4,1325125.1006398713,0.0,1311368.5
3905,CMD-064,PPGI_CRMA_LGA,1,3,1626725.1006398713,0.0,1599211.9
3906,CMD-064,PPGI_CRMA_LGA,1,4,1345925.1006398713,0.0,1318411.9
3907,CMD-064,PPGI_CRMA_LGA,1,4,1366725.1006398713,0.0,1325455.3
3908,CMD-064,PPGI_CRMA_LGA,1,2,1886725.1006398713,0.0,1886725.1
3909,CMD-064,PPGI_CRMA_LGA,1,3,1605925.1006398713,0.0,1605925.1
3910,CMD-064,PPGI_CRMA_LGA,1,4,1325125.1006398713,0.0,1325125.1
3911,CMD-064,PPGI_CRMA_LGA,1,3,1626725.1006398713,0.0,1612968.5
3912,CMD-064,PPGI_CRMA_LGA,1,4,1345925.1006398713,0.0,1332168.5
3913,CMD-064,PPGI_CRMA_LGA,1,4,1366725.1006398713,0.0,1339211.9
3914,CMD-064,PPGI_CRMA_LGA,1,3,1626725.1006398713,0.0,1626725.1
3915,CMD-064,PPGI_CRMA_LGA,1,4,1345925.1006398713,0.0,1345925.1
3916,CMD-064,PPGI_CRMA_LGA,1,4,1366725.1006398713,0.0,1352968.5
3917,CMD-064,PPGI_CRMA_LGA,1,4,1366725.1006398713,0.0,1366725.1
3918,CMD-064,PPGI_CRMA_LGA,2,2,1886725.1006398713,0.0,1886725.1
3919,CMD-064,PPGI_CRMA_LGA,2,3,1605925.1006398713,0.0,1605925.1
3920,CMD-064,PPGI_CRMA_LGA,2,4,1325125.1006398713,0.0,1325125.1
3921,CMD-064,PPGI_CRMA_LGA,2,3,1626725.1006398713,0.0,1612968.5
3922,CMD-064,PPGI_CRMA_LGA,2,4,1345925.1006398713,0.0,1332168.5
3923,CMD-064,PPGI_CRMA_LGA,2,4,1366725.1006398713,0.0,1339211.9
3924,CMD-064,PPGI_CRMA_LGA,2,3,1626725.1006398713,0.0,1626725.1
3925,CMD-064,PPGI_CRMA_LGA,2,4,1345925.1006398713,0.0,1345925.1
3926,CMD-064,PPGI_CRMA_LGA,2,4,1366725.1006398713,0.0,1352968.5
3927,CMD-064,PPGI_CRMA_LGA,2,4,1366725.1006398713,0.0,1366725.1
3928,CMD-064,PPGI_CRMA_LGA,3,3,1626725.1006398713,0.0,1626725.1
3929,CMD-064,PPGI_CRMA_LGA,3,4,1345925.1006398713,0.0,1345925.1
3930,CMD-064,PPGI_CRMA_LGA,3,4,1366725.1006398713,0.0,1352968.5
3931,CMD-064,PPGI_CRMA_LGA,3,4,1366725.1006398713,0.0,1366725.1
3932,CMD-064,PPGI_CRMA_LGA,4,4,1366725.1006398713,0.0,1366725.1
3933,CMD-064,PPGI_CRMB_LGA,1,1,2172306.3605531175,1.0,2172306.4
3934,CMD-064,PPGI_CRMB_LGA,1,2,1891506.3605531175,0.0,1891506.4
3935,CMD-064,PPGI_CRMB_LGA,1,3,1610706.3605531175,0.0,1610706.4
3936,CMD-064,PPGI_CRMB_LGA,1,4,1329906.3605531175,0.0,1329906.4
3937,CMD-064,PPGI_CRMB_LGA,1,2,1912306.3605531175,0.0,1898549.7
3938,CMD-064,PPGI_CRMB_LGA,1,3,1631506.3605531175,0.0,1617749.7
3939,CMD-064,PPGI_CRMB_LGA,1,4,1350706.3605531175,0.0,1336949.7
3940,CMD-064,PPGI_CRMB_LGA,1,3,1652306.3605531175,0.0,1624793.1
3941,CMD-064,PPGI_CRMB_LGA,1,4,1371506.3605531175,0.0,1343993.1
3942,CMD-064,PPGI_CRMB_LGA,1,4,1392306.3605531175,0.0,1351036.5
3943,CMD-064,PPGI_CRMB_LGA,1,2,1912306.3605531175,0.0,1912306.4
3944,CMD-064,PPGI_CRMB_LGA,1,3,1631506.3605531175,0.0,1631506.4
3945,CMD-064,PPGI_CRMB_LGA,1,4,1350706.3605531175,0.0,1350706.4
3946,CMD-064,PPGI_CRMB_LGA,1,3,1652306.3605531175,0.0,1638549.7
3947,CMD-064,PPGI_CRMB_LGA,1,4,1371506.3605531175,0.0,1357749.7
3948,CMD-064,PPGI_CRMB_LGA,1,4,1392306.3605531175,0.0,1364793.1
3949,CMD-064,PPGI_CRMB_LGA,1,3,1652306.3605531175,0.0,1652306.4
3950,CMD-064,PPGI_CRMB_LGA,1,4,1371506.3605531175,0.0,1371506.4
3951,CMD-064,PPGI_CRMB_LGA,1,4,1392306.3605531175,0.0,1378549.7
3952,CMD-064,PPGI_CRMB_LGA,1,4,1392306.3605531175,0.0,1392306.4
3953,CMD-064,PPGI_CRMB_LGA,2,2,1912306.3605531175,0.0,1912306.4
3954,CMD-064,PPGI_CRMB_LGA,2,3,1631506.3605531175,0.0,1631506.4
3955,CMD-064,PPGI_CRMB_LGA,2,4,1350706.3605531175,0.0,1350706.4
3956,CMD-064,PPGI_CRMB_LGA,2,3,1652306.3605531175,0.0,1638549.7
3957,CMD-064,PPGI_CRMB_LGA,2,4,1371506.3605531175,0.0,1357749.7
3958,CMD-064,PPGI_CRMB_LGA,2,4,1392306.3605531175,0.0,1364793.1
3959,CMD-064,PPGI_CRMB_LGA,2,3,1652306.3605531175,0.0,1652306.4
3960,CMD-064,PPGI_CRMB_LGA,2,4,1371506.3605531175,0.0,1371506.4
3961,CMD-064,PPGI_CRMB_LGA,2,4,1392306.3605531175,0.0,1378549.7
3962,CMD-064,PPGI_CRMB_LGA,2,4,1392306.3605531175,0.0,1392306.4
3963,CMD-064,PPGI_CRMB_LGA,3,3,1652306.3605531175,0.0,1652306.4
3964,CMD-064,PPGI_CRMB_LGA,3,4,1371506.3605531175,0.0,1371506.4
3965,CMD-064,PPGI_CRMB_LGA,3,4,1392306.3605531175,0.0,1378549.7
3966,CMD-064,PPGI_CRMB_LGA,3,4,1392306.3605531175,0.0,1392306.4
3967,CMD-064,PPGI_CRMB_LGA,4,4,1392306.3605531175,0.0,1392306.4
3968,CMD-065,HDG_CRMA_LGA,1,1,1757888.6481029897,0.0,1757888.6
3969,CMD-065,HDG_CRMA_LGA,1,2,1369088.6481029897,0.0,1369088.6
3970,CMD-065,HDG_CRMA_LGA,1,3,980288.6481029897,0.0,980288.65
3971,CMD-065,HDG_CRMA_LGA,1,4,591488.6481029897,0.0,591488.65
3972,CMD-065,HDG_CRMA_LGA,1,2,1397888.6481029897,0.0,1378841.0
3973,CMD-065,HDG_CRMA_LGA,1,3,1009088.6481029897,0.0,990041.03
3974,CMD-065,HDG_CRMA_LGA,1,4,620288.6481029897,0.0,601241.03
3975,CMD-065,HDG_CRMA_LGA,1,3,1037888.6481029897,0.0,999793.41
3976,CMD-065,HDG_CRMA_LGA,1,4,649088.6481029897,0.0,610993.41
3977,CMD-065,HDG_CRMA_LGA,1,4,677888.6481029897,0.0,620745.79
3978,CMD-065,HDG_CRMA_LGA,1,2,1397888.6481029897,0.0,1397888.6
3979,CMD-065,HDG_CRMA_LGA,1,3,1009088.6481029897,0.0,1009088.6
3980,CMD-065,HDG_CRMA_LGA,1,4,620288.6481029897,0.0,620288.65
3981,CMD-065,HDG_CRMA_LGA,1,3,1037888.6481029897,0.0,1018841.0
3982,CMD-065,HDG_CRMA_LGA,1,4,649088.6481029897,0.0,630041.03
3983,CMD-065,HDG_CRMA_LGA,1,4,677888.6481029897,0.0,639793.41
3984,CMD-065,HDG_CRMA_LGA,1,3,1037888.6481029897,0.0,1037888.6
3985,CMD-065,HDG_CRMA_LGA,1,4,649088.6481029897,0.0,649088.65
3986,CMD-065,HDG_CRMA_LGA,1,4,677888.6481029897,0.0,658841.03
3987,CMD-065,HDG_CRMA_LGA,1,4,677888.6481029897,0.0,677888.65
3988,CMD-065,HDG_CRMA_LGA,2,2,1397888.6481029897,0.0,1397888.6
3989,CMD-065,HDG_CRMA_LGA,2,3,1009088.6481029897,0.0,1009088.6
3990,CMD-065,HDG_CRMA_LGA,2,4,620288.6481029897,0.0,620288.65
3991,CMD-065,HDG_CRMA_LGA,2,3,1037888.6481029897,0.0,1018841.0
3992,CMD-065,HDG_CRMA_LGA,2,4,649088.6481029897,0.0,630041.03
3993,CMD-065,HDG_CRMA_LGA,2,4,677888.6481029897,0.0,639793.41
3994,CMD-065,HDG_CRMA_LGA,2,3,1037888.6481029897,0.0,1037888.6
3995,CMD-065,HDG_CRMA_LGA,2,4,649088.6481029897,0.0,649088.65
3996,CMD-065,HDG_CRMA_LGA,2,4,677888.6481029897,0.0,658841.03
3997,CMD-065,HDG_CRMA_LGA,2,4,677888.6481029897,0.0,677888.65
3998,CMD-065,HDG_CRMA_LGA,3,3,1037888.6481029897,0.0,1037888.6
3999,CMD-065,HDG_CRMA_LGA,3,4,649088.6481029897,0.0,649088.65
4000,CMD-065,HDG_CRMA_LGA,3,4,677888.6481029897,0.0,658841.03
4001,CMD-065,HDG_CRMA_LGA,3,4,677888.6481029897,0.0,677888.65
4002,CMD-065,HDG_CRMA_LGA,4,4,677888.6481029897,0.0,677888.65
4003,CMD-065,HDG_CRMB_LGA,1,1,1793081.9761319137,1.0,1793082.0
4004,CMD-065,HDG_CRMB_LGA,1,2,1404281.9761319137,0.0,1404282.0
4005,CMD-065,HDG_CRMB_LGA,1,3,1015481.9761319137,0.0,1015482.0
4006,CMD-065,HDG_CRMB_LGA,1,4,626681.9761319137,0.0,626681.98
4007,CMD-065,HDG_CRMB_LGA,1,2,1433081.9761319137,0.0,1414034.4
4008,CMD-065,HDG_CRMB_LGA,1,3,1044281.9761319137,0.0,1025234.4
4009,CMD-065,HDG_CRMB_LGA,1,4,655481.9761319137,0.0,636434.36
4010,CMD-065,HDG_CRMB_LGA,1,3,1073081.9761319137,0.0,1034986.7
4011,CMD-065,HDG_CRMB_LGA,1,4,684281.9761319137,0.0,646186.74
4012,CMD-065,HDG_CRMB_LGA,1,4,713081.9761319137,0.0,655939.12
4013,CMD-065,HDG_CRMB_LGA,1,2,1433081.9761319137,0.0,1433082.0
4014,CMD-065,HDG_CRMB_LGA,1,3,1044281.9761319137,0.0,1044282.0
4015,CMD-065,HDG_CRMB_LGA,1,4,655481.9761319137,0.0,655481.98
4016,CMD-065,HDG_CRMB_LGA,1,3,1073081.9761319137,0.0,1054034.4
4017,CMD-065,HDG_CRMB_LGA,1,4,684281.9761319137,0.0,665234.36
4018,CMD-065,HDG_CRMB_LGA,1,4,713081.9761319137,0.0,674986.74
4019,CMD-065,HDG_CRMB_LGA,1,3,1073081.9761319137,0.0,1073082.0
4020,CMD-065,HDG_CRMB_LGA,1,4,684281.9761319137,0.0,684281.98
4021,CMD-065,HDG_CRMB_LGA,1,4,713081.9761319137,0.0,694034.36
4022,CMD-065,HDG_CRMB_LGA,1,4,713081.9761319137,0.0,713081.98
4023,CMD-065,HDG_CRMB_LGA,2,2,1433081.9761319137,0.0,1433082.0
4024,CMD-065,HDG_CRMB_LGA,2,3,1044281.9761319137,0.0,1044282.0
4025,CMD-065,HDG_CRMB_LGA,2,4,655481.9761319137,0.0,655481.98
4026,CMD-065,HDG_CRMB_LGA,2,3,1073081.9761319137,0.0,1054034.4
4027,CMD-065,HDG_CRMB_LGA,2,4,684281.9761319137,0.0,665234.36
4028,CMD-065,HDG_CRMB_LGA,2,4,713081.9761319137,0.0,674986.74
4029,CMD-065,HDG_CRMB_LGA,2,3,1073081.9761319137,0.0,1073082.0
4030,CMD-065,HDG_CRMB_LGA,2,4,684281.9761319137,0.0,684281.98
4031,CMD-065,HDG_CRMB_LGA,2,4,713081.9761319137,0.0,694034.36
4032,CMD-065,HDG_CRMB_LGA,2,4,713081.9761319137,0.0,713081.98
4033,CMD-065,HDG_CRMB_LGA,3,3,1073081.9761319137,0.0,1073082.0
4034,CMD-065,HDG_CRMB_LGA,3,4,684281.9761319137,0.0,684281.98
4035,CMD-065,HDG_CRMB_LGA,3,4,713081.9761319137,0.0,694034.36
4036,CMD-065,HDG_CRMB_LGA,3,4,713081.9761319137,0.0,713081.98
4037,CMD-065,HDG_CRMB_LGA,4,4,713081.9761319137,0.0,713081.98
4038,CMD-066,HDG_CRMA_LGB,1,1,1109373.9234190527,0.0,1109373.9
4039,CMD-066,HDG_CRMA_LGB,1,2,1087773.9234190527,0.0,1087773.9
4040,CMD-066,HDG_CRMA_LGB,1,3,796173.9234190527,0.0,796173.92
4041,CMD-066,HDG_CRMA_LGB,1,4,504573.92341905273,0.0,504573.92
4042,CMD-066,HDG_CRMA_LGB,1,2,1109373.9234190527,0.0,1095163.4
4043,CMD-066,HDG_CRMA_LGB,1,3,817773.9234190527,0.0,803563.4
4044,CMD-066,HDG_CRMA_LGB,1,4,526173.9234190527,0.0,511963.4
4045,CMD-066,HDG_CRMA_LGB,1,3,839373.9234190527,0.0,810952.87
4046,CMD-066,HDG_CRMA_LGB,1,4,547773.9234190527,0.0,519352.87
4047,CMD-066,HDG_CRMA_LGB,1,4,569373.9234190527,0.0,526742.34
4048,CMD-066,HDG_CRMA_LGB,1,2,1109373.9234190527,0.0,1109373.9
4049,CMD-066,HDG_CRMA_LGB,1,3,817773.9234190527,0.0,817773.92
4050,CMD-066,HDG_CRMA_LGB,1,4,526173.9234190527,0.0,526173.92
4051,CMD-066,HDG_CRMA_LGB,1,3,839373.9234190527,0.0,825163.4
4052,CMD-066,HDG_CRMA_LGB,1,4,547773.9234190527,0.0,533563.4
4053,CMD-066,HDG_CRMA_LGB,1,4,569373.9234190527,0.0,540952.87
4054,CMD-066,HDG_CRMA_LGB,1,3,839373.9234190527,0.0,839373.92
4055,CMD-066,HDG_CRMA_LGB,1,4,547773.9234190527,0.0,547773.92
4056,CMD-066,HDG_CRMA_LGB,1,4,569373.9234190527,0.0,555163.4
4057,CMD-066,HDG_CRMA_LGB,1,4,569373.9234190527,0.0,569373.92
4058,CMD-066,HDG_CRMA_LGB,2,2,1109373.9234190527,0.0,1109373.9
4059,CMD-066,HDG_CRMA_LGB,2,3,817773.9234190527,0.0,817773.92
4060,CMD-066,HDG_CRMA_LGB,2,4,526173.9234190527,0.0,526173.92
4061,CMD-066,HDG_CRMA_LGB,2,3,839373.9234190527,0.0,825163.4
4062,CMD-066,HDG_CRMA_LGB,2,4,547773.9234190527,0.0,533563.4
4063,CMD-066,HDG_CRMA_LGB,2,4,569373.9234190527,0.0,540952.87
4064,CMD-066,HDG_CRMA_LGB,2,3,839373.9234190527,0.0,839373.92
4065,CMD-066,HDG_CRMA_LGB,2,4,547773.9234190527,0.0,547773.92
4066,CMD-066,HDG_CRMA_LGB,2,4,569373.9234190527,0.0,555163.4
4067,CMD-066,HDG_CRMA_LGB,2,4,569373.9234190527,0.0,569373.92
4068,CMD-066,HDG_CRMA_LGB,3,3,839373.9234190527,0.0,839373.92
4069,CMD-066,HDG_CRMA_LGB,3,4,547773.9234190527,0.0,547773.92
4070,CMD-066,HDG_CRMA_LGB,3,4,569373.9234190527,0.0,555163.4
4071,CMD-066,HDG_CRMA_LGB,3,4,569373.9234190527,0.0,569373.92
4072,CMD-066,HDG_CRMA_LGB,4,4,569373.9234190527,0.0,569373.92
4073,CMD-066,HDG_CRMB_LGB,1,1,1135702.6698799955,0.0,1135702.7
4074,CMD-066,HDG_CRMB_LGB,1,2,1114102.6698799955,0.0,1114102.7
4075,CMD-066,HDG_CRMB_LGB,1,3,822502.6698799955,0.0,822502.67
4076,CMD-066,HDG_CRMB_LGB,1,4,530902.6698799955,0.0,530902.67
4077,CMD-066,HDG_CRMB_LGB,1,2,1135702.6698799955,0.0,1121492.1
4078,CMD-066,HDG_CRMB_LGB,1,3,844102.6698799955,0.0,829892.14
4079,CMD-066,HDG_CRMB_LGB,1,4,552502.6698799955,0.0,538292.14
4080,CMD-066,HDG_CRMB_LGB,1,3,865702.6698799955,0.0,837281.62
4081,CMD-066,HDG_CRMB_LGB,1,4,574102.6698799955,0.0,545681.62
4082,CMD-066,HDG_CRMB_LGB,1,4,595702.6698799955,0.0,553071.09
4083,CMD-066,HDG_CRMB_LGB,1,2,1135702.6698799955,0.0,1135702.7
4084,CMD-066,HDG_CRMB_LGB,1,3,844102.6698799955,0.0,844102.67
4085,CMD-066,HDG_CRMB_LGB,1,4,552502.6698799955,0.0,552502.67
4086,CMD-066,HDG_CRMB_LGB,1,3,865702.6698799955,0.0,851492.14
4087,CMD-066,HDG_CRMB_LGB,1,4,574102.6698799955,0.0,559892.14
4088,CMD-066,HDG_CRMB_LGB,1,4,595702.6698799955,0.0,567281.62
4089,CMD-066,HDG_CRMB_LGB,1,3,865702.6698799955,0.0,865702.67
4090,CMD-066,HDG_CRMB_LGB,1,4,574102.6698799955,0.0,574102.67
4091,CMD-066,HDG_CRMB_LGB,1,4,595702.6698799955,0.0,581492.14
4092,CMD-066,HDG_CRMB_LGB,1,4,595702.6698799955,0.0,595702.67
4093,CMD-066,HDG_CRMB_LGB,2,2,1135702.6698799955,1.0,1135702.7
4094,CMD-066,HDG_CRMB_LGB,2,3,844102.6698799955,0.0,844102.67
4095,CMD-066,HDG_CRMB_LGB,2,4,552502.6698799955,0.0,552502.67
4096,CMD-066,HDG_CRMB_LGB,2,3,865702.6698799955,0.0,851492.14
4097,CMD-066,HDG_CRMB_LGB,2,4,574102.6698799955,0.0,559892.14
4098,CMD-066,HDG_CRMB_LGB,2,4,595702.6698799955,0.0,567281.62
4099,CMD-066,HDG_CRMB_LGB,2,3,865702.6698799955,0.0,865702.67
4100,CMD-066,HDG_CRMB_LGB,2,4,574102.6698799955,0.0,574102.67
4101,CMD-066,HDG_CRMB_LGB,2,4,595702.6698799955,0.0,581492.14
4102,CMD-066,HDG_CRMB_LGB,2,4,595702.6698799955,0.0,595702.67
4103,CMD-066,HDG_CRMB_LGB,3,3,865702.6698799955,0.0,865702.67
4104,CMD-066,HDG_CRMB_LGB,3,4,574102.6698799955,0.0,574102.67
4105,CMD-066,HDG_CRMB_LGB,3,4,595702.6698799955,0.0,581492.14
4106,CMD-066,HDG_CRMB_LGB,3,4,595702.6698799955,0.0,595702.67
4107,CMD-066,HDG_CRMB_LGB,4,4,595702.6698799955,0.0,595702.67
